name,ra,rp,ratio,T,vt,family,method,denom,h,e_phase,energy_max,energy_final,L_max,pericentre_error,apocentre_error,angular_phase_error
ra0.05_q1,0.05,0.05,1.0,1.4752110935185525,0.21295885499997996,circular,KDK,4,0.3688027733796381,1.6122995967498521,0.016482209111286693,0.000107638194586423,1.6291630380685229e-15,0.0,0.5891504521037335,-5.054633008118664
ra0.1_q1,0.1,0.1,1.0,2.1856094184751425,0.28747978728803447,circular,KDK,4,0.5464023546187856,2.1435969156343515,0.15886473515211652,0.15886473515211652,1.4482188057878893e-15,-0.1557136149589032,2.5058710258323758,-12.263682977065343
ra0.3_q1,0.3,0.3,1.0,4.473875023445472,0.4213250442347431,circular,KDK,4,1.118468755861368,3.82734337064578,0.5074910051985773,0.24060846394986413,4.3917914043525304e-16,-0.1429774315882737,4.812634629974733,-27.34852917660246
ra1_q1,1.0,1.0,1.0,12.566370614359172,0.5,circular,KDK,4,3.141592653589793,2.7545291508765124,0.7678904254878058,0.3023363226176179,4.440892098500626e-16,-0.10378950144718246,6.704554120569574,-39.566659134396815
ra3_q1,3.0,3.0,1.0,43.531184741621225,0.43301270189221935,circular,KDK,4,10.882796185405306,65.39561876375195,1.9907287525215573,1.8756936977855019,1.401626135852909e-14,-0.029686684281383584,65.22732085448753,-55.98036216784166
ra10_q1,10.0,10.0,1.0,218.56094184751421,0.28747978728803447,circular,KDK,4,54.640235461878554,3.921206209525932,0.7307323298679141,0.5133366464202969,4.634300178521245e-16,-0.0006417849803536768,3.690028335097093,-45.654075094364686
ra0.1_q0.5,0.1,0.05,0.5,1.1061450642821737,0.16988239714587516,moderate,KDK,4,0.27653626607054344,0.3056464590812792,0.014321145041514242,0.014321145041514242,4.0845278972305273e-16,0.15464290777833026,0.1810077674692885,0.18220619793615356
ra0.1_q0.2,0.1,0.020000000000000004,0.2,1.005453905542719,0.07708288167714672,moderate,KDK,4,0.25136347638567974,2.1598945398756992,0.1832509825351704,0.17473756304253119,1.2377558947307903e-15,-0.24929130790628393,2.4287409814360097,-11.137310713576692
ra0.1_q0.05,0.1,0.005000000000000001,0.05,0.9725683631518718,0.020754438065228763,strong,KDK,4,0.24314209078796795,2.354550103278382,0.1436817718057039,0.10386968053306364,3.7612464463559485e-15,0.18849063564982718,1.8017363525346899,-8.832988325396649
ra1_q0.5,1.0,0.5,0.5,6.59182096351981,0.3333333333333333,moderate,KDK,4,1.6479552408799525,2.32522145989449,0.088385916298428,0.02327061630717811,4.996003610813204e-16,0.19350025144138527,0.22854057950723528,-2.5481181248816682
ra1_q0.2,1.0,0.2,0.2,5.515082090672513,0.16666666666666669,moderate,KDK,4,1.3787705226681282,9.81823027984979,1.8477055575410992,1.7907371279495907,9.992007221626407e-15,0.461093802989076,9.202398107035204,-19.694284388754312
ra1_q0.05,1.0,0.05,0.05,5.179202175205102,0.047619047619047616,strong,KDK,4,1.2948005438012755,54.362019652474466,2.1863074315422155,2.140242441353393,2.354783035229957e-13,1.0545482563719268,54.20402790060477,-30.93268355492422
ra10_q0.5,10.0,5.0,0.5,131.83549189152566,0.22473328748774737,moderate,KDK,4,32.958872972881416,1.1394949137093544,0.07866309146964069,0.06755728941015768,3.952144471470651e-16,0.6500478269023692,0.12095517953265755,-11.476789773968683
ra10_q0.2,10.0,2.0,0.2,96.3165263651157,0.14213381090374028,moderate,KDK,4,24.079131591278927,69.05055502248484,4.48402212369914,4.36727855712985,4.671044591743742e-14,1.1020239588679304,67.03675435327159,-47.37682093485456
ra10_q0.05,10.0,0.5,0.05,82.26046778076812,0.05372153093502534,strong,KDK,4,20.56511694519203,164.65951345774513,25.74096706991835,25.700825904409935,1.3154073290066763e-12,3.598629430752367,163.18219654063324,-39.57881517709655
ra0.05_q1,0.05,0.05,1.0,1.4752110935185525,0.21295885499997996,circular,S4G,4,0.3688027733796381,0.19786267338454547,3.3613758066620403e-06,7.968729800218022e-07,1.140414126647966e-15,-0.006841963189049283,0.0,-0.14210845760798918
ra0.1_q1,0.1,0.1,1.0,2.1856094184751425,0.28747978728803447,circular,S4G,4,0.5464023546187856,0.25588708741496524,4.724137970305417e-06,8.982749239676885e-08,6.034245024116205e-16,-0.005907599786757617,0.0,-0.1805170883177496
ra0.3_q1,0.3,0.3,1.0,4.473875023445472,0.4213250442347431,circular,S4G,4,1.118468755861368,0.5371205067870995,7.796376516368337e-07,4.8125895195553266e-08,4.3917914043525304e-16,-0.0015320493676209321,0.0,-0.38240392003612556
ra1_q1,1.0,1.0,1.0,12.566370614359172,0.5,circular,S4G,4,3.141592653589793,1.4532961202735781,0.00010444991646825959,6.48329132226048e-05,3.3306690738754696e-16,0.0,0.012654642143866468,-1.075725475249918
ra3_q1,3.0,3.0,1.0,43.531184741621225,0.43301270189221935,circular,S4G,4,10.882796185405306,2.5545124444509093,0.000964012529615843,0.0009373738457721714,5.127900497022837e-16,0.0,0.03378022122431101,-2.2488801726155643
ra10_q1,10.0,10.0,1.0,218.56094184751421,0.28747978728803447,circular,S4G,4,54.640235461878554,2.7990679269294283,0.0027481877108776623,0.00027684028730049973,6.179066904694994e-16,0.0,0.05574764562920968,-3.4220161249529184
ra0.1_q0.5,0.1,0.05,0.5,1.1061450642821737,0.16988239714587516,moderate,S4G,4,0.27653626607054344,0.4189193155951668,0.002616920742127537,0.00226325224426992,1.0211319743076319e-15,-0.03095997578579507,0.0395091327548433,-0.34988665464956625
ra0.1_q0.2,0.1,0.020000000000000004,0.2,1.005453905542719,0.07708288167714672,moderate,S4G,4,0.25136347638567974,0.44307294770447114,0.003489131871269829,0.0016967875788184135,1.2377558947307903e-15,0.0144869384178823,0.020528013140489743,-0.42553121233157754
ra0.1_q0.05,0.1,0.005000000000000001,0.05,0.9725683631518718,0.020754438065228763,strong,S4G,4,0.24314209078796795,1.5384856931941435,0.048044392575541606,0.04070419409642962,1.6716650872693105e-15,0.0792882647819612,0.3075579354558139,3.56901071054331
ra1_q0.5,1.0,0.5,0.5,6.59182096351981,0.3333333333333333,moderate,S4G,4,1.6479552408799525,1.4377005795947797,0.021070819334090843,0.018547077186895827,4.996003610813204e-16,-0.02889474046792906,0.0663965473023973,-1.2549247535761552
ra1_q0.2,1.0,0.2,0.2,5.515082090672513,0.16666666666666669,moderate,S4G,4,1.3787705226681282,3.4073673157192115,0.5096490917451704,0.5070255771202603,2.498001805406602e-15,0.08959390575059928,2.0827670391241724,-14.271858300605889
ra1_q0.05,1.0,0.05,0.05,5.179202175205102,0.047619047619047616,strong,S4G,4,1.2948005438012755,2.0158952153856573,0.9899195832514894,0.982911943729739,6.265821195228227e-15,0.18995950163019748,0.7897314131994257,-5.581811344972262
ra10_q0.5,10.0,5.0,0.5,131.83549189152566,0.22473328748774737,moderate,S4G,4,32.958872972881416,0.13901571686593092,0.0705530372222012,0.0019525873595315254,7.904288942941302e-16,0.07097539077794668,0.146135883622531,-6.393811630406063
ra10_q0.2,10.0,2.0,0.2,96.3165263651157,0.14213381090374028,moderate,S4G,4,24.079131591278927,25.60300590981094,1.8263168107278647,1.7462947321243716,1.6559556077753733e-14,0.4516195041098472,25.168386333349066,-44.87059861379059
ra10_q0.05,10.0,0.5,0.05,82.26046778076812,0.05372153093502534,strong,S4G,4,20.56511694519203,141.15199196285738,19.19339004972706,19.19199778362221,1.2856479173213721e-12,1.1287962947218468,140.0757730469431,-39.19446061234352
ra0.05_q1,0.05,0.05,1.0,1.4752110935185525,0.21295885499997996,circular,KDK,6,0.24586851558642542,1.3940550748140161,0.0028113712333898808,0.00048475340291419695,1.3033304304548183e-15,0.0,0.22915258485892806,-1.0940468234217988
ra0.1_q1,0.1,0.1,1.0,2.1856094184751425,0.28747978728803447,circular,KDK,6,0.36426823641252376,1.93911887548176,0.0054965914118494785,0.0053796577982951795,4.827396019292964e-16,0.0,0.23422253075016206,-1.4946488318323787
ra0.3_q1,0.3,0.3,1.0,4.473875023445472,0.4213250442347431,circular,KDK,6,0.7456458372409119,2.8594529000917266,0.015301972116958117,0.01307505055005134,6.587687106528795e-16,0.0,0.25595302702689265,-2.899174139998614
ra1_q1,1.0,1.0,1.0,12.566370614359172,0.5,circular,KDK,6,2.0943951023931953,0.8204480401970662,0.04142081017982827,0.012599838066526203,1.4432899320127035e-15,0.0,0.3079411035397219,-6.7672245621575655
ra3_q1,3.0,3.0,1.0,43.531184741621225,0.43301270189221935,circular,KDK,6,7.2551974569368705,0.8491340691529262,0.07953665134471759,0.06762349542963672,1.0255800994045674e-15,0.0,0.41525697132069733,-12.138123378769308
ra10_q1,10.0,10.0,1.0,218.56094184751421,0.28747978728803447,circular,KDK,6,36.42682364125237,2.8531342081395454,0.11331629796306246,0.08053219383439218,1.0813367083216238e-15,0.0,0.49845595562143574,-15.711243746092016
ra0.1_q0.5,0.1,0.05,0.5,1.1061450642821737,0.16988239714587516,moderate,KDK,6,0.18435751071369563,0.30191638573868146,0.0053011799941318615,0.0013579254779026882,6.126791845845791e-16,0.07907330748419192,0.0,0.1866313592804616
ra0.1_q0.2,0.1,0.020000000000000004,0.2,1.005453905542719,0.07708288167714672,moderate,KDK,6,0.16757565092378648,1.6193186105669655,0.10223328579364772,0.10223328579364772,1.6878489473601687e-15,-0.13638448883137463,1.2697861935024461,-6.85390477615481
ra0.1_q0.05,0.1,0.005000000000000001,0.05,0.9725683631518718,0.020754438065228763,strong,KDK,6,0.16209472719197862,1.4012847112729931,0.07211779471799966,0.05091681348503666,2.9254139027212937e-15,-0.04006100179399819,0.8222238627754258,-6.57982864019457
ra1_q0.5,1.0,0.5,0.5,6.59182096351981,0.3333333333333333,moderate,KDK,6,1.0986368272533016,1.2038617607406497,0.04923052686758746,0.00033510825019837653,8.326672684688674e-16,0.1419459592097625,0.048908925432083805,-0.9044634699388823
ra1_q0.2,1.0,0.2,0.2,5.515082090672513,0.16666666666666669,moderate,KDK,6,0.9191803484454187,5.585514429890739,0.7334431017305761,0.6733730359658455,4.32986979603811e-15,0.255762290564458,3.5689455872993667,-15.500891770634333
ra1_q0.05,1.0,0.05,0.05,5.179202175205102,0.047619047619047616,strong,KDK,6,0.8632003625341836,23.23668320235934,1.0980970833756374,1.0596884766962114,1.4134526882259024e-13,0.5174778979487615,23.086802930068597,-30.89255739154736
ra10_q0.5,10.0,5.0,0.5,131.83549189152566,0.22473328748774737,moderate,KDK,6,21.972581981920943,1.1206461445106064,0.1210169864617386,0.04100070388946468,3.952144471470651e-16,0.3514682799981834,0.06416473232169384,-6.992102891873564
ra10_q0.2,10.0,2.0,0.2,96.3165263651157,0.14213381090374028,moderate,KDK,6,16.05275439418595,54.317353561325184,3.180470927082802,3.0096174958309607,1.171666703614651e-14,0.7193606418719567,52.289384930264134,-47.25617439772853
ra10_q0.05,10.0,0.5,0.05,82.26046778076812,0.05372153093502534,strong,KDK,6,13.710077963461353,167.21617283417527,26.543469697223287,26.48561828079032,1.8471501503003412e-12,2.3994238474792735,165.83648276204084,-39.474801689706155
ra0.05_q1,0.05,0.05,1.0,1.4752110935185525,0.21295885499997996,circular,S4G,6,0.24586851558642542,0.036321179917694964,1.2415132381417518e-07,3.258666019949781e-09,8.145815190342614e-16,-0.0013223984601032357,0.0,-0.025863169626894944
ra0.1_q1,0.1,0.1,1.0,2.1856094184751425,0.28747978728803447,circular,S4G,6,0.36426823641252376,0.047728492463170694,1.8225251349572129e-07,6.294342398087999e-08,1.9309584077171856e-15,-0.0011627200511614422,0.0,-0.0332857981697785
ra0.3_q1,0.3,0.3,1.0,4.473875023445472,0.4213250442347431,circular,S4G,6,0.7456458372409119,0.10693908883510975,5.378799656206314e-08,1.5912164445978144e-09,6.587687106528795e-16,-0.000402905342535842,0.0,-0.07558102905174024
ra1_q1,1.0,1.0,1.0,12.566370614359172,0.5,circular,S4G,6,2.0943951023931953,0.3380615711833031,4.125533922039182e-06,9.2986048239041e-07,6.661338147750939e-16,0.0,0.0024928545929172596,-0.23888837070812485
ra3_q1,3.0,3.0,1.0,43.531184741621225,0.43301270189221935,circular,S4G,6,7.2551974569368705,0.7763836710532332,5.5932068558206535e-05,3.447509056186959e-05,6.837200662697116e-16,0.0,0.007942165010366894,-0.5537770378383016
ra10_q1,10.0,10.0,1.0,218.56094184751421,0.28747978728803447,circular,S4G,6,36.42682364125237,1.2657950097348962,0.00018978989989734102,5.833171601131679e-06,1.0813367083216238e-15,0.0,0.014061457020413925,-0.9292948044845417
ra0.1_q0.5,0.1,0.05,0.5,1.1061450642821737,0.16988239714587516,moderate,S4G,6,0.18435751071369563,0.02951286169725051,0.00021723306185420296,0.00012775660515072364,8.169055794461055e-16,-0.002382986006289056,0.0020491578886380757,-0.02852885203994049
ra0.1_q0.2,0.1,0.020000000000000004,0.2,1.005453905542719,0.07708288167714672,moderate,S4G,6,0.16757565092378648,0.24639329809198277,0.0008928068828003754,3.434751284961793e-05,1.5753256842028242e-15,-0.0005070244034394502,0.010543064971344912,-0.2394600801911011
ra0.1_q0.05,0.1,0.005000000000000001,0.05,0.9725683631518718,0.020754438065228763,strong,S4G,6,0.16209472719197862,2.2407199197676513,0.042915195918198756,0.03673175597827156,3.7612464463559485e-15,0.043302888937137705,0.4738403171736652,-3.4265672433347447
ra1_q0.5,1.0,0.5,0.5,6.59182096351981,0.3333333333333333,moderate,S4G,6,1.0986368272533016,0.2962316547035613,0.005019880584922837,0.0019954064202810096,4.996003610813204e-16,-0.00976070552284658,0.011777305251043702,-0.24099704814972256
ra1_q0.2,1.0,0.2,0.2,5.515082090672513,0.16666666666666669,moderate,S4G,6,0.9191803484454187,0.6874290005459845,0.027057708486421042,0.00172195326970617,1.831867990631508e-15,0.02127514439405717,0.013573862758122113,-0.6655470647355628
ra1_q0.05,1.0,0.05,0.05,5.179202175205102,0.047619047619047616,strong,S4G,6,0.8632003625341836,1.6561001588079123,0.5101177400868857,0.01008023602324741,3.3514857555871913e-15,0.1111276404845675,0.030413813519657662,20.867151164155793
ra10_q0.5,10.0,5.0,0.5,131.83549189152566,0.22473328748774737,moderate,S4G,6,21.972581981920943,2.4787692861371298,0.03830520154032638,0.03830520154032638,3.952144471470651e-16,-0.011992273005788335,0.07837256165146674,-2.6094572575143644
ra10_q0.2,10.0,2.0,0.2,96.3165263651157,0.14213381090374028,moderate,S4G,6,16.05275439418595,25.580443126373787,2.3386640089561572,2.256710703677726,5.936444631647565e-15,0.2549599541205416,25.50807221652672,-25.2921337249581
ra10_q0.05,10.0,0.5,0.05,82.26046778076812,0.05372153093502534,strong,S4G,6,13.710077963461353,112.16410500506537,12.486335700002924,12.484023043386651,5.650154968584843e-13,0.7024777502905033,111.24319304435853,-39.065837331046
ra0.05_q1,0.05,0.05,1.0,1.4752110935185525,0.21295885499997996,circular,KDK,8,0.18440138668981906,0.5344074521045822,0.000821006702933033,7.412972314059755e-06,1.3033304304548183e-15,0.0,0.1159614070233736,-0.38874939584036383
ra0.1_q1,0.1,0.1,1.0,2.1856094184751425,0.28747978728803447,circular,KDK,8,0.2732011773093928,0.882440516242551,0.0016300837260765958,0.0013326519352053914,1.5689037062702134e-15,0.0,0.11930077850801912,-0.6674938347837767
ra0.3_q1,0.3,0.3,1.0,4.473875023445472,0.4213250442347431,circular,KDK,8,0.559234377930684,1.895395593227975,0.0047290822894247775,0.004046500705913069,6.587687106528795e-16,0.0,0.13136105443919985,-1.5002723764655173
ra1_q1,1.0,1.0,1.0,12.566370614359172,0.5,circular,KDK,8,1.5707963267948966,2.7950011633923633,0.013529608947387453,0.012762974308604846,1.1102230246251565e-15,0.0,0.1625349701919352,-3.5686942377210897
ra3_q1,3.0,3.0,1.0,43.531184741621225,0.43301270189221935,circular,KDK,8,5.441398092702653,0.2823830197104485,0.027332721929426283,0.027262553997378626,8.546500828371396e-16,0.0,0.20914149514215818,-6.354432142003375
ra10_q1,10.0,10.0,1.0,218.56094184751421,0.28747978728803447,circular,KDK,8,27.320117730939277,2.7078820787601705,0.04120498682595046,0.007229818767147155,1.5447667261737484e-15,0.0,0.2566497080085558,-8.787170093748458
ra0.1_q0.5,0.1,0.05,0.5,1.1061450642821737,0.16988239714587516,moderate,KDK,8,0.13826813303527172,0.1223686981715248,0.0030280131125381745,0.0001789856634120584,6.126791845845791e-16,0.04277660410219722,0.0,0.07240952994691696
ra0.1_q0.2,0.1,0.020000000000000004,0.2,1.005453905542719,0.07708288167714672,moderate,KDK,8,0.12568173819283987,0.6242929172484993,0.0117127367154305,0.0008692642781935389,6.751395789440675e-16,0.07986610941508597,0.0,0.43552853005905945
ra0.1_q0.05,0.1,0.005000000000000001,0.05,0.9725683631518718,0.020754438065228763,strong,KDK,8,0.12157104539398397,0.8282400013284654,0.033555264654673574,0.019753637569556618,2.9254139027212937e-15,0.1327745735520384,0.37732293859801175,0.6570539360393965
ra1_q0.5,1.0,0.5,0.5,6.59182096351981,0.3333333333333333,moderate,KDK,8,0.8239776204399762,0.48531844871851615,0.032279623989614065,0.005769265598903395,4.996003610813204e-16,0.07971710343311522,0.010687360860518913,-0.3567664509976183
ra1_q0.2,1.0,0.2,0.2,5.515082090672513,0.16666666666666669,moderate,KDK,8,0.6893852613340641,1.9655081680221367,0.13561292175972534,0.08866957821930585,9.992007221626407e-16,0.16277705144132126,0.1932345069747201,-4.407704968435532
ra1_q0.05,1.0,0.05,0.05,5.179202175205102,0.047619047619047616,strong,KDK,8,0.6474002719006378,2.3924820136347265,0.5920527471923783,0.2525527364935337,5.974387651264124e-15,0.3187633416947308,2.4380921825860793,-21.017107613418695
ra10_q0.5,10.0,5.0,0.5,131.83549189152566,0.22473328748774737,moderate,KDK,8,16.479436486440708,1.9925552158665836,0.11187049638329637,0.001330294902241539,1.5808577885882605e-15,0.22061566478409436,0.02729611048963232,-4.399633111912628
ra10_q0.2,10.0,2.0,0.2,96.3165263651157,0.14213381090374028,moderate,KDK,8,12.039565795639463,34.52951402677217,1.8918278095146916,1.7005612437440618,2.499555634377922e-15,0.5281300917215661,32.504914604493045,-47.12613046970533
ra10_q0.05,10.0,0.5,0.05,82.26046778076812,0.05372153093502534,strong,KDK,8,10.282558472596016,163.75027656003883,25.52983969182002,25.45325266802959,3.203063345212015e-12,1.7458062851601412,162.465522964688,-39.38172438634886
ra0.05_q1,0.05,0.05,1.0,1.4752110935185525,0.21295885499997996,circular,S4G,8,0.18440138668981906,0.011203376631938431,1.2117810818194265e-08,2.4475712676120784e-10,8.145815190342614e-16,-0.00041338448255684446,0.0,-0.007971414634866392
ra0.1_q1,0.1,0.1,1.0,2.1856094184751425,0.28747978728803447,circular,S4G,8,0.2732011773093928,0.014793164894382736,1.8152136052474958e-08,6.790011268586498e-09,1.4482188057878893e-15,-0.0003676196619586958,0.0,-0.010309576645035179
ra0.3_q1,0.3,0.3,1.0,4.473875023445472,0.4213250442347431,circular,S4G,8,0.559234377930684,0.03374547563970238,6.222780711973503e-09,2.563372779740764e-10,6.587687106528795e-16,-0.00013617897608212787,0.0,-0.02384050963220119
ra1_q1,1.0,1.0,1.0,12.566370614359172,0.5,circular,S4G,8,1.5707963267948966,0.11093609242531853,4.0886222970234104e-07,8.004099945798278e-08,7.771561172376096e-16,0.0,0.0007835307365557931,-0.07824408084302803
ra3_q1,3.0,3.0,1.0,43.531184741621225,0.43301270189221935,circular,S4G,8,5.441398092702653,0.2669997069294638,6.189166302306148e-06,3.300034289033249e-06,6.837200662697116e-16,0.0,0.002628929050600822,-0.1882733905736771
ra10_q1,10.0,10.0,1.0,218.56094184751421,0.28747978728803447,circular,S4G,8,27.320117730939277,0.4585495962169834,2.2602742534496886e-05,2.2377485696378294e-06,1.0813367083216238e-15,0.0,0.004813515410891434,-0.326457409942968
ra0.1_q0.5,0.1,0.05,0.5,1.1061450642821737,0.16988239714587516,moderate,S4G,8,0.13826813303527172,0.0035929713280012233,3.458824242867257e-05,3.1286879302236305e-06,6.126791845845791e-16,-0.00042879274450777216,4.945382183069169e-05,-0.003581433189943084
ra0.1_q0.2,0.1,0.020000000000000004,0.2,1.005453905542719,0.07708288167714672,moderate,S4G,8,0.12568173819283987,0.13038008031064138,0.0004406862330956087,1.593832366052174e-06,2.0254187368322027e-15,-0.002544665858377273,0.005205462996588639,-0.12584993480229656
ra0.1_q0.05,0.1,0.005000000000000001,0.05,0.9725683631518718,0.020754438065228763,strong,S4G,8,0.12157104539398397,0.15921353957953252,0.009627293499375852,0.00961726259748345,3.1343720386299574e-15,0.02328547563170465,0.04914319734055289,-0.11385985751233108
ra1_q0.5,1.0,0.5,0.5,6.59182096351981,0.3333333333333333,moderate,S4G,8,0.8239776204399762,0.040853806693345554,0.0009511400339507203,0.00043235187981209566,8.326672684688674e-16,-0.0017813912698851908,0.0013668393347132657,-0.035783745818349644
ra1_q0.2,1.0,0.2,0.2,5.515082090672513,0.16666666666666669,moderate,S4G,8,0.6893852613340641,0.44623925780148216,0.006733362838119066,0.0008787274472174772,1.4988010832439611e-15,0.00421345929260214,0.008120988851501698,-0.4253496489113999
ra1_q0.05,1.0,0.05,0.05,5.179202175205102,0.047619047619047616,strong,S4G,8,0.6474002719006378,2.822695379232488,0.7090321965187547,0.7074057338777662,1.3114509478384662e-15,0.07037142032919566,2.7086277503082896,0.1803405081236491
ra10_q0.5,10.0,5.0,0.5,131.83549189152566,0.22473328748774737,moderate,S4G,8,16.479436486440708,1.019417040099007,0.009423047981197849,0.005199753773163443,3.161715577176521e-15,-0.00819933208557,0.0192489490893637,-0.8309834974351205
ra10_q0.2,10.0,2.0,0.2,96.3165263651157,0.14213381090374028,moderate,S4G,8,12.039565795639463,17.82934124933645,1.1370989293347469,1.116876869065624,6.248889085944805e-16,0.13786931199320884,16.882697325307568,-42.493165974458286
ra10_q0.05,10.0,0.5,0.05,82.26046778076812,0.05372153093502534,strong,S4G,8,10.282558472596016,85.9784818022158,7.72275118666591,7.719566443657387,5.929149453134571e-13,0.5142268502080327,85.11681587871814,-39.03072257660543
ra0.05_q1,0.05,0.05,1.0,1.4752110935185525,0.21295885499997996,circular,KDK,12,0.12293425779321271,0.17407023642926783,0.00015933350936327348,4.67649957400026e-07,1.4662467342616707e-15,0.0,0.04900448689753201,-0.12095776312153816
ra0.1_q1,0.1,0.1,1.0,2.1856094184751425,0.28747978728803447,circular,KDK,12,0.18213411820626188,0.3261821670255374,0.00031852666710200213,0.00018419652862499507,1.206849004823241e-15,0.0,0.05042953603555986,-0.2496799174726263
ra0.3_q1,0.3,0.3,1.0,4.473875023445472,0.4213250442347431,circular,KDK,12,0.37282291862045597,0.8107432499160943,0.000946817136150806,0.00032816673073772523,1.7567165617410122e-15,0.0,0.05574293598847073,-0.60171901394299
ra1_q1,1.0,1.0,1.0,12.566370614359172,0.5,circular,KDK,12,1.0471975511965976,1.9217800556199192,0.0028903650062788167,0.00026160542001300396,6.661338147750939e-16,0.0,0.06984443548520236,-1.5073808792827066
ra3_q1,3.0,3.0,1.0,43.531184741621225,0.43301270189221935,circular,KDK,12,3.6275987284684352,2.794235648373175,0.006340514765212824,0.0001980011824537442,8.546500828371396e-16,0.0,0.09126922301469372,-2.838887905198767
ra10_q1,10.0,10.0,1.0,218.56094184751421,0.28747978728803447,circular,KDK,12,18.213411820626185,2.4836435063052886,0.01020260002003437,0.009977406445897135,7.723833630868742e-16,0.0,0.11321702944742836,-4.166959072335715
ra0.1_q0.5,0.1,0.05,0.5,1.1061450642821737,0.16988239714587516,moderate,KDK,12,0.09217875535684782,0.049288839608198784,0.0013804935912408553,2.252545083758495e-06,1.0211319743076319e-15,0.018435784056539534,0.0,0.028771973261548567
ra0.1_q0.2,0.1,0.020000000000000004,0.2,1.005453905542719,0.07708288167714672,moderate,KDK,12,0.08378782546189324,0.281820119259697,0.005577815026143081,0.0002934325833929297,1.0127093684161014e-15,0.03564966876587593,0.0,0.13300257113010616
ra0.1_q0.05,0.1,0.005000000000000001,0.05,0.9725683631518718,0.020754438065228763,strong,KDK,12,0.08104736359598931,1.1315280617798433,0.08338819466565228,0.08308544572294478,5.641869669533923e-15,-0.15100435333578185,0.9964712446968499,-6.717082816060461
ra1_q0.5,1.0,0.5,0.5,6.59182096351981,0.3333333333333333,moderate,KDK,12,0.5493184136266508,0.1532329109187443,0.01576762088549674,7.424993393773116e-05,8.326672684688674e-16,0.03457229112315541,3.4668994941533526e-07,-0.11924264715925403
ra1_q0.2,1.0,0.2,0.2,5.515082090672513,0.16666666666666669,moderate,KDK,12,0.45959017422270937,1.5340279006881814,0.1445741963289845,0.1445741963289845,2.498001805406602e-15,0.06163359445751915,0.1946793080024929,-0.6734018216688824
ra1_q0.05,1.0,0.05,0.05,5.179202175205102,0.047619047619047616,strong,KDK,12,0.4316001812670918,3.2014148627657337,0.6082157397285789,0.5662995451855861,8.014422459012849e-15,0.17273865056944115,2.790923618435278,-17.366646736631
ra10_q0.5,10.0,5.0,0.5,131.83549189152566,0.22473328748774737,moderate,KDK,12,10.986290990960471,2.191377256554531,0.07526586642528756,0.0006686625743194588,5.928216707205976e-16,0.10706039208724487,0.0012210373158822562,-2.0775474251787287
ra10_q0.2,10.0,2.0,0.2,96.3165263651157,0.14213381090374028,moderate,KDK,12,8.026377197092975,5.145543413783492,0.9746028380575018,0.8014768158554751,2.0308889529320614e-15,0.32604207826113396,5.027237184326409,-37.17304626723152
ra10_q0.05,10.0,0.5,0.05,82.26046778076812,0.05372153093502534,strong,KDK,12,6.855038981730677,148.1312616554211,21.14502509147192,21.026701676195515,1.7789514985215191e-12,1.0757890665689822,147.00464995897215,-39.23822613437175
ra0.05_q1,0.05,0.05,1.0,1.4752110935185525,0.21295885499997996,circular,S4G,12,0.12293425779321271,0.002173371671676204,4.6425213429665884e-10,8.692339531084665e-12,8.145815190342614e-16,-8.094426169932833e-05,0.0,-0.0015461267674865553
ra0.1_q1,0.1,0.1,1.0,2.1856094184751425,0.28747978728803447,circular,S4G,12,0.18213411820626188,0.0028785884845785024,7.036996086369419e-10,2.68752271231116e-10,4.827396019292964e-16,-7.24073751678933e-05,0.0,-0.002005554928828701
ra0.3_q1,0.3,0.3,1.0,4.473875023445472,0.4213250442347431,circular,S4G,12,0.37282291862045597,0.006644617203054247,2.7260264094362287e-10,1.190717959014651e-11,8.783582808705061e-16,-2.869199328736638e-05,0.0,-0.004693784371873733
ra1_q1,1.0,1.0,1.0,12.566370614359172,0.5,circular,S4G,12,1.0471975511965976,0.022397428459082356,1.5711167034027085e-08,2.9539772109880382e-09,1.2212453270876722e-15,0.0,0.000153496483273452,-0.015795056016834508
ra3_q1,3.0,3.0,1.0,43.531184741621225,0.43301270189221935,circular,S4G,12,3.6275987284684352,0.05532852502881486,2.5605697331343433e-07,1.28149086364715e-07,1.7093001656742792e-15,0.0,0.0005335654632155536,-0.038961169431921405
ra10_q1,10.0,10.0,1.0,218.56094184751421,0.28747978728803447,circular,S4G,12,18.213411820626185,0.09716197128920534,9.77557758391941e-07,1.3909281782141048e-07,9.26860035704249e-16,0.0,0.0009962335208459905,-0.06890622613202169
ra0.1_q0.5,0.1,0.05,0.5,1.1061450642821737,0.16988239714587516,moderate,S4G,12,0.09217875535684782,0.0002698709231024646,5.130700082508954e-06,3.729016954900552e-09,1.2253583691691582e-15,-6.544555647733374e-05,5.4400101090479325e-08,-0.0002639292217523348
ra0.1_q0.2,0.1,0.020000000000000004,0.2,1.005453905542719,0.07708288167714672,moderate,S4G,12,0.08378782546189324,0.031478344628737075,0.00020207695367354932,8.886281116739046e-05,1.5753256842028242e-15,-0.001412059211501268,0.0011576695584979146,-0.030057610838490234
ra0.1_q0.05,0.1,0.005000000000000001,0.05,0.9725683631518718,0.020754438065228763,strong,S4G,12,0.08104736359598931,0.07559974221714102,0.0024888318621120336,0.000621149856313151,2.7164557668126295e-15,0.01013520136194882,0.0151058202907145,-0.07362316873027908
ra1_q0.5,1.0,0.5,0.5,6.59182096351981,0.3333333333333333,moderate,S4G,12,0.5493184136266508,0.003286324292217367,8.802520581228934e-05,1.1748334887429213e-06,2.9976021664879227e-15,-0.00017440693947778918,3.489372024434445e-06,-0.002960792311355931
ra1_q0.2,1.0,0.2,0.2,5.515082090672513,0.16666666666666669,moderate,S4G,12,0.45959017422270937,0.14021057306996654,0.0024044649604939828,5.1340047074204575e-06,1.3322676295501877e-15,-0.00209563588138284,0.0023505299547394998,-0.13304142264873065
ra1_q0.05,1.0,0.05,0.05,5.179202175205102,0.047619047619047616,strong,S4G,12,0.4316001812670918,2.1372017506951626,0.20593596563342412,0.013322504000652304,2.3314683517128287e-15,0.035586564906655294,0.29442167651768303,1.0593864523794636
ra10_q0.5,10.0,5.0,0.5,131.83549189152566,0.22473328748774737,moderate,S4G,12,10.986290990960471,0.1461635786236104,0.0009954938854518666,0.0007886324626515288,9.880361178676627e-16,-0.00029456201081092816,0.001560724185752882,-0.11815246291719461
ra10_q0.2,10.0,2.0,0.2,96.3165263651157,0.14213381090374028,moderate,S4G,12,8.026377197092975,7.539533122486327,0.8728258372021335,0.871766338173184,2.187111180080682e-15,0.03187162241289032,5.533074520790332,-21.73843865818287
ra10_q0.05,10.0,0.5,0.05,82.26046778076812,0.05372153093502534,strong,S4G,12,6.855038981730677,44.4536008139614,2.712644249916265,2.708778806212412,1.7276991783968285e-13,0.33911194438644876,43.615551240296945,-39.044782518284684
ra0.05_q1,0.05,0.05,1.0,1.4752110935185525,0.21295885499997996,circular,KDK,16,0.09220069334490953,0.08679462759000876,5.017631265380462e-05,4.373727813581011e-07,1.3033304304548183e-15,0.0,0.02710399869524177,-0.05923715506200011
ra0.1_q1,0.1,0.1,1.0,2.1856094184751425,0.28747978728803447,circular,KDK,16,0.1366005886546964,0.17101706306266978,0.00010061736872216729,4.928290541851129e-05,2.172328208681834e-15,0.0,0.027917744387949278,-0.13145174943181104
ra0.3_q1,0.3,0.3,1.0,4.473875023445472,0.4213250442347431,circular,KDK,16,0.279617188965342,0.4416712941728039,0.00030198978409873826,5.43392746083287e-05,1.5371269915233856e-15,0.0,0.0309113998765409,-0.32274319647181926
ra1_q1,1.0,1.0,1.0,12.566370614359172,0.5,circular,KDK,16,0.7853981633974483,1.127514216095102,0.0009458466912034188,2.8724949709217165e-06,6.661338147750939e-16,0.0,0.038946516556098265,-0.818591289542475
ra3_q1,3.0,3.0,1.0,43.531184741621225,0.43301270189221935,circular,KDK,16,2.7206990463513265,2.0107528731361324,0.002150694631385619,0.00019319048545352047,1.1965101159719953e-15,0.0,0.05128578868995189,-1.57282754700703
ra10_q1,10.0,10.0,1.0,218.56094184751421,0.28747978728803447,circular,KDK,16,13.660058865469638,2.6486505950793284,0.00358170622542105,0.0025245863196846335,1.853720071408498e-15,0.0,0.06414679399506476,-2.437572358629275
ra0.1_q0.5,0.1,0.05,0.5,1.1061450642821737,0.16988239714587516,moderate,KDK,16,0.06913406651763586,0.027891424737062243,0.0007844226459639235,5.3908126306449535e-08,1.633811158892211e-15,0.010268282913097199,0.0,0.016392934871504394
ra0.1_q0.2,0.1,0.020000000000000004,0.2,1.005453905542719,0.07708288167714672,moderate,KDK,16,0.06284086909641994,0.11826653202301654,0.0029827210992044236,0.0010198733749330806,2.0254187368322027e-15,0.019422230127728517,0.0,0.05055252998086246
ra0.1_q0.05,0.1,0.005000000000000001,0.05,0.9725683631518718,0.020754438065228763,strong,KDK,16,0.060785522696991987,2.0316083989125286,0.025649255148177473,0.01645878228407917,7.940409164529225e-15,-0.02178135225071667,0.28747435061329707,-3.341978938033524
ra1_q0.5,1.0,0.5,0.5,6.59182096351981,0.3333333333333333,moderate,KDK,16,0.4119888102199881,0.08366447529704314,0.009154664517386335,1.4795904888786904e-06,8.326672684688674e-16,0.019274092663954967,0.0,-0.06486919937024993
ra1_q0.2,1.0,0.2,0.2,5.515082090672513,0.16666666666666669,moderate,KDK,16,0.34469263066703204,0.1587843883137321,0.04841109249434405,0.004021940400527527,1.831867990631508e-15,0.043794556978325044,0.024382231491627104,-0.04169760083423313
ra1_q0.05,1.0,0.05,0.05,5.179202175205102,0.047619047619047616,strong,KDK,16,0.3237001359503189,2.781070481374721,0.721090662326645,0.7012950462566567,1.6611712005953905e-14,0.1158645380436775,4.706534520793521,-24.257339061729144
ra10_q0.5,10.0,5.0,0.5,131.83549189152566,0.22473328748774737,moderate,KDK,16,8.239718243220354,1.4705050987364228,0.04982106494505335,1.095427395924523e-05,5.928216707205976e-16,0.06221818559090462,1.69541699531095e-05,-1.2346412835631
ra10_q0.2,10.0,2.0,0.2,96.3165263651157,0.14213381090374028,moderate,KDK,16,6.019782897819732,14.666967026362034,2.3120900931107737,2.075179209808807,1.171666703614651e-14,0.1886757219087165,13.811402087620474,-32.671941935254395
ra10_q0.05,10.0,0.5,0.05,82.26046778076812,0.05372153093502534,strong,KDK,16,5.141279236298008,129.0900806834895,16.374507183413577,16.210760378273395,8.717027672820362e-13,0.7525596938157808,128.07277487883272,-39.147003075425296
ra0.05_q1,0.05,0.05,1.0,1.4752110935185525,0.21295885499997996,circular,S4G,16,0.09220069334490953,0.0006833453078665608,4.61698289356258e-11,8.553816191943874e-13,9.774978228411137e-16,-2.5526867211828064e-05,0.0,-0.0004861223763228395
ra0.1_q1,0.1,0.1,1.0,2.1856094184751425,0.28747978728803447,circular,S4G,16,0.1366005886546964,0.0009059914303703958,7.027065384605857e-11,2.6913199711148514e-11,1.8102735072348614e-15,-2.2882387291089934e-05,0.0,-0.000631169455850511
ra0.3_q1,0.3,0.3,1.0,4.473875023445472,0.4213250442347431,circular,S4G,16,0.279617188965342,0.0020995864551386963,2.8233236038920993e-11,1.243726860630669e-12,1.5371269915233856e-15,-9.233960466629536e-06,0.0,-0.0014831212097092816
ra1_q1,1.0,1.0,1.0,12.566370614359172,0.5,circular,S4G,16,0.7853981633974483,0.007136073468889948,1.562663184036713e-09,2.9208161815101147e-10,4.440892098500626e-16,0.0,4.841522640930407e-05,-0.0050326010009413835
ra3_q1,3.0,3.0,1.0,43.531184741621225,0.43301270189221935,circular,S4G,16,2.7206990463513265,0.017771826533790773,2.610050824358723e-08,1.2910391156140121e-08,2.563950248511419e-15,0.0,0.00017031968589753532,-0.012514140752337255
ra10_q1,10.0,10.0,1.0,218.56094184751421,0.28747978728803447,circular,S4G,16,13.660058865469638,0.03139392341967844,1.0124562160642353e-07,1.5269044224599144e-08,2.6261034344953724e-15,0.0,0.00032069941117853775,-0.02226154279473036
ra0.1_q0.5,0.1,0.05,0.5,1.1061450642821737,0.16988239714587516,moderate,S4G,16,0.06913406651763586,7.438828780493744e-05,1.477693472143058e-06,1.915209120327868e-11,2.6549431331998426e-15,-1.8861229694466797e-05,0.0,-7.201061649197982e-05
ra0.1_q0.2,0.1,0.020000000000000004,0.2,1.005453905542719,0.07708288167714672,moderate,S4G,16,0.06284086909641994,0.006522191664382799,6.986252884111271e-05,1.6381413760703506e-05,1.6878489473601687e-15,-0.00047593434792138334,0.00019323937436255267,-0.006440435660053367
ra0.1_q0.05,0.1,0.005000000000000001,0.05,0.9725683631518718,0.020754438065228763,strong,S4G,16,0.060785522696991987,0.05979286230451701,0.0010775611953049015,0.00020850316474047437,3.552288310447285e-15,0.00576503924462849,0.0022200349191112134,-0.05904712477078533
ra1_q0.5,1.0,0.5,0.5,6.59182096351981,0.3333333333333333,moderate,S4G,16,0.4119888102199881,0.0009239678488692707,2.348652130929052e-05,8.022820283115628e-09,1.8318679906315083e-15,-4.69526207094173e-05,1.1555186585354704e-08,-0.0008216880391032078
ra1_q0.2,1.0,0.2,0.2,5.515082090672513,0.16666666666666669,moderate,S4G,16,0.34469263066703204,0.03935848748178546,0.001606889273887229,9.298701296647545e-05,1.4988010832439611e-15,-0.0014011132280061789,0.0006979093552827997,-0.0375791681929698
ra1_q0.05,1.0,0.05,0.05,5.179202175205102,0.047619047619047616,strong,S4G,16,0.3237001359503189,2.3662850187202507,0.21066838713052286,0.21063358477614993,4.517219931443606e-15,-0.007858998561434821,0.5357237358898941,-3.5664381396250953
ra10_q0.5,10.0,5.0,0.5,131.83549189152566,0.22473328748774737,moderate,S4G,16,8.239718243220354,0.03833250157673847,0.00034342005563294507,1.528434829831329e-05,2.173679459308858e-15,6.949327406253758e-05,1.5917363472794933e-05,-0.031799007085005826
ra10_q0.2,10.0,2.0,0.2,96.3165263651157,0.14213381090374028,moderate,S4G,16,6.019782897819732,3.478643259705742,0.5494009323732911,0.5489102123240335,9.373333628917207e-16,-0.044852372643658045,1.4358583986635836,-15.972188946308982
ra10_q0.05,10.0,0.5,0.05,82.26046778076812,0.05372153093502534,strong,S4G,16,5.141279236298008,4.957192583491119,1.6480199170463075,0.8188985658673279,3.09993871721919e-15,0.24835962653815646,5.056935903593812,-38.88428506994218
ra0.05_q1,0.05,0.05,1.0,1.4752110935185525,0.21295885499997996,circular,KDK,24,0.061467128896606354,0.03521234988666488,9.883057339693118e-06,1.3753705523502582e-07,1.140414126647966e-15,0.0,0.011907351649062398,-0.023691722291687256
ra0.1_q1,0.1,0.1,1.0,2.1856094184751425,0.28747978728803447,circular,KDK,24,0.09106705910313094,0.07214065292942094,1.9856883476483083e-05,8.524730465032078e-06,1.206849004823241e-15,0.0,0.012269331003236933,-0.055594572697742706
ra0.3_q1,0.3,0.3,1.0,4.473875023445472,0.4213250442347431,circular,KDK,24,0.18641145931022798,0.1909733976218669,6.0032571873820485e-05,5.558105528523312e-06,1.317537421305759e-15,0.0,0.013605411506089812,-0.1382165232839867
ra1_q1,1.0,1.0,1.0,12.566370614359172,0.5,circular,KDK,24,0.5235987755982988,0.5042069120291972,0.0001916475946076209,1.4779021450343302e-05,1.3322676295501878e-15,0.0,0.0172100863496234,-0.35521683876104504
ra3_q1,3.0,3.0,1.0,43.531184741621225,0.43301270189221935,circular,KDK,24,1.8137993642342176,0.9739596518174555,0.00044851122657245667,0.00013488019864915657,1.880230182241707e-15,0.0,0.022811511622480445,-0.6966175580261904
ra10_q1,10.0,10.0,1.0,218.56094184751421,0.28747978728803447,circular,KDK,24,9.106705910313092,1.4781402802435861,0.0007693150245983992,0.00028833706105314475,1.5447667261737484e-15,0.0,0.028746850688069436,-1.1072434705081946
ra0.1_q0.5,0.1,0.05,0.5,1.1061450642821737,0.16988239714587516,moderate,KDK,24,0.04608937767842391,0.012479506170017652,0.00035122981870121765,2.358564364780511e-09,2.24649034347679e-15,0.004533507968635803,0.0,0.007376326821550094
ra0.1_q0.2,0.1,0.020000000000000004,0.2,1.005453905542719,0.07708288167714672,moderate,KDK,24,0.04189391273094662,0.018732283486049713,0.0011737347247249461,4.197256651919294e-05,1.4628024210454797e-15,0.00821701348587226,0.0,0.008078194706733655
ra0.1_q0.05,0.1,0.005000000000000001,0.05,0.9725683631518718,0.020754438065228763,strong,KDK,24,0.040523681797994655,0.06601777423717099,0.005278268927544697,0.0024979106113251614,5.223953397716596e-15,0.02730644363270629,0.04533576111474716,0.031199008247163817
ra1_q0.5,1.0,0.5,0.5,6.59182096351981,0.3333333333333333,moderate,KDK,24,0.2746592068133254,0.03656350062857404,0.00416288507824146,5.783387768687476e-09,9.992007221626409e-16,0.008517122471916272,0.0,-0.02819898298430701
ra1_q0.2,1.0,0.2,0.2,5.515082090672513,0.16666666666666669,moderate,KDK,24,0.22979508711135468,0.013927284909471153,0.021034130963466322,0.0012244191354261627,2.3314683517128283e-15,0.01857026877009227,0.0,-0.0014991166197830808
ra1_q0.05,1.0,0.05,0.05,5.179202175205102,0.047619047619047616,strong,KDK,24,0.2158000906335459,1.6447651184138756,0.2561058119576826,0.2525710584887922,7.28583859910259e-15,0.06497169711259507,0.6660100615461444,-7.000217866265114
ra10_q0.5,10.0,5.0,0.5,131.83549189152566,0.22473328748774737,moderate,KDK,24,5.493145495480236,0.7184564139825985,0.025092426361618066,8.914912538951278e-09,1.3832505650147279e-15,0.0283781013760942,0.0,-0.5735959112911715
ra10_q0.2,10.0,2.0,0.2,96.3165263651157,0.14213381090374028,moderate,KDK,24,4.0131885985464875,1.511179521940493,0.526574884469492,0.48772771345343974,2.655777861526542e-15,0.05660449294506242,0.7768108615115367,-11.551442456736943
ra10_q0.05,10.0,0.5,0.05,82.26046778076812,0.05372153093502534,strong,KDK,24,3.4275194908653384,93.87017710962716,9.25973268239899,9.016965847374394,1.0583190780586315e-12,0.4573007131683966,92.9586590604497,-39.07407437416611
ra0.05_q1,0.05,0.05,1.0,1.4752110935185525,0.21295885499997996,circular,S4G,24,0.061467128896606354,0.00013437594314563453,1.792921908499865e-12,3.3317251396793817e-14,3.0954097723301933e-15,-5.030553149459882e-06,0.0,-9.559338143816376e-05
ra0.1_q1,0.1,0.1,1.0,2.1856094184751425,0.28747978728803447,circular,S4G,24,0.09106705910313094,0.0001782830356484093,2.7363804344120237e-12,1.048852010534401e-12,3.861916815434371e-15,-4.515782413144764e-06,0.0,-0.0001241969167082857
ra0.3_q1,0.3,0.3,1.0,4.473875023445472,0.4213250442347431,circular,S4G,24,0.18641145931022798,0.00041430824588601934,1.1278871556526059e-12,4.943581775824382e-14,1.317537421305759e-15,-1.8457468559107681e-06,0.0,-0.00029265776478837324
ra1_q1,1.0,1.0,1.0,12.566370614359172,0.5,circular,S4G,24,0.5235987755982988,0.0014163013968199725,6.061936138242648e-11,1.1312876561457111e-11,8.881784197001252e-16,0.0,9.534071936156963e-06,-0.0009988442246111617
ra3_q1,3.0,3.0,1.0,43.531184741621225,0.43301270189221935,circular,S4G,24,1.8137993642342176,0.003546678869661118,1.0303224939889333e-09,5.074412001704331e-10,1.1965101159719953e-15,0.0,3.3835989515710686e-05,-0.002497446310975704
ra10_q1,10.0,10.0,1.0,218.56094184751421,0.28747978728803447,circular,S4G,24,9.106705910313092,0.0062886992842413475,4.0355944465793785e-09,6.22447905718193e-10,1.6992433987911233e-15,0.0,6.401625674268274e-05,-0.004459324048752933
ra0.1_q0.5,0.1,0.05,0.5,1.1061450642821737,0.16988239714587516,moderate,S4G,24,0.04608937767842391,1.4423962449778624e-05,2.7649409982372986e-07,1.4891313988359359e-15,1.2253583691691582e-15,-3.529335252522303e-06,0.0,-1.394004654997616e-05
ra0.1_q0.2,0.1,0.020000000000000004,0.2,1.005453905542719,0.07708288167714672,moderate,S4G,24,0.04189391273094662,0.0003617663251599376,1.1437587233861107e-05,1.064727955795262e-07,2.70055831577627e-15,-7.994717075923695e-05,1.2530680246203296e-06,-0.00036174927326015904
ra0.1_q0.05,0.1,0.005000000000000001,0.05,0.9725683631518718,0.020754438065228763,strong,S4G,24,0.040523681797994655,0.0388829007302597,0.00024053238724068177,5.26010396464554e-06,4.8060371258992675e-15,0.0011075243401397273,0.00043933889993644226,-0.03880529328733928
ra1_q0.5,1.0,0.5,0.5,6.59182096351981,0.3333333333333333,moderate,S4G,24,0.2746592068133254,0.00017937111851885223,4.207807528661123e-06,1.2150280781497713e-12,1.6653345369377348e-15,-8.41541700502546e-06,0.0,-0.0001590980825767474
ra1_q0.2,1.0,0.2,0.2,5.515082090672513,0.16666666666666669,moderate,S4G,24,0.22979508711135468,0.0033384517849414565,0.0003736579205914811,2.3725573531864695e-05,2.6645352591003753e-15,-0.0003258168385814053,5.188963330726715e-05,-0.003206207400154426
ra1_q0.05,1.0,0.05,0.05,5.179202175205102,0.047619047619047616,strong,S4G,24,0.2158000906335459,0.09854320808077405,0.009893031921708106,0.00019009480167774012,1.2823075934420558e-14,0.005653426832942371,0.0005959390773537798,-0.09815632715481826
ra10_q0.5,10.0,5.0,0.5,131.83549189152566,0.22473328748774737,moderate,S4G,24,5.493145495480236,0.007539019305380878,6.180436218922809e-05,6.456916155596668e-09,2.568893906455923e-15,2.1164038989773815e-05,0.0,-0.006260039667552064
ra10_q0.2,10.0,2.0,0.2,96.3165263651157,0.14213381090374028,moderate,S4G,24,4.0131885985464875,0.12025924775947143,0.05461009547305418,0.05129046138811385,1.5622222714862013e-15,-0.002785971175565005,0.03111262555010743,-0.07316200091219827
ra10_q0.05,10.0,0.5,0.05,82.26046778076812,0.05372153093502534,strong,S4G,24,3.4275194908653384,33.343496566996,7.07208512887601,7.006458844817547,1.653300649183568e-13,0.14413254136699782,32.64360272521277,-36.64151731145257
ra0.05_q1,0.05,0.05,1.0,1.4752110935185525,0.21295885499997996,circular,KDK,32,0.046100346672454766,0.0191623833405394,3.12385336233689e-06,4.9569834617501114e-08,1.3033304304548183e-15,0.0,0.0066705142170883636,-0.01282384168487738
ra0.1_q1,0.1,0.1,1.0,2.1856094184751425,0.28747978728803447,circular,KDK,32,0.0683002943273482,0.039828184374573666,6.280892727334162e-06,2.5685277099621186e-06,1.5689037062702134e-15,0.0,0.006874409709594631,-0.030718327061606487
ra0.3_q1,0.3,0.3,1.0,4.473875023445472,0.4213250442347431,circular,KDK,32,0.139808594482671,0.10630954071251676,1.903742673715963e-05,1.3151374746652687e-06,8.783582808705061e-16,0.0,0.007626977793547633,-0.07670591475930877
ra1_q1,1.0,1.0,1.0,12.566370614359172,0.5,circular,KDK,32,0.39269908169872414,0.2831271422841406,6.119537721686423e-05,7.396323384423198e-06,2.220446049250313e-15,0.0,0.009661807392163713,-0.1983061396402448
ra3_q1,3.0,3.0,1.0,43.531184741621225,0.43301270189221935,circular,KDK,32,1.3603495231756633,0.5564551465788098,0.0001447678675216224,5.5564201382551916e-05,1.7093001656742792e-15,0.0,0.012838786057234616,-0.3921741021698111
ra10_q1,10.0,10.0,1.0,218.56094184751421,0.28747978728803447,circular,KDK,32,6.830029432734819,0.8669563224757123,0.0002511903815313384,6.733449100488827e-05,2.008196744025873e-15,0.0,0.0162277616747593,-0.6269207328831214
ra0.1_q0.5,0.1,0.05,0.5,1.1061450642821737,0.16988239714587516,moderate,KDK,32,0.03456703325881793,0.007036165586517714,0.00019808470833611305,4.171784240639221e-10,8.169055794461055e-16,0.0025443357822810264,0.0,0.004166883190535486
ra0.1_q0.2,0.1,0.020000000000000004,0.2,1.005453905542719,0.07708288167714672,moderate,KDK,32,0.03142043454820997,0.009020582955609828,0.0006410052958081082,1.7203443601715897e-06,1.912895473674858e-15,0.004529342632934342,0.0,0.0036847245034081766
ra0.1_q0.05,0.1,0.005000000000000001,0.05,0.9725683631518718,0.020754438065228763,strong,KDK,32,0.030392761348495993,0.24377061650600002,0.004825862334670763,0.002966542522574442,6.268744077259915e-15,0.01686391905364511,0.0,0.08103086464623743
ra1_q0.5,1.0,0.5,0.5,6.59182096351981,0.3333333333333333,moderate,KDK,32,0.20599440510999406,0.020446239288171655,0.0023605209837419955,9.641967224638393e-10,2.831068712794149e-15,0.004781685144822578,0.0,-0.015738664864414886
ra1_q0.2,1.0,0.2,0.2,5.515082090672513,0.16666666666666669,moderate,KDK,32,0.17234631533351602,0.006312408910540978,0.011385187773613532,4.0646980378448e-05,2.498001805406602e-15,0.01012360979598545,0.0,-0.00631172893920251
ra1_q0.05,1.0,0.05,0.05,5.179202175205102,0.047619047619047616,strong,KDK,32,0.16185006797515944,1.0469881656442557,0.2356870001990201,0.23136274404235624,3.642919299551295e-15,0.013385725080772987,0.6046538914664623,-7.016675523519666
ra10_q0.5,10.0,5.0,0.5,131.83549189152566,0.22473328748774737,moderate,KDK,32,4.119859121610177,0.4146050176615054,0.014777298049685491,4.0290597781177634e-11,2.7665011300294558e-15,0.016119261051594513,0.0,-0.32799058330977005
ra10_q0.2,10.0,2.0,0.2,96.3165263651157,0.14213381090374028,moderate,KDK,32,3.009891448909866,0.7062413262023608,0.1857888145423134,0.007866633281159385,1.406000044337581e-15,0.060132981694632326,0.012826617666937424,-0.6349844283642767
ra10_q0.05,10.0,0.5,0.05,82.26046778076812,0.05372153093502534,strong,KDK,32,2.570639618149004,65.51081649860177,5.127813343057422,4.8544052952253605,5.877483807847584e-13,0.32451317140082625,64.63273330003497,-39.066902072133246
ra0.05_q1,0.05,0.05,1.0,1.4752110935185525,0.21295885499997996,circular,S4G,32,0.046100346672454766,4.245055028687519e-05,1.7924442418131726e-13,3.343666806846691e-15,1.4662467342616707e-15,-1.5903864661326317e-06,0.0,-3.019887783750619e-05
ra0.1_q1,0.1,0.1,1.0,2.1856094184751425,0.28747978728803447,circular,S4G,32,0.0683002943273482,5.6334807893984716e-05,2.737915714251791e-13,1.0478284906412227e-13,1.5689037062702134e-15,-1.4283106145041025e-06,0.0,-3.9243766273955316e-05
ra0.3_q1,0.3,0.3,1.0,4.473875023445472,0.4213250442347431,circular,S4G,32,0.139808594482671,0.00013104094016011487,1.1371869629536616e-13,5.220944449715519e-15,1.0979478510881327e-15,-5.864017454948467e-07,0.0,-9.256384082334534e-05
ra1_q1,1.0,1.0,1.0,12.566370614359172,0.5,circular,S4G,32,0.39269908169872414,0.00044885281102490757,6.059153179194254e-12,1.1306511282782594e-12,1.7763568394002505e-15,0.0,3.014529637690444e-06,-0.00031655497362237384
ra3_q1,3.0,3.0,1.0,43.531184741621225,0.43301270189221935,circular,S4G,32,1.3603495231756633,0.0011261176763964968,1.0354259671885302e-10,5.095852628755892e-11,2.7348802650788466e-15,0.0,1.0726067631120865e-05,-0.0007929774165873482
ra10_q1,10.0,10.0,1.0,218.56094184751421,0.28747978728803447,circular,S4G,32,6.830029432734819,0.001999180407304201,4.068739858920089e-10,6.299830911567679e-11,3.3984867975822466e-15,0.0,2.0326140005799687e-05,-0.0014176216374721662
ra0.1_q0.5,0.1,0.05,0.5,1.1061450642821737,0.16988239714587516,moderate,S4G,32,0.03456703325881793,4.545882658151427e-06,8.604404898421114e-08,1.24094283236328e-16,1.0211319743076319e-15,-1.098324013959484e-06,0.0,-4.391811316395433e-06
ra0.1_q0.2,0.1,0.020000000000000004,0.2,1.005453905542719,0.07708288167714672,moderate,S4G,32,0.03142043454820997,3.36312681124923e-05,3.1319722971219465e-06,7.216352676076193e-10,2.70055831577627e-15,-2.194258025521589e-05,8.483980601381447e-09,-3.362995906996957e-05
ra0.1_q0.05,0.1,0.005000000000000001,0.05,0.9725683631518718,0.020754438065228763,strong,S4G,32,0.030392761348495993,0.022028065255651787,2.8167298512413152e-05,2.070512509949904e-06,1.2119571882702501e-14,4.9140802042477165e-05,0.00022489374382497762,-0.0219813799664621
ra1_q0.5,1.0,0.5,0.5,6.59182096351981,0.3333333333333333,moderate,S4G,32,0.20599440510999406,5.657801668193012e-05,1.293649783296047e-06,1.8735013540549517e-15,3.164135620181696e-15,-2.587280957366822e-06,0.0,-5.015776557826257e-05
ra1_q0.2,1.0,0.2,0.2,5.515082090672513,0.16666666666666669,moderate,S4G,32,0.17234631533351602,0.0003625791820041003,0.000100338733933444,4.3838814932481035e-07,1.3322676295501877e-15,-8.768425199062735e-05,9.572764170240333e-07,-0.0003568812633503171
ra1_q0.05,1.0,0.05,0.05,5.179202175205102,0.047619047619047616,strong,S4G,32,0.16185006797515944,0.06780106263485063,0.0027662182572450646,0.0001665865358136224,1.2677359162438506e-14,0.001564596829867343,0.00036249233470475595,-0.06749134309334437
ra10_q0.5,10.0,5.0,0.5,131.83549189152566,0.22473328748774737,moderate,S4G,32,4.119859121610177,0.0023963316768832957,2.065364134635291e-05,3.5882066548800556e-12,1.3832505650147279e-15,7.290895164580036e-06,0.0,-0.0019895366204281117
ra10_q0.2,10.0,2.0,0.2,96.3165263651157,0.14213381090374028,moderate,S4G,32,3.009891448909866,0.05400453081409349,0.004536612104769426,1.2368639465600711e-06,3.1244445429724026e-15,-0.0012925580135234593,0.000286713694883467,-0.048400581441789825
ra10_q0.05,10.0,0.5,0.05,82.26046778076812,0.05372153093502534,strong,S4G,32,2.570639618149004,30.03655000104135,2.0530375329187076,2.025658229228749,6.470605415742189e-13,0.08472707397967283,29.287643755590967,-30.145802617116587
ra0.05_q1,0.05,0.05,1.0,1.4752110935185525,0.21295885499997996,circular,KDK,48,0.030733564448303177,0.008314392616863038,6.166063356368793e-07,1.0662189299752061e-08,1.4662467342616707e-15,0.0,0.002956015479969737,-0.005542068548209045
ra0.1_q1,0.1,0.1,1.0,2.1856094184751425,0.28747978728803447,circular,KDK,48,0.04553352955156547,0.017464527204530244,1.2403596427882727e-06,4.895737444131685e-07,2.413698009646482e-15,0.0,0.0030466285771624246,-0.01347733164716658
ra0.3_q1,0.3,0.3,1.0,4.473875023445472,0.4213250442347431,circular,KDK,48,0.09320572965511399,0.04688783246638166,3.7665357828163973e-06,2.0542838836003282e-07,2.635074842611518e-15,0.0,0.003381504959139396,-0.033760459970089585
ra1_q1,1.0,1.0,1.0,12.566370614359172,0.5,circular,KDK,48,0.2617993877991494,0.12554053835918144,1.2168190135941614e-05,1.9004286229140632e-06,1.7763568394002505e-15,0.0,0.004288293929776588,-0.08769183599387986
ra3_q1,3.0,3.0,1.0,43.531184741621225,0.43301270189221935,circular,KDK,48,0.9068996821171088,0.24898786293279287,2.9013063555183294e-05,1.287937761382807e-05,1.1965101159719953e-15,0.0,0.005708600893261195,-0.1745221176513283
ra10_q1,10.0,10.0,1.0,218.56094184751421,0.28747978728803447,circular,KDK,48,4.553352955156546,0.39233933101490726,5.078187267434456e-05,1.0230235804837421e-05,2.4716267618779975e-15,0.0,0.007232317259053822,-0.2798869776101185
ra0.1_q0.5,0.1,0.05,0.5,1.1061450642821737,0.16988239714587516,moderate,KDK,48,0.023044688839211954,0.0031323785319435694,8.820272982360383e-05,3.652429810209871e-11,1.8380375537537373e-15,0.0011290073298000913,0.0,0.0018575196202732513
ra0.1_q0.2,0.1,0.020000000000000004,0.2,1.005453905542719,0.07708288167714672,moderate,KDK,48,0.02094695636547331,0.003962076196524339,0.0002826447996208777,3.9792322171753996e-09,2.4755117894615807e-15,0.0019877751983907173,0.0,0.0016214541942005667
ra0.1_q0.05,0.1,0.005000000000000001,0.05,0.9725683631518718,0.020754438065228763,strong,KDK,48,0.020261840898997328,0.059953616363321034,0.0017307036210516846,0.00011418027475403294,1.1910613746793837e-14,0.007782128220228458,0.0,0.019121822946956968
ra1_q0.5,1.0,0.5,0.5,6.59182096351981,0.3333333333333333,moderate,KDK,48,0.1373296034066627,0.009048876482862197,0.001055163897195982,8.721311173243151e-11,1.6653345369377348e-15,0.002122321046313047,0.0,-0.006955943841823853
ra1_q0.2,1.0,0.2,0.2,5.515082090672513,0.16666666666666669,moderate,KDK,48,0.11489754355567734,0.0029842885556205893,0.004994317051548958,1.7042729387739542e-07,4.163336342344336e-15,0.004405442574860197,0.0,-0.0029724918667213274
ra1_q0.05,1.0,0.05,0.05,5.179202175205102,0.047619047619047616,strong,KDK,48,0.10790004531677296,0.09708663553773703,0.04512402897660372,0.02335427273377255,3.642919299551295e-15,0.020242621882137074,0.029070033745827617,0.021353063789455007
ra10_q0.5,10.0,5.0,0.5,131.83549189152566,0.22473328748774737,moderate,KDK,48,2.746572747740118,0.18716051803747732,0.00679154894423251,1.7864940296327893e-12,1.9760722357353254e-15,0.007215869246444839,0.0,-0.1475440570710589
ra10_q0.2,10.0,2.0,0.2,96.3165263651157,0.14213381090374028,moderate,KDK,48,2.0065942992732437,0.29584535311346083,0.08699391737784097,0.0004850769538921415,3.749333451566883e-15,0.02627866408656021,0.0,-0.2678705721287926
ra10_q0.05,10.0,0.5,0.05,82.26046778076812,0.05372153093502534,strong,KDK,48,1.7137597454326692,23.697996917519152,1.5928285594749227,1.3728386748751882,1.0767120477807986e-13,0.19780499149966624,22.90717463257824,-39.01094128990921
ra0.05_q1,0.05,0.05,1.0,1.4752110935185525,0.21295885499997996,circular,S4G,48,0.030733564448303177,8.375880309820665e-06,7.165000300385766e-15,2.3883334334619223e-16,2.11791194948908e-15,-3.1395995178651326e-07,0.0,-5.958528880967151e-06
ra0.1_q1,0.1,0.1,1.0,2.1856094184751425,0.28747978728803447,circular,S4G,48,0.04553352955156547,1.1117277374204812e-05,1.0746958878371515e-14,3.838199599418398e-15,2.8964376115757787e-15,-2.820712532991543e-07,0.0,-7.744394892483797e-06
ra0.3_q1,0.3,0.3,1.0,4.473875023445472,0.4213250442347431,circular,S4G,48,0.09320572965511399,2.5877641510084928e-05,4.5683263935010796e-15,6.526180562144399e-16,3.293843553264398e-15,-1.1616969571489241e-07,0.0,-1.8279217073313703e-05
ra1_q1,1.0,1.0,1.0,12.566370614359172,0.5,circular,S4G,48,0.2617993877991494,8.876369681123747e-05,2.3729166779655014e-13,4.500103993147301e-14,2.220446049250313e-15,0.0,5.95030979377853e-07,-6.260121578804956e-05
ra3_q1,3.0,3.0,1.0,43.531184741621225,0.43301270189221935,circular,S4G,48,0.9068996821171088,0.00022299164792966567,4.0527581290916714e-12,1.992717102439201e-12,1.880230182241707e-15,0.0,2.121601393086555e-06,-0.00015702459211297537
ra10_q1,10.0,10.0,1.0,218.56094184751421,0.28747978728803447,circular,S4G,48,4.553352955156546,0.0003962069881899675,1.5956155378452998e-11,2.474179426152171e-12,2.008196744025873e-15,0.0,4.024866481699974e-06,-0.00028095070230449437
ra0.1_q0.5,0.1,0.05,0.5,1.1061450642821737,0.16988239714587516,moderate,S4G,48,0.023044688839211954,8.954680939030141e-07,1.6804606100199793e-08,1.24094283236328e-16,2.4507167383383165e-15,-2.1450573747805457e-07,0.0,-8.64900357555598e-07
ra0.1_q0.2,0.1,0.020000000000000004,0.2,1.005453905542719,0.07708288167714672,moderate,S4G,48,0.02094695636547331,3.200196115975208e-06,5.433280634321835e-07,3.305722908523466e-13,2.5880350526189254e-15,-3.806940533299107e-06,3.5858815916611775e-12,-3.1989782911523434e-06
ra0.1_q0.05,0.1,0.005000000000000001,0.05,0.9725683631518718,0.020754438065228763,strong,S4G,48,0.020261840898997328,0.005950876901526371,3.377975167157547e-05,2.9547895247578456e-06,4.8060371258992675e-15,-0.00018328809905689134,5.706775158764721e-05,-0.005927603792869718
ra1_q0.5,1.0,0.5,0.5,6.59182096351981,0.3333333333333333,moderate,S4G,48,0.1373296034066627,1.1151773741763459e-05,2.506201051688528e-07,8.743006318923108e-16,1.8318679906315083e-15,-5.012395097869771e-07,0.0,-9.88277059121856e-06
ra1_q0.2,1.0,0.2,0.2,5.515082090672513,0.16666666666666669,moderate,S4G,48,0.11489754355567734,3.079133263674444e-05,1.650865594558277e-05,3.2421436963708013e-10,4.996003610813204e-15,-1.44444347813244e-05,6.999678614505456e-10,-3.0198948486770405e-05
ra1_q0.05,1.0,0.05,0.05,5.179202175205102,0.047619047619047616,strong,S4G,48,0.10790004531677296,0.024449186796495156,0.0004122643710520263,4.5471805180782616e-05,1.3114509478384662e-14,-0.00023844309127926677,0.00011690359147698004,-0.02433330081583307
ra10_q0.5,10.0,5.0,0.5,131.83549189152566,0.22473328748774737,moderate,S4G,48,2.746572747740118,0.00047487783890532375,4.051493056314367e-06,8.454775341376191e-15,6.718645601500107e-15,1.514107069588988e-06,0.0,-0.0003942282001716535
ra10_q0.2,10.0,2.0,0.2,96.3165263651157,0.14213381090374028,moderate,S4G,48,2.0065942992732437,0.005390643845154659,0.0007376702129437781,1.5634563274524726e-05,2.187111180080682e-15,-0.00020979926920716707,2.0226886341667693e-05,-0.004870561766949777
ra10_q0.05,10.0,0.5,0.05,82.26046778076812,0.05372153093502534,strong,S4G,48,1.7137597454326692,2.0934469570932555,1.4176816065647497,0.9399777701911912,4.959901947550704e-15,0.02741898333509285,0.018782260620925584,52.86510950583447
ra0.05_q1,0.05,0.05,1.0,1.4752110935185525,0.21295885499997996,circular,KDK,64,0.023050173336227383,0.004637295944170352,1.950646555208986e-07,3.4708510553454353e-09,2.280828253295932e-15,0.0,0.0016611983427892996,-0.003086660021295984
ra0.1_q1,0.1,0.1,1.0,2.1856094184751425,0.28747978728803447,circular,KDK,64,0.0341501471636741,0.009777327489611224,3.9245244301835295e-07,1.5295859218376167e-07,1.5689037062702134e-15,0.0,0.0017121540670783642,-0.0075465519959294625
ra0.3_q1,0.3,0.3,1.0,4.473875023445472,0.4213250442347431,circular,KDK,64,0.0699042972413355,0.026302604625074798,1.1924539222284087e-06,5.9487667518524135e-08,1.9763061319586386e-15,0.0,0.0019005134562068613,-0.0189250637263072
ra1_q1,1.0,1.0,1.0,12.566370614359172,0.5,circular,KDK,64,0.19634954084936207,0.07054412164840874,3.859073201883945e-06,6.530727185705132e-07,1.3322676295501878e-15,0.0,0.002411028143978422,-0.04924307924580518
ra3_q1,3.0,3.0,1.0,43.531184741621225,0.43301270189221935,circular,KDK,64,0.6801747615878316,0.14026636759549538,9.227868880401501e-06,4.290440715593036e-06,3.2476703147811303e-15,0.0,0.0032119053529906516,-0.0982256948999023
ra10_q1,10.0,10.0,1.0,218.56094184751421,0.28747978728803447,circular,KDK,64,3.4150147163674096,0.22157199717852422,1.6201035567782924e-05,2.922441957063648e-06,1.853720071408498e-15,0.0,0.004072296019193367,-0.15768124868892386
ra0.1_q0.5,0.1,0.05,0.5,1.1061450642821737,0.16988239714587516,moderate,KDK,64,0.017283516629408965,0.0017629825524988112,4.964660080064451e-05,6.494722501739698e-12,2.0422639486152638e-15,0.0006347127232719796,0.0,0.0010459465112333532
ra0.1_q0.2,0.1,0.020000000000000004,0.2,1.005453905542719,0.07708288167714672,moderate,KDK,64,0.015710217274104984,0.002230448477767103,0.00015862226206660052,3.4708865290086267e-12,2.5880350526189254e-15,0.0011137393322346518,0.0,0.0009164725601777945
ra0.1_q0.05,0.1,0.005000000000000001,0.05,0.9725683631518718,0.020754438065228763,strong,KDK,64,0.015196380674247997,0.019196089825315774,0.0009176858263238312,0.00034035137147465905,1.2746446290428494e-14,0.004291266612792797,0.0,0.006157493947029025
ra1_q0.5,1.0,0.5,0.5,6.59182096351981,0.3333333333333333,moderate,KDK,64,0.10299720255499703,0.0050824428850817565,0.0005947241681198145,1.5683829235335622e-11,1.6653345369377348e-15,0.0011932446937876762,0.0,-0.0039050487247038745
ra1_q0.2,1.0,0.2,0.2,5.515082090672513,0.16666666666666669,moderate,KDK,64,0.08617315766675801,0.0016431606393128779,0.0028016439422047235,9.356973481747641e-10,1.9984014443252814e-15,0.0024625329166248766,0.0,-0.0016367821493759038
ra1_q0.05,1.0,0.05,0.05,5.179202175205102,0.047619047619047616,strong,KDK,64,0.08092503398757972,0.018833494810548374,0.019429488055519296,0.0026823234403246326,7.722988915048745e-15,0.011434877127896037,0.00789250950371101,-0.0032372272189817863
ra10_q0.5,10.0,5.0,0.5,131.83549189152566,0.22473328748774737,moderate,KDK,64,2.0599295608050885,0.10579313461276582,0.0038659123163341073,2.620980355826619e-13,2.9641083536029883e-15,0.004069349190719151,0.0,-0.08335080363362124
ra10_q0.2,10.0,2.0,0.2,96.3165263651157,0.14213381090374028,moderate,KDK,64,1.504945724454933,0.16989698194267414,0.04981216007781502,3.4881669171375053e-06,3.2806667701210226e-15,0.014686864212036799,0.0,-0.15264842172484094
ra10_q0.05,10.0,0.5,0.05,82.26046778076812,0.05372153093502534,strong,KDK,64,1.285319809074502,27.199612048878645,2.1173662688708412,1.9046166474285993,3.3582669436541223e-13,0.1332449762917416,25.194031482463124,-34.80925931878565
ra0.05_q1,0.05,0.05,1.0,1.4752110935185525,0.21295885499997996,circular,S4G,64,0.023050173336227383,2.6491402292894755e-06,9.55333373384769e-16,2.3883334334619223e-16,2.769577164716489e-15,-9.932014377600495e-08,0.0,-1.8845772800091254e-06
ra0.1_q1,0.1,0.1,1.0,2.1856094184751425,0.28747978728803447,circular,S4G,64,0.0341501471636741,3.5164049969299086e-06,1.4073398531200793e-15,5.117599465891197e-16,3.379177213505075e-15,-8.924034136659209e-08,0.0,-2.449549775462856e-06
ra0.3_q1,0.3,0.3,1.0,4.473875023445472,0.4213250442347431,circular,S4G,64,0.0699042972413355,8.187068112458016e-06,1.7946996545897097e-15,8.157725702680499e-16,5.489739255440663e-15,-3.679379930362122e-08,0.0,-5.783101151735082e-06
ra1_q1,1.0,1.0,1.0,12.566370614359172,0.5,circular,S4G,64,0.19634954084936207,2.8096553784739044e-05,2.4572936278370132e-14,3.848773152033876e-15,1.7763568394002505e-15,0.0,1.8821980907191005e-07,-1.981532508921191e-05
ra3_q1,3.0,3.0,1.0,43.531184741621225,0.43301270189221935,circular,S4G,64,0.6801747615878316,7.061637143858344e-05,4.0643044485477733e-13,2.0037305148434825e-13,2.222090215376563e-15,0.0,6.715909163605242e-07,-4.972619069576467e-05
ra10_q1,10.0,10.0,1.0,218.56094184751421,0.28747978728803447,circular,S4G,64,3.4150147163674096,0.00012550593440082745,1.5981903300765763e-12,2.4152670604256815e-13,4.016393488051746e-15,0.0,1.274559565977995e-06,-8.89963119021786e-05
ra0.1_q0.5,0.1,0.05,0.5,1.1061450642821737,0.16988239714587516,moderate,S4G,64,0.017283516629408965,2.830591816592839e-07,5.29647902310664e-09,2.48188566472656e-16,4.0845278972305276e-15,-6.760798421101555e-08,6.938893903907228e-16,-2.733725921189034e-07
ra0.1_q0.2,0.1,0.020000000000000004,0.2,1.005453905542719,0.07708288167714672,moderate,S4G,64,0.015710217274104984,9.859778996063229e-07,1.6568179561419514e-07,3.675748230381912e-16,3.1506513684056484e-15,-1.160889718555824e-06,0.0,-9.85578886059102e-07
ra0.1_q0.05,0.1,0.005000000000000001,0.05,0.9725683631518718,0.020754438065228763,strong,S4G,64,0.015196380674247997,0.0015170293485248145,1.8307626963684744e-05,1.2096076355595687e-06,1.4000195105880475e-14,-9.917961074166341e-05,1.3372062008243368e-05,-0.0015142680517641338
ra1_q0.5,1.0,0.5,0.5,6.59182096351981,0.3333333333333333,moderate,S4G,64,0.10299720255499703,3.525851170101421e-06,7.87748617586681e-08,9.992007221626409e-16,3.9968028886505635e-15,-1.5754965299041856e-07,0.0,-3.1242413882637265e-06
ra1_q0.2,1.0,0.2,0.2,5.515082090672513,0.16666666666666669,moderate,S4G,64,0.08617315766675801,9.193042469323736e-06,4.930437027564746e-06,9.449583972452403e-13,6.3282712403633915e-15,-4.314097415275553e-06,1.2885248423799567e-12,-9.009616533717235e-06
ra1_q0.05,1.0,0.05,0.05,5.179202175205102,0.047619047619047616,strong,S4G,64,0.08092503398757972,0.008060297767081328,0.0004841037237072102,1.3829487282403115e-05,1.0200174038743626e-14,-0.00027980551752598837,3.727319843727095e-05,-0.00802062172516571
ra10_q0.5,10.0,5.0,0.5,131.83549189152566,0.22473328748774737,moderate,S4G,64,2.0599295608050885,0.0001504206430238172,1.2789447565036544e-06,4.227387670688096e-16,1.778465012161793e-15,4.867886682191625e-07,0.0,-0.00012487046440412541
ra10_q0.2,10.0,2.0,0.2,96.3165263651157,0.14213381090374028,moderate,S4G,64,1.504945724454933,0.0014273456526472065,0.0001927303624738117,2.0177846479611791e-07,3.905555678715503e-15,-5.500698434757201e-05,2.576588775227151e-07,-0.0013069344379346148
ra10_q0.05,10.0,0.5,0.05,82.26046778076812,0.05372153093502534,strong,S4G,64,1.285319809074502,2.247872333062113,0.6830323192059606,0.6824275087485611,5.373227109846596e-15,0.007124045474557805,2.404265445474902,-21.496075712933226
ra0.05_q1,0.05,0.05,1.0,1.4752110935185525,0.21295885499997996,circular,KDK,96,0.015366782224151589,0.0020485016793913985,3.8523812549740563e-08,6.993710220704594e-10,2.769577164716489e-15,0.0,0.0007377622566705211,-0.0013621190845327646
ra0.1_q1,0.1,0.1,1.0,2.1856094184751425,0.28747978728803447,circular,KDK,96,0.022766764775782735,0.004330750686747953,7.751783345275175e-08,2.994110176827529e-08,3.861916815434371e-15,0.0,0.0007604290187050722,-0.003343095750345526
ra0.3_q1,0.3,0.3,1.0,4.473875023445472,0.4213250442347431,circular,KDK,96,0.046602864827556996,0.0116671515243975,2.356431640347113e-07,1.1004667064563457e-08,4.611380974570157e-15,0.0,0.0008441632775170923,-0.00839044411861778
ra1_q1,1.0,1.0,1.0,12.566370614359172,0.5,circular,KDK,96,0.1308996938995747,0.03132794629481595,7.63556215884383e-07,1.364883678670973e-07,1.5543122344752192e-15,0.0,0.0010712041818701223,-0.02185984317068801
ra3_q1,3.0,3.0,1.0,43.531184741621225,0.43301270189221935,circular,KDK,96,0.4534498410585544,0.06239054446878218,1.8295500183285185e-06,8.781323892037563e-07,1.5383701491068513e-15,0.0,0.001427724445792607,-0.0436758195700051
ra10_q1,10.0,10.0,1.0,218.56094184751421,0.28747978728803447,circular,KDK,96,2.276676477578273,0.09868317850690866,3.2192680189425944e-06,5.346922519952612e-07,4.325346833286495e-15,0.0,0.001811221882873859,-0.07015817141498104
ra0.1_q0.5,0.1,0.05,0.5,1.1061450642821737,0.16988239714587516,moderate,KDK,96,0.011522344419605977,0.0007838710838897426,2.2075502681153052e-05,5.702132314709271e-13,7.352150215014949e-15,0.0002819824899621959,0.0,0.00046521097210927564
ra0.1_q0.2,0.1,0.020000000000000004,0.2,1.005453905542719,0.07708288167714672,moderate,KDK,96,0.010473478182736655,0.0009919253948160302,7.039053472325722e-05,6.802584725026791e-13,2.70055831577627e-15,0.0004936640597891228,0.0,0.00040874268747614906
ra0.1_q0.05,0.1,0.005000000000000001,0.05,0.9725683631518718,0.020754438065228763,strong,KDK,96,0.010130920449498664,0.001398846499374062,0.00033888328646264993,6.463152852912917e-06,1.7134567144510432e-14,0.0018189866627204075,0.0,0.0005184960767223856
ra1_q0.5,1.0,0.5,0.5,6.59182096351981,0.3333333333333333,moderate,KDK,96,0.06866480170333135,0.002256466381457921,0.0002647016966131205,1.3876400029033675e-12,3.164135620181696e-15,0.0005301535209261132,0.0,-0.0017331440523662422
ra1_q0.2,1.0,0.2,0.2,5.515082090672513,0.16666666666666669,moderate,KDK,96,0.05744877177783867,0.0007183233451957965,0.001243085446637972,1.4027636195481007e-12,2.498001805406602e-15,0.0010898769636996652,0.0,-0.0007156167974002869
ra1_q0.05,1.0,0.05,0.05,5.179202175205102,0.047619047619047616,strong,KDK,96,0.05395002265838648,0.011872137274011738,0.00855994523640356,0.0011790921921725921,1.1803058530546195e-14,0.0048722207140140805,0.0,0.003179219001467004
ra10_q0.5,10.0,5.0,0.5,131.83549189152566,0.22473328748774737,moderate,KDK,96,1.373286373870059,0.047174640201777876,0.0017329145412835819,2.7055281092403813e-14,4.742573365764781e-15,0.0018119421848007632,0.0,-0.03715949156554643
ra10_q0.2,10.0,2.0,0.2,96.3165263651157,0.14213381090374028,moderate,KDK,96,1.0032971496366219,0.0755948545382543,0.022460173475180898,1.1668086028621127e-09,2.187111180080682e-15,0.006507568152594567,0.0,-0.06784484059053142
ra10_q0.05,10.0,0.5,0.05,82.26046778076812,0.05372153093502534,strong,KDK,96,0.8568798727163346,2.6357189366475624,0.7873508835548225,0.28220756771039196,3.306601298367136e-15,0.06805424415200534,0.14427461416913817,4.782887781898992
ra0.05_q1,0.05,0.05,1.0,1.4752110935185525,0.21295885499997996,circular,S4G,96,0.015366782224151589,5.231412052758781e-07,2.3883334334619223e-16,1.1941667167309611e-16,2.6066608609096366e-15,-1.9615631341451945e-08,0.0,-3.721586523397491e-07
ra0.1_q1,0.1,0.1,1.0,2.1856094184751425,0.28747978728803447,circular,S4G,96,0.022766764775782735,6.944345160649085e-07,5.117599465891197e-16,2.5587997329455987e-16,4.586026218328316e-15,-1.7626834991624207e-08,0.0,-4.837460707562968e-07
ra0.3_q1,0.3,0.3,1.0,4.473875023445472,0.4213250442347431,circular,S4G,96,0.046602864827556996,1.6170895138000668e-06,4.8946354216083e-16,1.6315451405360998e-16,2.4154852723938917e-15,-7.273203150859331e-09,0.0,-1.1422629313528887e-06
ra1_q1,1.0,1.0,1.0,12.566370614359172,0.5,circular,S4G,96,0.1308996938995747,5.551508459176059e-06,3.552713678800501e-15,2.6645352591003757e-15,3.774758283725532e-15,0.0,3.717279550841113e-08,-3.915251717501178e-06
ra3_q1,3.0,3.0,1.0,43.531184741621225,0.43301270189221935,circular,S4G,96,0.4534498410585544,1.3957416413601302e-05,1.687538997430238e-14,7.993605777301127e-15,1.880230182241707e-15,0.0,1.327048702037814e-07,-9.828456981608724e-06
ra10_q1,10.0,10.0,1.0,218.56094184751421,0.28747978728803447,circular,S4G,96,2.276676477578273,2.4811477438834487e-05,7.738370129869071e-14,2.2669366384064912e-14,9.114123684425116e-15,0.0,2.51917793114842e-07,-1.7593820572869845e-05
ra0.1_q0.5,0.1,0.05,0.5,1.1061450642821737,0.16988239714587516,moderate,S4G,96,0.011522344419605977,5.587470011823422e-08,1.0433483738260574e-09,1.24094283236328e-16,3.267622317784422e-15,-1.3318035702036823e-08,2.0816681711721685e-15,-5.3959212209520047e-08
ra0.1_q0.2,0.1,0.020000000000000004,0.2,1.005453905542719,0.07708288167714672,moderate,S4G,96,0.010473478182736655,1.9368017227746132e-07,3.1974054573183135e-08,1.225249410127304e-16,4.951023578923161e-15,-2.2403433309892135e-07,3.885780586188048e-15,-1.936009752512291e-07
ra0.1_q0.05,0.1,0.005000000000000001,0.05,0.9725683631518718,0.020754438065228763,strong,S4G,96,0.010130920449498664,0.00010235139778156098,3.970843537608878e-06,1.3964500041982082e-08,1.1910613746793837e-14,-2.154900100321405e-05,1.5435637865102159e-07,-0.00010234756846472237
ra1_q0.5,1.0,0.5,0.5,6.59182096351981,0.3333333333333333,moderate,S4G,96,0.06866480170333135,6.960943303775629e-07,1.5487929314050852e-08,1.9984014443252818e-15,3.9968028886505635e-15,-3.097585732358965e-08,0.0,-6.167512367483141e-07
ra1_q0.2,1.0,0.2,0.2,5.515082090672513,0.16666666666666669,moderate,S4G,96,0.05744877177783867,1.8006845074749657e-06,9.408921750291605e-07,3.425831047414769e-15,5.162537064506977e-15,-8.232794035389901e-07,4.440892098500626e-16,-1.7645862655513156e-06
ra1_q0.05,1.0,0.05,0.05,5.179202175205102,0.047619047619047616,strong,S4G,96,0.05395002265838648,0.0008651714745024325,0.00015676766633659862,1.5639921026153446e-06,8.1601392309949e-15,-9.074569292874535e-05,3.832311072038408e-06,-0.0008604089034136564
ra10_q0.5,10.0,5.0,0.5,131.83549189152566,0.22473328748774737,moderate,S4G,96,1.373286373870059,2.9735997605481925e-05,2.5222179860058424e-07,3.3819101365504767e-15,3.556930024323586e-15,9.721824891784082e-08,0.0,-2.4684549799758315e-05
ra10_q0.2,10.0,2.0,0.2,96.3165263651157,0.14213381090374028,moderate,S4G,96,1.0032971496366219,0.00027628245507261174,3.410944129989858e-05,3.609907685275804e-11,5.155333495904464e-15,-9.745307199438002e-06,0.0,-0.0002530516035506025
ra10_q0.05,10.0,0.5,0.05,82.26046778076812,0.05372153093502534,strong,S4G,96,0.8568798727163346,2.4076395730467577,0.5000240415743116,0.4999258172684052,4.339914204106866e-15,-0.005479726907091864,0.7201020627817172,-8.863623028950933
ra0.05_q1,0.05,0.05,1.0,1.4752110935185525,0.21295885499997996,circular,KDK,128,0.011525086668113691,0.0011498216289289786,1.2188732498917588e-08,2.2281276092454465e-10,9.123313013183727e-15,0.0,0.000414896556958505,-0.0007642800899532176
ra0.1_q1,0.1,0.1,1.0,2.1856094184751425,0.28747978728803447,circular,KDK,128,0.01707507358183705,0.0024331502996087625,2.4526240140408464e-08,9.4434241569376e-09,3.7412319149520474e-15,0.0,0.0004276288998798783,-0.0018783409546330176
ra0.3_q1,0.3,0.3,1.0,4.473875023445472,0.4213250442347431,circular,KDK,128,0.03495214862066775,0.006558254388465804,7.4569643550836e-08,3.4012956963002735e-09,3.0742539830467712e-15,0.0,0.00047474131186682944,-0.004715550784538891
ra1_q1,1.0,1.0,1.0,12.566370614359172,0.5,circular,KDK,128,0.09817477042468103,0.01761682944497113,2.4173608996017987e-07,4.4025904107532675e-08,1.7763568394002505e-15,0.0,0.0006024836307167991,-0.012291112016420414
ra3_q1,3.0,3.0,1.0,43.531184741621225,0.43301270189221935,circular,KDK,128,0.3400873807939158,0.03510262740628313,5.796336465024865e-07,2.8125485478369684e-07,2.9058102816462743e-15,0.0,0.0008031370607164412,-0.024571782720677504
ra10_q1,10.0,10.0,1.0,218.56094184751421,0.28747978728803447,circular,KDK,128,1.7075073581837048,0.05554181635284621,1.020741457091051e-06,1.645800361237126e-07,3.3984867975822466e-15,0.0,0.001019089352301883,-0.039479251550240235
ra0.1_q0.5,0.1,0.05,0.5,1.1061450642821737,0.16988239714587516,moderate,KDK,128,0.008641758314704482,0.0004409910856779475,1.2419508204930183e-05,1.0138502940407997e-13,3.4718487126459484e-15,0.00015859312230873113,0.0,0.0002617491823286855
ra0.1_q0.2,0.1,0.020000000000000004,0.2,1.005453905542719,0.07708288167714672,moderate,KDK,128,0.007855108637052492,0.00055807831804362,3.95740799616823e-05,1.2154474148462856e-13,1.0352140210475701e-14,0.0002774296152795521,0.0,0.00023019501959709032
ra0.1_q0.05,0.1,0.005000000000000001,0.05,0.9725683631518718,0.020754438065228763,strong,KDK,128,0.007598190337123998,0.0005582656439542276,0.00018402787339298748,2.9392754342628243e-07,1.2119571882702501e-14,0.0010002094859233588,0.0,0.00011950386546288883
ra1_q0.5,1.0,0.5,0.5,6.59182096351981,0.3333333333333333,moderate,KDK,128,0.051498601277498515,0.001268790377949755,0.00014896955705276382,2.526728826168778e-13,9.658940314238862e-15,0.00029817648476404557,0.0,-0.0009744146839949508
ra1_q0.2,1.0,0.2,0.2,5.515082090672513,0.16666666666666669,moderate,KDK,128,0.043086578833379005,0.0004017273377129723,0.0006988529610840543,2.5648055108311905e-13,4.496403249731883e-15,0.0006121837027693589,0.0,-0.0004002299111007801
ra1_q0.05,1.0,0.05,0.05,5.179202175205102,0.047619047619047616,strong,KDK,128,0.04046251699378986,0.0004491245341930407,0.004575296277689271,1.975700211662056e-05,1.049160758270773e-14,0.00265112378710311,0.0,0.00010695950950179167
ra10_q0.5,10.0,5.0,0.5,131.83549189152566,0.22473328748774737,moderate,KDK,128,1.0299647804025442,0.02656541700948907,0.0009776910447583833,4.227387670688096e-15,6.323431154353042e-15,0.0010198793172573773,0.0,-0.020924936320817267
ra10_q0.2,10.0,2.0,0.2,96.3165263651157,0.14213381090374028,moderate,KDK,128,0.7524728622274665,0.04252845923674683,0.012700871215957626,1.7568758947650307e-13,5.311555723053084e-15,0.00365748961502943,0.0,-0.03816021298113981
ra10_q0.05,10.0,0.5,0.05,82.26046778076812,0.05372153093502534,strong,KDK,128,0.642659904537251,1.5598581567991814,0.5758978671601848,0.2265076102198448,4.959901947550704e-15,0.03806338262298348,0.010020315285304804,4.271370459312045
ra0.05_q1,0.05,0.05,1.0,1.4752110935185525,0.21295885499997996,circular,S4G,128,0.011525086668113691,1.655097824582041e-07,3.5825001501928834e-16,2.3883334334619223e-16,5.3762380256261255e-15,-6.2062684158537e-09,0.0,-1.1774264407904411e-07
ra0.1_q1,0.1,0.1,1.0,2.1856094184751425,0.28747978728803447,circular,S4G,128,0.01707507358183705,2.1970619010992137e-07,3.8381995994183985e-16,3.8381995994183985e-16,3.2584923130227507e-15,-5.5770536799837345e-09,0.0,-1.5304819811490233e-07
ra0.3_q1,0.3,0.3,1.0,4.473875023445472,0.4213250442347431,circular,S4G,128,0.03495214862066775,5.11646241982226e-07,1.3052361124288798e-15,8.157725702680499e-16,5.05056011500541e-15,-2.3018590737204176e-09,0.0,-3.6141121029231726e-07
ra1_q1,1.0,1.0,1.0,12.566370614359172,0.5,circular,S4G,128,0.09817477042468103,1.75670592067289e-06,3.552713678800501e-15,2.9605947323337506e-16,4.9960036108132044e-15,0.0,1.1760715734610017e-08,-1.2389333647888634e-06
ra3_q1,3.0,3.0,1.0,43.531184741621225,0.43301270189221935,circular,S4G,128,0.3400873807939158,4.417154653971699e-06,8.526512829121202e-15,7.638334409421077e-15,6.153480596427405e-15,0.0,4.199299915204809e-08,-3.1104490858524514e-06
ra10_q1,10.0,10.0,1.0,218.56094184751421,0.28747978728803447,circular,S4G,128,1.7075073581837048,7.852735464421739e-06,1.2314223714800692e-14,8.535995984123208e-15,7.723833630868743e-15,0.0,7.972476367967829e-08,-5.5683742843370965e-06
ra0.1_q0.5,0.1,0.05,0.5,1.1061450642821737,0.16988239714587516,moderate,S4G,128,0.008641758314704482,1.7674980919598046e-08,3.2980686568858776e-10,0.0,6.535244635568844e-15,-4.209879944649941e-09,4.9960036108132044e-15,-1.706870733642063e-08
ra0.1_q0.2,0.1,0.020000000000000004,0.2,1.005453905542719,0.07708288167714672,moderate,S4G,128,0.007855108637052492,6.116898356268112e-08,1.00389715045808e-08,1.225249410127304e-16,2.3629885263042364e-15,-7.034062360355974e-08,5.551115123125783e-16,-6.114390060929509e-08
ra0.1_q0.05,0.1,0.005000000000000001,0.05,0.9725683631518718,0.020754438065228763,strong,S4G,128,0.007598190337123998,7.788609940054698e-06,1.1097858810288615e-06,1.0151466582034306e-10,1.859727409587108e-14,-6.027127553986932e-06,1.1220999129868403e-09,-7.78858549921324e-06
ra1_q0.5,1.0,0.5,0.5,6.59182096351981,0.3333333333333333,moderate,S4G,128,0.051498601277498515,2.2020809863205746e-07,4.892520139021528e-09,2.498001805406602e-16,4.3298697960381105e-15,-9.785043220134071e-09,2.6645352591003757e-15,-1.951018973045393e-07
ra1_q0.2,1.0,0.2,0.2,5.515082090672513,0.16666666666666669,moderate,S4G,128,0.043086578833379005,5.683387396967036e-07,2.9440439240754507e-07,3.5400254156619278e-15,4.32986979603811e-15,-2.5760372224237216e-07,6.661338147750939e-16,-5.569299403873629e-07
ra1_q0.05,1.0,0.05,0.05,5.179202175205102,0.047619047619047616,strong,S4G,128,0.04046251699378986,9.783367933230491e-05,4.761252054592395e-05,1.0024267352783743e-07,6.411537967210279e-15,-2.755608338386728e-05,2.018559954741761e-07,-9.765303610720366e-05
ra10_q0.5,10.0,5.0,0.5,131.83549189152566,0.22473328748774737,moderate,S4G,128,1.0299647804025442,9.411224108646568e-06,7.995270011436243e-08,4.650126437756905e-15,3.952144471470651e-15,3.0876563883452944e-08,0.0,-7.812417429420293e-06
ra10_q0.2,10.0,2.0,0.2,96.3165263651157,0.14213381090374028,moderate,S4G,128,0.7524728622274665,8.721411202392166e-05,1.0457670685993027e-05,3.606490106555782e-15,2.187111180080682e-15,-2.987882913974005e-06,0.0,-7.987736447034877e-05
ra10_q0.05,10.0,0.5,0.05,82.26046778076812,0.05372153093502534,strong,S4G,128,0.642659904537251,1.5432954750795187,0.0925991084927472,0.09220457722410652,5.373227109846596e-15,-0.0022785872993302814,0.08124737319011341,-0.31396097054370387
ra0.05_q1,0.05,0.05,1.0,1.4752110935185525,0.21295885499997996,circular,KDK,192,0.007683391112075794,0.0005102512756221279,2.407547575934123e-09,4.422763618753457e-11,9.93789453221799e-15,0.0,0.00018436526411355625,-0.0003390736047990117
ra0.1_q1,0.1,0.1,1.0,2.1856094184751425,0.28747978728803447,circular,KDK,192,0.011383382387891368,0.0010804808381847026,4.844735971129158e-09,1.8611230271200643e-09,3.137807412540427e-15,0.0,0.00019002834861961415,-0.0008341356648031706
ra0.3_q1,0.3,0.3,1.0,4.473875023445472,0.4213250442347431,circular,KDK,192,0.023301432413778498,0.0029133438198870928,1.4731269041327577e-08,6.606047959863922e-10,3.293843553264398e-15,0.0,0.00021096360137899212,-0.0020945070715399083
ra1_q1,1.0,1.0,1.0,12.566370614359172,0.5,circular,KDK,192,0.06544984694978735,0.007828039416862572,4.77702929065534e-08,8.815696617148205e-09,3.552713678800501e-15,0.0,0.00026774801020135186,-0.0054611223007725584
ra3_q1,3.0,3.0,1.0,43.531184741621225,0.43301270189221935,circular,KDK,192,0.2267249205292772,0.015603423680284573,1.1460186613021506e-07,5.603834392076124e-08,2.9058102816462743e-15,0.0,0.00035696292258628287,-0.01092213373844686
ra10_q1,10.0,10.0,1.0,218.56094184751421,0.28747978728803447,circular,KDK,192,1.1383382387891365,0.024694418197584354,2.0193031562953004e-07,3.1868001801096016e-08,9.114123684425116e-15,0.0,0.00045301372513613104,-0.01755118568629399
ra0.1_q0.5,0.1,0.05,0.5,1.1061450642821737,0.16988239714587516,moderate,KDK,192,0.0057611722098029885,0.00019601622246899809,5.520428520285641e-06,9.3070712427246e-15,5.105659871538159e-15,7.047884354668965e-05,0.0,0.00011635454934832978
ra0.1_q0.2,0.1,0.020000000000000004,0.2,1.005453905542719,0.07708288167714672,moderate,KDK,192,0.005236739091368328,0.00024807287229375774,1.7582034444690337e-05,1.0414619986082084e-14,4.0508374736644055e-15,0.00012322138746301278,0.0,0.00010239654420729494
ra0.1_q0.05,0.1,0.005000000000000001,0.05,0.9725683631518718,0.020754438065228763,strong,KDK,192,0.005065460224749332,0.00023880901152811924,8.061195221100521e-05,1.0188207903394048e-09,1.3373320698154484e-14,0.0004381579493882916,0.0,4.3907688791477995e-05
ra1_q0.5,1.0,0.5,0.5,6.59182096351981,0.3333333333333333,moderate,KDK,192,0.034332400851665675,0.0005637570016425242,6.623246474818378e-05,2.310651670001107e-14,3.497202527569243e-15,0.00013251182113704907,0.0,-0.00043292120396642986
ra1_q0.2,1.0,0.2,0.2,5.515082090672513,0.16666666666666669,moderate,KDK,192,0.028724385888919336,0.00017781013667287983,0.00031048341998013586,2.4551789173139176e-14,5.9952043329758445e-15,0.0002718085572922524,0.0,-0.00017715249596506055
ra1_q0.05,1.0,0.05,0.05,5.179202175205102,0.047619047619047616,strong,KDK,192,0.02697501132919324,0.0001049825953102318,0.001981420199798161,1.0685335661968094e-07,8.597289546941056e-15,0.0011491883296631256,0.0,-7.604074821898621e-05
ra10_q0.5,10.0,5.0,0.5,131.83549189152566,0.22473328748774737,moderate,KDK,192,0.6866431869350295,0.011816142031217454,0.0004354622001438755,6.341081506032144e-15,3.556930024323586e-15,0.00045349033983654863,0.0,-0.009307205442013355
ra10_q0.2,10.0,2.0,0.2,96.3165263651157,0.14213381090374028,moderate,KDK,192,0.5016485748183109,0.0189030946561242,0.005666544253945594,6.388639617327385e-14,9.529555856065827e-15,0.0016246868244724766,0.0,-0.016959658241368913
ra10_q0.05,10.0,0.5,0.05,82.26046778076812,0.05372153093502534,strong,KDK,192,0.4284399363581673,0.14855547510870376,0.16529862298856643,0.0019095955218981558,1.446638068035622e-14,0.0163319366927972,0.009183223338474456,-0.06452063313024325
ra0.05_q1,0.05,0.05,1.0,1.4752110935185525,0.21295885499997996,circular,S4G,192,0.007683391112075794,3.269201601588925e-08,4.776666866923845e-16,1.1941667167309611e-16,5.213321721819273e-15,-1.2258856429969711e-09,0.0,-2.3256909287283634e-08
ra0.1_q1,0.1,0.1,1.0,2.1856094184751425,0.28747978728803447,circular,S4G,192,0.011383382387891368,4.3397388100048335e-08,7.676399198836797e-16,6.396999332363997e-16,6.75835442701015e-15,-1.1016364209748275e-09,0.0,-3.0230744130221865e-08
ra0.3_q1,0.3,0.3,1.0,4.473875023445472,0.4213250442347431,circular,S4G,192,0.023301432413778498,1.0106565469067971e-07,1.1420815983752699e-15,0.0,3.293843553264398e-15,-4.5477066556998125e-10,1.1102230246251565e-15,-7.138968527442557e-08
ra1_q1,1.0,1.0,1.0,12.566370614359172,0.5,circular,S4G,192,0.06544984694978735,3.4702857617618553e-07,2.3684757858670005e-15,8.881784197001252e-16,3.3306690738754696e-15,0.0,2.323032877171727e-09,-2.447451521447874e-07
ra3_q1,3.0,3.0,1.0,43.531184741621225,0.43301270189221935,circular,S4G,192,0.2267249205292772,8.726576068692042e-07,1.0302869668521452e-14,4.618527782440651e-15,8.375570811803968e-15,0.0,8.29570545590741e-09,-6.145036905991219e-07
ra10_q1,10.0,10.0,1.0,218.56094184751421,0.28747978728803447,circular,S4G,192,1.1383382387891365,1.5514721909392266e-06,6.716849298982196e-15,4.05809645146841e-15,3.861916815434371e-15,0.0,1.575052017699363e-08,-1.1001487294493018e-06
ra0.1_q0.5,0.1,0.05,0.5,1.1061450642821737,0.16988239714587516,moderate,S4G,192,0.0057611722098029885,3.4907598940290083e-09,6.51023428714424e-11,6.204714161816399e-16,7.147923820153422e-15,-8.310183097215429e-10,0.0,-3.370963952420425e-09
ra0.1_q0.2,0.1,0.020000000000000004,0.2,1.005453905542719,0.07708288167714672,moderate,S4G,192,0.005236739091368328,1.206723103058519e-08,1.9723257564868064e-09,2.450498820254608e-16,1.1477372842049148e-14,-1.3819603968123758e-08,3.3306690738754696e-15,-1.2062216114827606e-08
ra0.1_q0.05,0.1,0.005000000000000001,0.05,0.9725683631518718,0.020754438065228763,strong,S4G,192,0.005065460224749332,1.9125968066612395e-07,1.888759934466929e-07,1.9055941658753128e-14,9.821032387707199e-15,-1.0257915952424643e-06,2.1010970741031088e-13,-1.9125717187762348e-07
ra1_q0.5,1.0,0.5,0.5,6.59182096351981,0.3333333333333333,moderate,S4G,192,0.034332400851665675,4.34927536907504e-08,9.653104565687798e-10,4.9960036108132044e-15,9.825473767932635e-15,-1.9306094500848303e-09,9.103828801926284e-15,-3.8533080726210756e-08
ra1_q0.2,1.0,0.2,0.2,5.515082090672513,0.16666666666666669,moderate,S4G,192,0.028724385888919336,1.1206818892624535e-07,5.770592677986234e-08,3.31163667916761e-15,7.827072323607352e-15,-5.049268517187677e-08,6.439293542825908e-15,-1.0981619169569967e-07
ra1_q0.05,1.0,0.05,0.05,5.179202175205102,0.047619047619047616,strong,S4G,192,0.02697501132919324,2.450971091677026e-06,7.807844470244065e-06,5.305852348389741e-11,2.1420365481361614e-14,-4.520290161486029e-06,1.0683898210572806e-10,-2.448206146254961e-06
ra10_q0.5,10.0,5.0,0.5,131.83549189152566,0.22473328748774737,moderate,S4G,192,0.6866431869350295,1.8593719828538687e-06,1.5828294828669805e-08,3.3819101365504767e-15,5.335395036485379e-15,6.115360839942241e-09,0.0,-1.5434871727393329e-06
ra10_q0.2,10.0,2.0,0.2,96.3165263651157,0.14213381090374028,moderate,S4G,192,0.5016485748183109,1.720004748964416e-05,2.0225193575699324e-06,5.667341596016228e-15,3.593111224418263e-15,-5.778618080709563e-07,0.0,-1.575264288788958e-05
ra10_q0.05,10.0,0.5,0.05,82.26046778076812,0.05372153093502534,strong,S4G,192,0.4284399363581673,0.003314794614292202,0.0032830766222366413,2.0908389775982583e-06,5.7865522721424876e-15,-0.0003149174525354237,4.494556186074305e-06,-0.0032585406598215627
ra0.05_q1,0.05,0.05,1.0,1.4752110935185525,0.21295885499997996,circular,KDK,256,0.005762543334056846,0.0002868627336739215,7.617517836023797e-10,1.4017964837689732e-11,4.887489114205568e-15,0.0,0.00010369894535677826,-0.0001906095681292186
ra0.1_q1,0.1,0.1,1.0,2.1856094184751425,0.28747978728803447,circular,KDK,256,0.008537536790918525,0.0006075895272330985,1.5328773826980968e-09,5.884011161903063e-10,6.3962997255631775e-15,0.0,0.0001068830043529645,-0.0004690669516520529
ra0.3_q1,0.3,0.3,1.0,4.473875023445472,0.4213250442347431,circular,KDK,256,0.017476074310333874,0.0016384730381349348,4.66124892597163e-09,2.0778021042852527e-10,4.611380974570157e-15,0.0,0.00011866117593017922,-0.001177905622185449
ra1_q1,1.0,1.0,1.0,12.566370614359172,0.5,circular,KDK,256,0.04908738521234052,0.004402941466074572,1.5116929930059086e-08,2.802589863885411e-09,5.995204332975845e-15,0.0,0.0001506027986850622,-0.0030715684397577547
ra3_q1,3.0,3.0,1.0,43.531184741621225,0.43301270189221935,circular,KDK,256,0.1700436903969579,0.008777340398699911,3.627242648462925e-08,1.778429101761958e-08,7.691850745534256e-15,0.0,0.00020079367863331163,-0.0061439675258796456
ra10_q1,10.0,10.0,1.0,218.56094184751421,0.28747978728803447,circular,KDK,256,0.8537536790918524,0.01389228610901909,6.392490365404271e-08,1.001262673466785e-08,7.569356958251367e-15,0.0,0.0002548344170161698,-0.009873497254396568
ra0.1_q0.5,0.1,0.05,0.5,1.1061450642821737,0.16988239714587516,moderate,KDK,256,0.004320879157352241,0.00011026309816592087,3.105368453922053e-06,1.116848549126952e-15,3.267622317784422e-15,3.9642974114795226e-05,0.0,6.545368115951078e-05
ra0.1_q0.2,0.1,0.020000000000000004,0.2,1.005453905542719,0.07708288167714672,moderate,KDK,256,0.003927554318526246,0.0001395484709247595,9.888635363092385e-06,1.837874115190956e-15,4.388407263136439e-15,6.929622918677712e-05,0.0,5.761527068415262e-05
ra0.1_q0.05,0.1,0.005000000000000001,0.05,0.9725683631518718,0.020754438065228763,strong,KDK,256,0.003799095168561999,0.0001343282102897664,4.516292733615482e-05,4.286853952386425e-12,2.026893918314039e-14,0.00024539201975322383,0.0,2.48619592539967e-05
ra1_q0.5,1.0,0.5,0.5,6.59182096351981,0.3333333333333333,moderate,KDK,256,0.025749300638749258,0.00031708381488746167,3.726044277818641e-05,7.369105325949477e-15,8.326672684688674e-15,7.453572275895048e-05,0.0,-0.00024348825756703718
ra1_q0.2,1.0,0.2,0.2,5.515082090672513,0.16666666666666669,moderate,KDK,256,0.021543289416689503,9.987388863298032e-05,0.00017462408967833403,1.9413042602017025e-15,2.9976021664879223e-15,0.00015283894894593808,0.0,-9.950551130089025e-05
ra1_q0.05,1.0,0.05,0.05,5.179202175205102,0.047619047619047616,strong,KDK,256,0.02023125849689493,5.8492651600962635e-05,0.0011071693024990122,1.0735086001952125e-09,6.702971511174383e-15,0.0006416446036752732,0.0,-4.289692451919791e-05
ra10_q0.5,10.0,5.0,0.5,131.83549189152566,0.22473328748774737,moderate,KDK,256,0.5149823902012721,0.006648394059383479,0.00024513156038050366,2.9591713694816668e-15,3.952144471470651e-15,0.0002551298460559792,0.0,-0.005236729462723133
ra10_q0.2,10.0,2.0,0.2,96.3165263651157,0.14213381090374028,moderate,KDK,256,0.3762364311137332,0.01063324581689391,0.0031917514110137413,1.2880321809127791e-14,3.905555678715503e-15,0.0009137255917188725,0.0,-0.009539761101024169
ra10_q0.05,10.0,0.5,0.05,82.26046778076812,0.05372153093502534,strong,KDK,256,0.3213299522686255,0.027366213680112488,0.09109270884421107,0.00044950119267894625,4.959901947550704e-15,0.008869545565976189,0.0009343931118291238,-0.023011156763217855
ra0.05_q1,0.05,0.05,1.0,1.4752110935185525,0.21295885499997996,circular,S4G,256,0.005762543334056846,1.0344710381086533e-08,2.3883334334619223e-16,0.0,3.0954097723301933e-15,-3.8787167921938703e-10,1.3877787807814457e-15,-7.359091114267358e-09
ra0.1_q1,0.1,0.1,1.0,2.1856094184751425,0.28747978728803447,circular,S4G,256,0.008537536790918525,1.3732280378438459e-08,1.0235198931782395e-15,8.955799065309596e-16,9.534107138103604e-15,-3.4855493491470213e-10,5.9674487573602164e-15,-9.565958691837295e-09
ra0.3_q1,0.3,0.3,1.0,4.473875023445472,0.4213250442347431,circular,S4G,256,0.017476074310333874,3.197875753034924e-08,2.1210086826969296e-15,2.1210086826969296e-15,7.246455817181676e-15,-1.4390248252264354e-10,0.0,-2.2588736214856908e-08
ra1_q1,1.0,1.0,1.0,12.566370614359172,0.5,circular,S4G,256,0.04908738521234052,1.098049017252515e-07,5.329070518200751e-15,4.884981308350689e-15,7.882583474838611e-15,-8.881784197001252e-16,7.349865160932723e-10,-7.744104379980854e-08
ra3_q1,3.0,3.0,1.0,43.531184741621225,0.43301270189221935,circular,S4G,256,0.1700436903969579,2.761288691489116e-07,3.907985046680551e-15,1.4210854715202005e-15,3.0767402982137025e-15,0.0,2.624856628348956e-09,-1.9444311760707933e-07
ra10_q1,10.0,10.0,1.0,218.56094184751421,0.28747978728803447,circular,S4G,256,0.8537536790918524,4.909308213730978e-07,1.5532714003896328e-14,1.2594092435591618e-14,9.26860035704249e-15,-3.907985046680551e-15,4.983818158166287e-09,-3.481189949638974e-07
ra0.1_q0.5,0.1,0.05,0.5,1.1061450642821737,0.16988239714587516,moderate,S4G,256,0.004320879157352241,1.1044524995394395e-09,2.059381858591834e-11,1.116848549126952e-15,1.2049357296830056e-14,-2.62882909884965e-10,2.7755575615628914e-16,-1.0665814897947712e-09
ra0.1_q0.2,0.1,0.020000000000000004,0.2,1.005453905542719,0.07708288167714672,moderate,S4G,256,0.003927554318526246,3.8165952399647155e-09,6.228905797713446e-10,9.801995281018432e-16,8.889337789430223e-15,-4.364446477833627e-09,0.0,-3.814939475432766e-09
ra0.1_q0.05,0.1,0.005000000000000001,0.05,0.9725683631518718,0.020754438065228763,strong,S4G,256,0.003799095168561999,4.8521382078633295e-08,5.715739905525608e-08,3.6646041651448324e-16,2.841830648357828e-14,-3.104240545170888e-07,3.191891195797325e-15,-4.8520611528601876e-08
ra1_q0.5,1.0,0.5,0.5,6.59182096351981,0.3333333333333333,moderate,S4G,256,0.025749300638749258,1.376113739603597e-08,3.0530653005733654e-10,1.124100812432971e-15,3.9968028886505635e-15,-6.106133376704292e-10,3.774758283725532e-15,-1.2191797793548176e-08
ra1_q0.2,1.0,0.2,0.2,5.515082090672513,0.16666666666666669,moderate,S4G,256,0.021543289416689503,3.543780404389345e-08,1.820990935184698e-08,1.1419436824715897e-16,9.325873406851313e-15,-1.5933671881906974e-08,3.552713678800501e-15,-3.472524667813559e-08
ra1_q0.05,1.0,0.05,0.05,5.179202175205102,0.047619047619047616,strong,S4G,256,0.02023125849689493,4.1647207672300894e-07,2.2914266734995346e-06,1.5211241357413676e-13,1.544597783009749e-14,-1.3266125881150614e-06,3.0664359940146824e-13,-4.1593848010279544e-07
ra10_q0.5,10.0,5.0,0.5,131.83549189152566,0.22473328748774737,moderate,S4G,256,0.5149823902012721,5.883603374117117e-07,5.007731306550821e-09,2.113693835344048e-15,4.742573365764781e-15,1.936735216645502e-09,8.881784197001252e-15,-4.884035362806571e-07
ra10_q0.2,10.0,2.0,0.2,96.3165263651157,0.14213381090374028,moderate,S4G,256,0.3762364311137332,5.439212852051411e-06,6.353632948045278e-07,5.152128723651116e-15,1.437244489767305e-14,-1.815322856479895e-07,0.0,-4.9814438654038895e-06
ra10_q0.05,10.0,0.5,0.05,82.26046778076812,0.05372153093502534,strong,S4G,256,0.3213299522686255,0.00039632474281395036,0.0009232539942423642,4.658189156983661e-13,1.8186307141019248e-14,-8.859522465232139e-05,4.836762181881227e-07,-0.0003895804749234344
ra0.05_q1,0.05,0.05,1.0,1.4752110935185525,0.21295885499997996,circular,KDK,384,0.003841695556037897,0.00012744579297030328,1.5046787230822126e-10,2.7718997828759067e-12,1.1729973874093365e-14,0.0,4.6086345265317075e-05,-8.467748821061605e-05
ra0.1_q1,0.1,0.1,1.0,2.1856094184751425,0.28747978728803447,circular,KDK,384,0.005691691193945684,0.00026998235385268385,3.02793903178291e-10,1.1616131971658476e-10,3.861916815434371e-15,0.0,4.750215344406783e-05,-0.0002084315494315092
ra0.3_q1,0.3,0.3,1.0,4.473875023445472,0.4213250442347431,circular,KDK,384,0.011650716206889249,0.0007281204196499046,9.207563001900139e-10,4.086873737980282e-11,4.830970544787783e-15,0.0,5.2735863639667244e-05,-0.0005234327844050313
ra1_q1,1.0,1.0,1.0,12.566370614359172,0.5,circular,KDK,384,0.032724923474893676,0.0019567574101116677,2.986389654087892e-09,5.554644152046725e-10,7.549516567451064e-15,0.0,6.693364948850977e-05,-0.0013650423501658793
ra3_q1,3.0,3.0,1.0,43.531184741621225,0.43301270189221935,circular,KDK,384,0.1133624602646386,0.00390116761654135,7.166612192577304e-09,3.5204848813918944e-09,3.0767402982137025e-15,0.0,8.92427176063156e-05,-0.002730737542741224
ra10_q1,10.0,10.0,1.0,218.56094184751421,0.28747978728803447,circular,KDK,384,0.5691691193945683,0.006174863209079025,1.26319979950699e-08,1.967858708161e-09,1.0349937065364114e-14,0.0,0.0001132661890025588,-0.004388524295841023
ra0.1_q0.5,0.1,0.05,0.5,1.1061450642821737,0.16988239714587516,moderate,KDK,384,0.0028805861049014943,4.900708240820205e-05,1.3802042071677719e-06,1.6132256820722638e-15,1.735924356322974e-14,1.7618663050306127e-05,0.0,2.909187288224757e-05
ra0.1_q0.2,0.1,0.020000000000000004,0.2,1.005453905542719,0.07708288167714672,moderate,KDK,384,0.002618369545684164,6.202391494253441e-05,4.3945507431627565e-06,7.351496460763824e-16,5.40111663155254e-15,3.079331882867991e-05,0.0,2.561224602004586e-05
ra0.1_q0.05,0.1,0.005000000000000001,0.05,0.9725683631518718,0.020754438065228763,strong,KDK,384,0.002532730112374666,5.971500521072297e-05,2.0018465099897706e-05,4.886138886859777e-16,2.4239143765405003e-14,0.00010874279055151506,0.0,1.1121636525501799e-05
ra1_q0.5,1.0,0.5,0.5,6.59182096351981,0.3333333333333333,moderate,KDK,384,0.017166200425832837,0.0001409167755215403,1.656168308931949e-05,2.123301534595612e-15,5.329070518200751e-15,3.31262970407753e-05,0.0,-0.00010820750550522007
ra1_q0.2,1.0,0.2,0.2,5.515082090672513,0.16666666666666669,moderate,KDK,384,0.014362192944459668,4.434264557616936e-05,7.76035094132916e-05,6.851662094829538e-16,9.492406860545087e-15,6.791153573645903e-05,0.0,-4.41794121357475e-05
ra1_q0.05,1.0,0.05,0.05,5.179202175205102,0.047619047619047616,strong,KDK,384,0.01348750566459662,2.5592067502533458e-05,0.000489992753038232,1.463261330285222e-13,1.4134526882259024e-14,0.0002838076082928298,0.0,-1.849015749399996e-05
ra10_q0.5,10.0,5.0,0.5,131.83549189152566,0.22473328748774737,moderate,KDK,384,0.34332159346751473,0.002955415634867995,0.00010900585518671167,1.0991207943789048e-14,7.904288942941302e-15,0.00011340423519552445,0.0,-0.002327888463526051
ra10_q0.2,10.0,2.0,0.2,96.3165263651157,0.14213381090374028,moderate,KDK,384,0.25082428740915547,0.004725960629025462,0.0014199339668783861,1.2880321809127791e-14,6.717555767390665e-15,0.00040605048818043166,0.0,-0.004239884448558939
ra10_q0.05,10.0,0.5,0.05,82.26046778076812,0.05372153093502534,strong,KDK,384,0.21421996817908365,0.009446923183224636,0.03993932287876884,2.49848801101262e-06,8.886490989361677e-15,0.003859681337541998,2.785146531714133e-06,-0.009251374171583393
ra0.05_q1,0.05,0.05,1.0,1.4752110935185525,0.21295885499997996,circular,S4G,384,0.003841695556037897,2.0443657691151107e-09,5.970833583654805e-16,4.776666866923845e-16,9.612061924604285e-15,-7.662107059935863e-11,0.0,-1.4543815041179187e-09
ra0.1_q1,0.1,0.1,1.0,2.1856094184751425,0.28747978728803447,circular,S4G,384,0.005691691193945684,2.7136442769742674e-09,1.4073398531200793e-15,6.396999332363997e-16,1.3154654152573327e-14,-6.885866876693569e-11,1.3877787807814457e-15,-1.8904842136180378e-09
ra0.3_q1,0.3,0.3,1.0,4.473875023445472,0.4213250442347431,circular,S4G,384,0.011650716206889249,6.317993522894457e-09,2.6104722248577597e-15,1.4683906264824898e-15,8.563993238487434e-15,-2.843022114025947e-11,0.0,-4.462926028736547e-09
ra1_q1,1.0,1.0,1.0,12.566370614359172,0.5,circular,S4G,384,0.032724923474893676,2.1690861432339593e-08,2.5165055224836883e-15,1.7763568394002505e-15,3.552713678800501e-15,-5.662137425588298e-15,1.4519496716047797e-10,-1.5297615618692362e-08
ra3_q1,3.0,3.0,1.0,43.531184741621225,0.43301270189221935,circular,S4G,384,0.1133624602646386,5.4546126935894126e-08,6.394884621840902e-15,1.5987211554602255e-15,5.127900497022838e-15,-5.1810407815840636e-15,5.185107158448924e-10,-3.841011420036011e-08
ra10_q1,10.0,10.0,1.0,218.56094184751421,0.28747978728803447,circular,S4G,384,0.5691691193945683,9.69787246692952e-08,7.836324182145896e-15,9.79540522768237e-16,4.943253523755995e-15,-9.947598300641402e-15,9.84501014045236e-10,-6.8767548100368e-08
ra0.1_q0.5,0.1,0.05,0.5,1.1061450642821737,0.16988239714587516,moderate,S4G,384,0.0028805861049014943,2.182800888935005e-10,4.067686510203595e-12,2.48188566472656e-16,6.535244635568844e-15,-5.191999608022968e-11,5.9674487573602164e-15,-2.1075408085380332e-10
ra0.1_q0.2,0.1,0.020000000000000004,0.2,1.005453905542719,0.07708288167714672,moderate,S4G,384,0.002618369545684164,7.539391829437641e-10,1.2287720021814198e-10,4.900997640509216e-16,9.226907578902256e-15,-8.609685880900384e-10,4.440892098500626e-15,-7.535803092650895e-10
ra0.1_q0.05,0.1,0.005000000000000001,0.05,0.9725683631518718,0.020754438065228763,strong,S4G,384,0.002532730112374666,9.488473606436467e-09,1.0986491715693788e-08,1.2215347217149442e-16,3.322434360947755e-14,-5.966810864843629e-08,3.469446951953614e-15,-9.488282159964001e-09
ra1_q0.5,1.0,0.5,0.5,6.59182096351981,0.3333333333333333,moderate,S4G,384,0.017166200425832837,2.7186592151067908e-09,6.029189647538402e-11,2.373101715136272e-15,5.495603971894525e-15,-1.2057987941460624e-10,2.6645352591003757e-15,-2.408484078841866e-09
ra1_q0.2,1.0,0.2,0.2,5.515082090672513,0.16666666666666669,moderate,S4G,384,0.014362192944459668,6.997451629404484e-09,3.5902209205573853e-09,3.31163667916761e-15,1.1990408665951689e-14,-3.141453486232848e-09,0.0,-6.8565810806830996e-09
ra1_q0.05,1.0,0.05,0.05,5.179202175205102,0.047619047619047616,strong,S4G,384,0.01348750566459662,7.843356545044521e-08,4.3330174841558415e-07,2.6705910210528766e-15,1.4134526882259024e-14,-2.5085881330544346e-07,1.3322676295501878e-15,-7.833177306793004e-08
ra10_q0.5,10.0,5.0,0.5,131.83549189152566,0.22473328748774737,moderate,S4G,384,0.34332159346751473,1.1622904786306891e-07,9.890588540480885e-10,1.6064073148614764e-14,9.28753950795603e-15,3.8281271486084733e-10,1.7763568394002505e-14,-9.648198329159641e-08
ra10_q0.2,10.0,2.0,0.2,96.3165263651157,0.14213381090374028,moderate,S4G,384,0.25082428740915547,1.073995473593557e-06,1.2487043319665825e-07,4.8086534754077085e-15,1.5934667169159253e-14,-3.567726547526462e-08,1.0835776720341527e-14,-9.835989729367611e-07
ra10_q0.05,10.0,0.5,0.05,82.26046778076812,0.05372153093502534,strong,S4G,384,0.21421996817908365,3.8036809689974356e-05,0.0001519210328097775,2.725375090928764e-09,1.6326343910687734e-14,-1.458004072185659e-05,3.056938524537145e-09,-3.7481211187184726e-05
ra0.05_q1,0.05,0.05,1.0,1.4752110935185525,0.21295885499997996,circular,KDK,512,0.002881271667028423,7.167866133224191e-05,4.7608919245958285e-11,8.775931201255833e-13,5.3762380256261255e-15,0.0,2.592316538679862e-05,-4.762363153076876e-05
ra0.1_q1,0.1,0.1,1.0,2.1856094184751425,0.28747978728803447,circular,KDK,512,0.004268768395459263,0.00015185376742235008,9.580414874120281e-11,3.6746155324911865e-11,7.603148730386419e-15,0.0,2.6719230162008945e-05,-0.00011723435009969307
ra0.3_q1,0.3,0.3,1.0,4.473875023445472,0.4213250442347431,circular,KDK,512,0.008738037155166937,0.00040955005086545264,2.913389790285114e-10,1.2912048242202694e-11,5.05056011500541e-15,0.0,2.9663786795623242e-05,-0.00029441502930183105
ra1_q1,1.0,1.0,1.0,12.566370614359172,0.5,circular,KDK,512,0.02454369260617026,0.0011006552280858305,9.449503401981474e-10,1.7596354003520295e-10,7.105427357601002e-15,0.0,3.764990607546537e-05,-0.000767816812071942
ra3_q1,3.0,3.0,1.0,43.531184741621225,0.43301270189221935,circular,KDK,512,0.08502184519847895,0.002194431411226546,2.2677440369989197e-09,1.1147299971980828e-09,9.230220894641107e-15,0.0,5.019919211187348e-05,-0.0015360567128013258
ra10_q1,10.0,10.0,1.0,218.56094184751421,0.28747978728803447,circular,KDK,512,0.4268768395459262,0.003473459700776315,3.997374034790205e-09,6.215635205604937e-10,1.0658890410598864e-14,0.0,6.371307601629183e-05,-0.0024686046315096632
ra0.1_q0.5,0.1,0.05,0.5,1.1061450642821737,0.16988239714587516,moderate,KDK,512,0.0021604395786761206,2.756673226014829e-05,7.76372830817655e-07,3.7228284970898397e-16,6.943697425291897e-15,9.910412023944604e-06,0.0,1.6364443922611827e-05
ra0.1_q0.2,0.1,0.020000000000000004,0.2,1.005453905542719,0.07708288167714672,moderate,KDK,512,0.001963777159263123,3.4888918601363557e-05,2.4718565278184265e-06,2.450498820254608e-16,9.56447736837429e-15,1.7320257645649092e-05,0.0,1.4407962446227884e-05
ra0.1_q0.05,0.1,0.005000000000000001,0.05,0.9725683631518718,0.020754438065228763,strong,KDK,512,0.0018995475842809996,3.359237954348376e-05,1.12500888144877e-05,6.10767360857472e-16,4.931412007444466e-14,6.110654440175804e-05,0.0,6.269984368145742e-06
ra1_q0.5,1.0,0.5,0.5,6.59182096351981,0.3333333333333333,moderate,KDK,512,0.012874650319374629,7.926384304172399e-05,9.316239370199542e-06,9.117706589734098e-15,1.199040866595169e-14,1.8633406089429982e-05,0.0,-6.086485233680605e-05
ra1_q0.2,1.0,0.2,0.2,5.515082090672513,0.16666666666666669,moderate,KDK,512,0.010771644708344751,2.4933738516518454e-05,4.3650562788093746e-05,5.367135307616471e-15,1.5820678100908478e-14,3.8196920460059625e-05,0.0,-2.4842015882597934e-05
ra1_q0.05,1.0,0.05,0.05,5.179202175205102,0.047619047619047616,strong,KDK,512,0.010115629248447465,1.4316038558022165e-05,0.000275231441528511,4.005886531579315e-15,2.520900155289496e-14,0.00015938476735699592,0.0,-1.028492123111846e-05
ra10_q0.5,10.0,5.0,0.5,131.83549189152566,0.22473328748774737,moderate,KDK,512,0.25749119510063606,0.0016625340364040558,6.132731631434855e-05,2.0080091435768453e-14,1.0275575625823693e-14,6.379248050176755e-05,0.0,-0.0013095265102833764
ra10_q0.2,10.0,2.0,0.2,96.3165263651157,0.14213381090374028,moderate,KDK,512,0.1881182155568666,0.002658366522004635,0.0007989847951800198,1.717376241217039e-14,1.562222271486201e-14,0.00022839373640048954,0.0,-0.002384933754733254
ra10_q0.05,10.0,0.5,0.05,82.26046778076812,0.05372153093502534,strong,KDK,512,0.16066497613431274,0.005270416812154615,0.022385630836172645,1.1126449793766044e-08,1.6326343910687734e-14,0.002156759881962955,8.441906551581724e-09,-0.005164096613889058
ra0.05_q1,0.05,0.05,1.0,1.4752110935185525,0.21295885499997996,circular,S4G,512,0.002881271667028423,6.479129192960014e-10,3.5825001501928834e-16,1.1941667167309611e-16,5.213321721819273e-15,-2.4240748297543746e-11,2.0816681711721685e-15,-4.610143378158682e-10
ra0.1_q1,0.1,0.1,1.0,2.1856094184751425,0.28747978728803447,circular,S4G,512,0.004268768395459263,8.600503667271277e-10,1.2793998664727994e-15,7.676399198836797e-16,1.1827120247267762e-14,-2.1786739079487916e-11,1.5681900222830336e-14,-5.991864782117773e-10
ra0.3_q1,0.3,0.3,1.0,4.473875023445472,0.4213250442347431,circular,S4G,512,0.008738037155166937,2.0001196967643087e-09,2.6104722248577597e-15,8.157725702680499e-16,8.783582808705061e-15,-9.002613469514625e-12,2.590520390792032e-15,-1.4132410797174089e-09
ra1_q1,1.0,1.0,1.0,12.566370614359172,0.5,circular,S4G,512,0.02454369260617026,6.863246901617585e-09,7.105427357601002e-15,6.217248937900877e-15,1.0325074129013956e-14,-1.4099832412739488e-14,4.593925240214958e-11,-4.840558176510967e-09
ra3_q1,3.0,3.0,1.0,43.531184741621225,0.43301270189221935,circular,S4G,512,0.08502184519847895,1.7259169967404892e-08,8.171241461241152e-15,7.105427357601002e-15,6.666270646129688e-15,-4.292862361883938e-15,1.640640216275339e-10,-1.215372691376615e-08
ra10_q1,10.0,10.0,1.0,218.56094184751421,0.28747978728803447,circular,S4G,512,0.4268768395459262,3.068608250099909e-08,1.2873961156382542e-14,1.0774945750450606e-14,7.569356958251367e-15,-3.730349362740526e-15,3.115188107472022e-10,-2.175950442051544e-08
ra0.1_q0.5,0.1,0.05,0.5,1.1061450642821737,0.16988239714587516,moderate,S4G,512,0.0021604395786761206,6.909560819518128e-11,1.287105905727194e-12,9.92754265890624e-16,1.0415546137937845e-14,-1.643032931930577e-11,2.0816681711721685e-15,-6.67128574605158e-11
ra0.1_q0.2,0.1,0.020000000000000004,0.2,1.005453905542719,0.07708288167714672,moderate,S4G,512,0.001963777159263123,2.387385036636025e-10,3.886086796618466e-11,3.675748230381912e-16,8.101674947328811e-15,-2.7229277860252305e-10,0.0,-2.3868551579653285e-10
ra0.1_q0.05,0.1,0.005000000000000001,0.05,0.9725683631518718,0.020754438065228763,strong,S4G,512,0.0018995475842809996,2.99637332090129e-09,3.4452818812324404e-09,6.10767360857472e-16,2.507497630903966e-14,-1.8711470740895294e-08,6.522560269672795e-15,-2.996294767854124e-09
ra1_q0.5,1.0,0.5,0.5,6.59182096351981,0.3333333333333333,moderate,S4G,512,0.012874650319374629,8.606478204856175e-10,1.9075865886897247e-11,2.8727020762175925e-15,6.161737786669619e-15,-3.815037175058933e-11,4.440892098500626e-15,-7.622844577781507e-10
ra1_q0.2,1.0,0.2,0.2,5.515082090672513,0.16666666666666669,moderate,S4G,512,0.010771644708344751,2.214166337807658e-09,1.1352230013171396e-09,1.1419436824715897e-16,7.993605777301126e-15,-9.933165401321276e-10,5.10702591327572e-15,-2.1693793428312347e-09
ra1_q0.05,1.0,0.05,0.05,5.179202175205102,0.047619047619047616,strong,S4G,512,0.010115629248447465,2.4742345834446416e-08,1.3524716937521585e-07,8.456871566667442e-15,6.52811138479592e-14,-7.83010437044318e-08,0.0,-2.4710196555588482e-08
ra10_q0.5,10.0,5.0,0.5,131.83549189152566,0.22473328748774737,moderate,S4G,512,0.25749119510063606,3.677938283085973e-08,3.1295266378350556e-10,7.609297807238572e-15,6.718645601500107e-15,1.211445166404701e-10,7.460698725481052e-15,-3.05301952607806e-08
ra10_q0.2,10.0,2.0,0.2,96.3165263651157,0.14213381090374028,moderate,S4G,512,0.1881182155568666,3.3977418695727325e-07,3.9440357870249014e-08,1.7345500036292094e-14,5.467777950201704e-15,-1.1268677768683233e-08,4.618527782440651e-15,-3.111745314754444e-07
ra10_q0.05,10.0,0.5,0.05,82.26046778076812,0.05372153093502534,strong,S4G,512,0.16066497613431274,1.1537426471647361e-05,4.5409857289031714e-05,7.064842662498197e-12,1.7359656816427463e-14,-4.3581870504683096e-06,7.911005184269015e-12,-1.136988691996521e-05
ra0.05_q1,0.05,0.05,1.0,1.4752110935185525,0.21295885499997996,circular,KDK,768,0.0019208477780189486,3.18541365567697e-05,9.404182310927991e-12,1.7279592391097007e-13,1.4825383646423558e-14,-5.134781488891349e-15,1.1521278229648102e-05,-2.1163691897641e-05
ra0.1_q1,0.1,0.1,1.0,2.1856094184751425,0.28747978728803447,circular,KDK,768,0.002845845596972842,6.748697499493374e-05,1.8925650464785534e-11,7.258803082420075e-12,1.3033969252091003e-14,0.0,1.1875230764013534e-05,-5.210149089407423e-05
ra0.3_q1,0.3,0.3,1.0,4.473875023445472,0.4213250442347431,circular,KDK,768,0.0058253581034446245,0.00018201663078955428,5.754981805115796e-11,2.547168273404959e-12,7.026866246964049e-15,0.0,1.3183781145675866e-05,-0.0001308460731124228
ra1_q1,1.0,1.0,1.0,12.566370614359172,0.5,circular,KDK,768,0.016362461737446838,0.0004891734858179178,1.8666253727891066e-10,3.4786395985975105e-11,3.9968028886505635e-15,0.0,1.6733204565522186e-05,-0.0003412457252309764
ra3_q1,3.0,3.0,1.0,43.531184741621225,0.43301270189221935,circular,KDK,768,0.0566812301323193,0.0009753106026492382,4.479801418710849e-10,2.2031159119251241e-10,5.811620563292549e-15,0.0,2.231080431439973e-05,-0.0006826972272691023
ra10_q1,10.0,10.0,1.0,218.56094184751421,0.28747978728803447,circular,KDK,768,0.28458455969728413,0.001543791055298375,7.896796815990794e-10,1.2261678362472198e-10,8.34174032133824e-15,0.0,2.8317346118456043e-05,-0.0010971765703047254
ra0.1_q0.5,0.1,0.05,0.5,1.1061450642821737,0.16988239714587516,moderate,KDK,768,0.0014402930524507471,1.2251959608252686e-05,3.4505711928885107e-07,1.6132256820722638e-15,2.2669129829629428e-14,4.404600288526739e-06,0.0,7.2731703042450135e-06
ra0.1_q0.2,0.1,0.020000000000000004,0.2,1.005453905542719,0.07708288167714672,moderate,KDK,768,0.001309184772842082,1.5506333530241823e-05,1.0985780762428994e-06,7.351496460763824e-16,1.496559399992683e-14,7.697580013676928e-06,0.0,6.403879609706564e-06
ra0.1_q0.05,0.1,0.005000000000000001,0.05,0.9725683631518718,0.020754438065228763,strong,KDK,768,0.001266365056187333,1.4930797300546508e-05,4.996811678098115e-06,4.886138886859777e-16,2.94630971631216e-14,2.713924106417797e-05,0.0,2.791104193988758e-06
ra1_q0.5,1.0,0.5,0.5,6.59182096351981,0.3333333333333333,moderate,KDK,768,0.008583100212916419,3.5227789635932386e-05,4.140643737382543e-06,7.369105325949477e-15,9.159339953157541e-15,8.281470647464317e-06,0.0,-2.705045190509736e-05
ra1_q0.2,1.0,0.2,0.2,5.515082090672513,0.16666666666666669,moderate,KDK,768,0.007181096472229834,1.1078805760980764e-05,1.939980290490695e-05,4.910357834627835e-15,6.494804694057165e-15,1.6975356485066095e-05,0.0,-1.103807065305773e-05
ra1_q0.05,1.0,0.05,0.05,5.179202175205102,0.047619047619047616,strong,KDK,768,0.00674375283229831,6.337750539931987e-06,0.0001222038870399125,6.676477552632192e-15,3.307770723992576e-14,7.07575521723125e-05,0.0,-4.534564361335924e-06
ra10_q0.5,10.0,5.0,0.5,131.83549189152566,0.22473328748774737,moderate,KDK,768,0.17166079673375736,0.0007389397763413344,2.7260243981103583e-05,1.2682163012064287e-15,4.544966142191249e-15,2.835303851540516e-05,6.217248937900877e-15,-0.000582040121770433
ra10_q0.2,10.0,2.0,0.2,96.3165263651157,0.14213381090374028,moderate,KDK,768,0.12541214370457773,0.0011815004555597122,0.00035519077967124767,8.586881206085195e-15,1.0779333673254789e-14,0.0001015052785982018,0.0,-0.0010599702460467597
ra10_q0.05,10.0,0.5,0.05,82.26046778076812,0.05372153093502534,strong,KDK,768,0.10710998408954182,0.0023303122643806035,0.009926811558246887,3.466884037914913e-13,2.2939546507422005e-14,0.000954354833707205,0.0,-0.0022832259510110475
ra0.05_q1,0.05,0.05,1.0,1.4752110935185525,0.21295885499997996,circular,S4G,768,0.0019208477780189486,1.2905626266714527e-10,3.5825001501928834e-16,1.1941667167309611e-16,5.70207063323983e-15,-4.790196017623316e-12,1.3877787807814457e-15,-9.208633855450898e-11
ra0.1_q1,0.1,0.1,1.0,2.1856094184751425,0.28747978728803447,circular,S4G,768,0.002845845596972842,1.7111591996387255e-10,6.396999332363997e-16,3.8381995994183985e-16,6.034245024116205e-15,-4.307249001911373e-12,2.0816681711721685e-15,-1.191935439237568e-10
ra0.3_q1,0.3,0.3,1.0,4.473875023445472,0.4213250442347431,circular,S4G,768,0.0058253581034446245,3.9685522389937947e-10,3.0999357670185898e-15,2.6104722248577597e-15,1.1857836791751832e-14,-1.779687508474126e-12,1.313763912473102e-14,-2.810338628478348e-10
ra1_q1,1.0,1.0,1.0,12.566370614359172,0.5,circular,S4G,768,0.016362461737446838,1.3561755381645222e-09,4.736951571734001e-15,1.4802973661668753e-16,6.772360450213455e-15,-7.771561172376096e-16,9.07496300328603e-12,-9.566392122906109e-10
ra3_q1,3.0,3.0,1.0,43.531184741621225,0.43301270189221935,circular,S4G,768,0.0566812301323193,3.408542683453431e-09,1.0658141036401503e-14,7.815970093361103e-15,8.888360861506252e-15,-1.879977655031932e-14,3.2411554921433585e-11,-2.4001778342608304e-09
ra10_q1,10.0,10.0,1.0,218.56094184751421,0.28747978728803447,circular,S4G,768,0.28458455969728413,6.059370354516302e-09,3.988129271270679e-14,3.932155527112494e-14,2.4098360928310474e-14,-4.2099657093785935e-14,6.153868525871075e-11,-4.2967656099790474e-09
ra0.1_q0.5,0.1,0.05,0.5,1.1061450642821737,0.16988239714587516,moderate,S4G,768,0.0014402930524507471,1.371079657601965e-11,2.545173749177087e-13,1.116848549126952e-15,1.2049357296830056e-14,-3.2449043452231763e-12,4.9960036108132044e-15,-1.3152146038919454e-11
ra0.1_q0.2,0.1,0.020000000000000004,0.2,1.005453905542719,0.07708288167714672,moderate,S4G,768,0.001309184772842082,4.74503783642871e-11,7.674104630450343e-12,3.675748230381912e-16,1.0239616947318358e-14,-5.377417261476224e-11,5.2735593669694936e-15,-4.742872761198669e-11
ra0.1_q0.05,0.1,0.005000000000000001,0.05,0.9725683631518718,0.020754438065228763,strong,S4G,768,0.001266365056187333,5.911540989567686e-10,6.763282287531627e-10,4.886138886859777e-16,2.862726461948694e-14,-3.6731650707166877e-09,5.134781488891349e-15,-5.910933964514697e-10
ra1_q0.5,1.0,0.5,0.5,6.59182096351981,0.3333333333333333,moderate,S4G,768,0.008583100212916419,1.7031378026638707e-10,3.766986722553156e-12,8.368306048112117e-15,8.826273045769994e-15,-7.540856827858988e-12,0.0,-1.5079137938300846e-10
ra1_q0.2,1.0,0.2,0.2,5.515082090672513,0.16666666666666669,moderate,S4G,768,0.007181096472229834,4.3774208265293303e-10,2.2413522466584774e-10,2.5122761014374972e-15,7.494005416219805e-15,-1.9611950952125312e-10,0.0,-4.2866332705671084e-10
ra1_q0.05,1.0,0.05,0.05,5.179202175205102,0.047619047619047616,strong,S4G,768,0.00674375283229831,4.8773484360371464e-09,2.6467048321170015e-08,2.0029432657896576e-15,1.9671764217576992e-14,-1.5323026458791134e-08,2.220446049250313e-15,-4.871104408721294e-09
ra10_q0.5,10.0,5.0,0.5,131.83549189152566,0.22473328748774737,moderate,S4G,768,0.17166079673375736,7.268921733039177e-09,6.18255446838134e-11,6.341081506032143e-16,9.089932284382498e-15,2.392095410641559e-11,5.151434834260726e-15,-6.033140209638077e-09
ra10_q0.2,10.0,2.0,0.2,96.3165263651157,0.14213381090374028,moderate,S4G,768,0.12541214370457773,6.711138994899173e-08,7.780939720661295e-09,6.5260297166247475e-15,6.873777994539285e-15,-2.2231285701224124e-09,1.0480505352461478e-14,-6.146152742303457e-08
ra10_q0.05,10.0,0.5,0.05,82.26046778076812,0.05372153093502534,strong,S4G,768,0.10710998408954182,2.262222189835424e-06,8.667755397332336e-06,3.1023570809081993e-15,1.3019742612320598e-14,-8.318886006719595e-07,1.5454304502782178e-14,-2.229356674376959e-06
ra0.05_q1,0.05,0.05,1.0,1.4752110935185525,0.21295885499997996,circular,KDK,1024,0.0014406358335142114,1.791735276682435e-05,2.975982874765228e-12,5.51705023129704e-14,8.797480405570024e-15,0.0,6.4806934059469246e-06,-1.1904111204330547e-05
ra0.1_q1,0.1,0.1,1.0,2.1856094184751425,0.28747978728803447,circular,KDK,1024,0.0021343841977296313,3.7960717401575e-05,5.988359015012585e-12,2.296522760318675e-12,5.31013562122226e-15,0.0,6.679792020763964e-06,-2.9306564101716504e-05
ra0.3_q1,0.3,0.3,1.0,4.473875023445472,0.4213250442347431,circular,KDK,1024,0.004369018577583469,0.00010238324979456226,1.8207717459354767e-11,8.046780633124044e-13,1.1638247221534205e-14,0.0,7.41585249393791e-06,-7.359992203959109e-05
ra1_q1,1.0,1.0,1.0,12.566370614359172,0.5,circular,KDK,1024,0.01227184630308513,0.00027515878294718843,5.906371688032171e-11,1.1012820285335087e-11,5.329070518200751e-15,0.0,9.412410344022959e-06,-0.000191949501939348
ra3_q1,3.0,3.0,1.0,43.531184741621225,0.43301270189221935,circular,KDK,1024,0.04251092259923948,0.0005486137333294405,1.4175327578414e-10,6.971667687594163e-11,9.230220894641107e-15,0.0,1.2549837842860493e-05,-0.00038401824580347466
ra10_q1,10.0,10.0,1.0,218.56094184751421,0.28747978728803447,circular,KDK,1024,0.2134384197729631,0.0008683885791693649,2.4988960322288217e-10,3.879708128836275e-11,1.436633055341586e-14,0.0,1.5928572605972136e-05,-0.0006171655540754273
ra0.1_q0.5,0.1,0.05,0.5,1.1061450642821737,0.16988239714587516,moderate,KDK,1024,0.0010802197893380603,6.891742846023599e-06,1.940951281875411e-07,4.96377132945312e-16,9.394414163630212e-15,2.4775822872469266e-06,0.0,4.091175121345714e-06
ra0.1_q0.2,0.1,0.020000000000000004,0.2,1.005453905542719,0.07708288167714672,moderate,KDK,1024,0.0009818885796315615,8.722341394756686e-06,6.179452834834621e-07,1.225249410127304e-16,1.8791384947276546e-14,4.329827293057808e-06,0.0,3.602249115886025e-06
ra0.1_q0.05,0.1,0.005000000000000001,0.05,0.9725683631518718,0.020754438065228763,strong,KDK,1024,0.0009497737921404998,8.398740357162341e-06,2.8100755137633482e-06,1.465841666057933e-15,1.7761441552236426e-14,1.5262063056582783e-05,0.0,1.5708690170868067e-06
ra1_q0.5,1.0,0.5,0.5,6.59182096351981,0.3333333333333333,moderate,KDK,1024,0.006437325159687314,1.981551674497827e-05,2.329130392803025e-06,1.124100812432971e-15,7.993605777301127e-15,4.658318739192424e-06,0.0,-1.521576248819656e-05
ra1_q0.2,1.0,0.2,0.2,5.515082090672513,0.16666666666666669,moderate,KDK,1024,0.005385822354172376,6.231266266099361e-06,1.091230117684004e-05,3.425831047414769e-15,5.495603971894524e-15,9.548430882494463e-06,0.0,-6.208358676929038e-06
ra1_q0.05,1.0,0.05,0.05,5.179202175205102,0.047619047619047616,strong,KDK,1024,0.0050578146242237325,3.5601092430604106e-06,6.871608167011282e-05,6.565202926754988e-15,4.356931482263349e-14,3.978550294936323e-05,0.0,-2.543531444132441e-06
ra10_q0.5,10.0,5.0,0.5,131.83549189152566,0.22473328748774737,moderate,KDK,1024,0.12874559755031803,0.0004156606630848736,1.5334607696802462e-05,1.1413946710857858e-14,1.5215756215162008e-14,1.594874658827905e-05,1.5454304502782178e-14,-0.0003274031498321506
ra10_q0.2,10.0,2.0,0.2,96.3165263651157,0.14213381090374028,moderate,KDK,1024,0.0940591077784333,0.0006645948261352271,0.0001998118393896405,1.064773269554564e-14,1.0623111446106168e-14,5.709612109527917e-05,0.0,-0.0005962332119224811
ra10_q0.05,10.0,0.5,0.05,82.26046778076812,0.05372153093502534,strong,KDK,1024,0.08033248806715637,0.0013084547327058189,0.005579695381485881,2.1251146004221166e-14,2.169957102053433e-14,0.0005360260701554598,0.0,-0.0012819991024173305
ra0.05_q1,0.05,0.05,1.0,1.4752110935185525,0.21295885499997996,circular,S4G,1024,0.0014406358335142114,4.208381653843926e-11,1.3135833884040572e-15,9.55333373384769e-16,2.345994774818673e-14,-1.5126788710517758e-12,8.18789480661053e-15,-2.9899638320785016e-11
ra0.1_q1,0.1,0.1,1.0,2.1856094184751425,0.28747978728803447,circular,S4G,1024,0.0021343841977296313,5.554637442606041e-11,1.5352798397673594e-15,6.396999332363997e-16,1.5206297460772837e-14,-1.3616885397027545e-12,1.3461454173580023e-14,-3.7054803669889225e-11
ra0.3_q1,0.3,0.3,1.0,4.473875023445472,0.4213250442347431,circular,S4G,1024,0.004369018577583469,1.268678346501134e-10,4.242017365393859e-15,2.9367812529649796e-15,1.6030038625886737e-14,-5.663987797296007e-13,4.070817756958908e-15,-8.713385568626109e-11
ra1_q1,1.0,1.0,1.0,12.566370614359172,0.5,circular,S4G,1024,0.01227184630308513,4.2961064035267376e-10,3.700743415417189e-15,2.6645352591003757e-15,5.440092820663267e-15,-6.772360450213455e-15,2.879918525877656e-12,-3.0167512932166574e-10
ra3_q1,3.0,3.0,1.0,43.531184741621225,0.43301270189221935,circular,S4G,1024,0.04251092259923948,1.07954014853737e-09,1.3677947663381929e-14,5.861977570020826e-15,1.145231111001767e-14,-4.884981308350689e-15,1.0267194501996832e-11,-7.603304652548104e-10
ra10_q1,10.0,10.0,1.0,218.56094184751421,0.28747978728803447,circular,S4G,1024,0.2134384197729631,1.920569904969657e-09,3.918162091072948e-14,3.246477161174728e-14,2.3325977565223602e-14,0.0,1.950599681777021e-11,-1.3621672678709729e-09
ra0.1_q0.5,0.1,0.05,0.5,1.1061450642821737,0.16988239714587516,moderate,S4G,1024,0.0010802197893380603,4.344325697008019e-12,8.041309553714054e-14,1.24094283236328e-16,1.0823998927660897e-14,-1.0343115253164115e-12,1.3877787807814457e-15,-4.064304448547773e-12
ra0.1_q0.2,0.1,0.020000000000000004,0.2,1.005453905542719,0.07708288167714672,moderate,S4G,1024,0.0009818885796315615,1.5339084122123042e-11,2.429179480518393e-12,8.576745870891128e-16,1.7103535999916376e-14,-1.7013994380032923e-11,1.3183898417423734e-14,-1.5141665699047735e-11
ra0.1_q0.05,0.1,0.005000000000000001,0.05,0.9725683631518718,0.020754438065228763,strong,S4G,1024,0.0009497737921404998,1.870913175939441e-10,2.1353550747521202e-10,1.2215347217149442e-16,4.806037125899268e-14,-1.1597601351498452e-09,6.938893903907228e-15,-1.8695089920583996e-10
ra1_q0.5,1.0,0.5,0.5,6.59182096351981,0.3333333333333333,moderate,S4G,1024,0.006437325159687314,5.4644403680519564e-11,1.2019135686713867e-12,1.074140776324839e-14,2.8477220581635265e-14,-2.3867574583391615e-12,1.6431300764452317e-14,-4.837374945054762e-11
ra1_q0.2,1.0,0.2,0.2,5.515082090672513,0.16666666666666669,moderate,S4G,1024,0.005385822354172376,1.3886599880425273e-10,7.09069374644449e-11,6.851662094829538e-16,1.8651746813702627e-14,-6.204495250905495e-11,1.7763568394002505e-15,-1.3571366253017914e-10
ra1_q0.05,1.0,0.05,0.05,5.179202175205102,0.047619047619047616,strong,S4G,1024,0.0050578146242237325,1.5423346726432316e-09,8.347547362432616e-09,4.562259660965331e-15,2.8123336992535997e-14,-4.832802907861478e-09,3.1086244689504383e-15,-1.5402363828798116e-09
ra10_q0.5,10.0,5.0,0.5,131.83549189152566,0.22473328748774737,moderate,S4G,1024,0.12874559755031803,2.3024907327363794e-09,1.9579991474326052e-11,7.397928423704167e-15,1.64013995566032e-14,7.544720403984684e-12,0.0,-1.910514413339115e-09
ra10_q0.2,10.0,2.0,0.2,96.3165263651157,0.14213381090374028,moderate,S4G,1024,0.0940591077784333,2.1235982534982797e-08,2.4608859481439756e-09,2.1123727766969577e-14,2.437066743518474e-14,-7.030992454915008e-10,3.0730973321624334e-14,-1.9447632837454876e-08
ra10_q0.05,10.0,0.5,0.05,82.26046778076812,0.05372153093502534,strong,S4G,1024,0.08033248806715637,7.141366796467491e-07,2.712183567071634e-06,1.6907846090949686e-14,1.549969358609595e-14,-2.603023221414702e-07,0.0,-7.037599232262437e-07
ra0.05_q1,0.05,0.05,1.0,1.4752110935185525,0.21295885499997996,circular,KDK,1536,0.0009604238890094743,7.963078235137562e-06,5.880076913183252e-13,1.1105750465597938e-14,5.864986937046683e-15,-2.7755575615628914e-15,2.8803001381194626e-06,-5.290568211080426e-06
ra0.1_q1,0.1,0.1,1.0,2.1856094184751425,0.28747978728803447,circular,KDK,1536,0.001422922798486421,1.6871206415578025e-05,1.183188996514045e-12,4.534193126779601e-13,8.568627934245011e-15,0.0,2.968788401641609e-06,-1.3024973711139864e-05
ra0.3_q1,0.3,0.3,1.0,4.473875023445472,0.4213250442347431,circular,KDK,1536,0.0029126790517223122,4.5503316691499835e-05,3.5973938803680464e-12,1.585861876601089e-13,7.466045387399301e-15,0.0,3.2959266704768453e-06,-3.27107615589739e-05
ra1_q1,1.0,1.0,1.0,12.566370614359172,0.5,circular,KDK,1536,0.008181230868723419,0.00012229237857805104,1.1667703840127311e-11,2.172188355113273e-12,8.43769498715119e-15,0.0,4.18328802598289e-06,-8.531050293925091e-05
ra3_q1,3.0,3.0,1.0,43.531184741621225,0.43301270189221935,circular,KDK,1536,0.02834061506615965,0.0002438288067598347,2.800373266609313e-11,1.37674760480877e-11,7.179060695831972e-15,-7.697546304067751e-15,5.577708855379153e-06,-0.00017067511056723106
ra10_q1,10.0,10.0,1.0,218.56094184751421,0.28747978728803447,circular,KDK,1536,0.14229227984864207,0.00038595241235055665,4.935974661409343e-11,7.636917718582362e-12,1.6992433987911233e-14,0.0,7.07938640029937e-06,-0.00027429698523917523
ra0.1_q0.5,0.1,0.05,0.5,1.1061450642821737,0.16988239714587516,moderate,KDK,1536,0.0007201465262253736,3.06300160013899e-06,8.626465982993161e-08,9.92754265890624e-16,1.286626287627616e-14,1.1011459777332533e-06,0.0,1.81830488088508e-06
ra0.1_q0.2,0.1,0.020000000000000004,0.2,1.005453905542719,0.07708288167714672,moderate,KDK,1536,0.000654592386421041,3.876604678737193e-06,2.746407973350104e-07,4.900997640509216e-16,1.1252326315734459e-14,1.924348179069279e-06,0.0,1.6010207630756668e-06
ra0.1_q0.05,0.1,0.005000000000000001,0.05,0.9725683631518718,0.020754438065228763,strong,KDK,1536,0.0006331825280936665,3.7328262175773205e-06,1.2487227269878292e-06,1.832302082572416e-15,7.3344305703941e-14,6.7819488639569974e-06,0.0,6.984408216226257e-07
ra1_q0.5,1.0,0.5,0.5,6.59182096351981,0.3333333333333333,moderate,KDK,1536,0.004291550106458209,8.806860166056551e-06,1.0351748700732077e-06,4.371503159461554e-15,1.049160758270773e-14,2.070361188266645e-06,0.0,-6.76252415843237e-06
ra1_q0.2,1.0,0.2,0.2,5.515082090672513,0.16666666666666669,moderate,KDK,1536,0.003590548236114917,2.769273500760114e-06,4.849883723309238e-06,5.709718412357948e-15,1.6153745008296025e-14,4.243681309967773e-06,0.0,-2.7590942437427657e-06
ra1_q0.05,1.0,0.05,0.05,5.179202175205102,0.047619047619047616,strong,KDK,1536,0.003371876416149155,1.5807269944334238e-06,3.0533022199770065e-05,1.2240208846492351e-15,2.754046990460779e-14,1.767750806153101e-05,0.0,-1.128189104804278e-06
ra10_q0.5,10.0,5.0,0.5,131.83549189152566,0.22473328748774737,moderate,KDK,1536,0.08583039836687868,0.000184740307643937,6.815609946400838e-06,4.4387570542225e-15,9.682753955103095e-15,7.088383380704499e-06,0.0,-0.0001455142837514245
ra10_q0.2,10.0,2.0,0.2,96.3165263651157,0.14213381090374028,moderate,KDK,1536,0.06270607185228887,0.00029537573784668307,8.88106684821168e-05,1.494117329858824e-14,1.8590445030685795e-14,2.5375864228349698e-05,5.5067062021407766e-15,-0.00026499252432188314
ra10_q0.05,10.0,0.5,0.05,82.26046778076812,0.05372153093502534,strong,KDK,1536,0.05355499204477091,0.0005807951691667127,0.0024785847163216047,4.002040634371577e-14,1.963294520905487e-14,0.00023798400936092534,0.0,-0.0005690467393506538
ra0.05_q1,0.05,0.05,1.0,1.4752110935185525,0.21295885499997996,circular,S4G,1536,0.0009604238890094743,9.552847835420387e-12,7.165000300385767e-16,1.1941667167309611e-16,1.2218722785513922e-14,-2.982336599899327e-13,4.163336342344337e-15,-5.6203930398623925e-12
ra0.1_q1,0.1,0.1,1.0,2.1856094184751425,0.28747978728803447,circular,S4G,1536,0.001422922798486421,1.217156081751763e-11,1.2793998664727994e-15,6.396999332363997e-16,1.2430544749679382e-14,-2.7228219678931964e-13,4.3021142204224816e-15,-6.288303211476887e-12
ra0.3_q1,0.3,0.3,1.0,4.473875023445472,0.4213250442347431,circular,S4G,1536,0.0029126790517223122,2.6872941896396438e-11,4.5683263935010796e-15,1.7946996545897097e-15,1.7347576047192494e-14,-1.1157741397482823e-13,1.0917193075480707e-14,-3.4575009522086475e-11
ra1_q1,1.0,1.0,1.0,12.566370614359172,0.5,circular,S4G,1536,0.008181230868723419,8.572428791814472e-11,7.401486830834377e-15,1.7763568394002505e-15,1.0880185641326534e-14,-6.994405055138486e-15,5.806466418789569e-13,-6.24211793365248e-11
ra3_q1,3.0,3.0,1.0,43.531184741621225,0.43301270189221935,circular,S4G,1536,0.02834061506615965,2.1405843835718336e-10,1.7053025658242404e-14,1.9539925233402757e-15,1.4187191375096516e-14,0.0,2.037629324528704e-12,-1.5520384977207868e-10
ra10_q1,10.0,10.0,1.0,218.56094184751421,0.28747978728803447,circular,S4G,1536,0.14229227984864207,3.776554837770217e-10,2.3648906906833148e-14,0.0,1.4211853880798486e-14,-1.900701818158268e-14,3.849898178032163e-12,-2.7041124894822133e-10
ra0.1_q0.5,0.1,0.05,0.5,1.1061450642821737,0.16988239714587516,moderate,S4G,1536,0.0007201465262253736,9.030479637745906e-13,1.6132256820722638e-14,4.96377132945312e-16,1.633811158892211e-14,-2.2024049251001543e-13,1.1102230246251565e-15,-7.389644451905042e-13
ra0.1_q0.2,0.1,0.020000000000000004,0.2,1.005453905542719,0.07708288167714672,moderate,S4G,1536,0.000654592386421041,3.4643753468964203e-12,4.796851440648395e-13,6.126247050636519e-16,2.453007136830112e-14,-3.3646696540046142e-12,4.85722573273506e-15,-3.325340003357269e-12
ra0.1_q0.05,0.1,0.005000000000000001,0.05,0.9725683631518718,0.020754438065228763,strong,S4G,1536,0.0006331825280936665,3.710018745733231e-11,4.2116318442232184e-11,0.0,5.82993199185172e-14,-2.2878348521215836e-10,9.71445146547012e-15,-3.728928277269006e-11
ra1_q0.5,1.0,0.5,0.5,6.59182096351981,0.3333333333333333,moderate,S4G,1536,0.004291550106458209,1.1376510978495203e-11,2.443045765687657e-13,1.0241807402167069e-14,1.5654144647214707e-14,-4.746203430272544e-13,2.375877272697835e-14,-9.734435479913373e-12
ra1_q0.2,1.0,0.2,0.2,5.515082090672513,0.16666666666666669,moderate,S4G,1536,0.003590548236114917,2.7823966816793288e-11,1.4003198600676115e-11,7.0800508313238555e-15,1.831867990631508e-14,-1.2266992976961433e-11,0.0,-2.69508859673806e-11
ra1_q0.05,1.0,0.05,0.05,5.179202175205102,0.047619047619047616,strong,S4G,1536,0.003371876416149155,3.04878456892245e-10,1.6451608484604272e-09,6.342653675000582e-15,7.431555371084642e-14,-9.525288890976924e-10,1.7763568394002505e-15,-3.044249297090573e-10
ra10_q0.5,10.0,5.0,0.5,131.83549189152566,0.22473328748774737,moderate,S4G,1536,0.08583039836687868,4.583001270922597e-10,3.8860261162800316e-12,3.1705407530160716e-14,1.5808577885882603e-14,1.49000811688893e-12,5.684341886080802e-15,-3.7989877910149517e-10
ra10_q0.2,10.0,2.0,0.2,96.3165263651157,0.14213381090374028,moderate,S4G,1536,0.06270607185228887,4.197336259161788e-09,4.859836439524701e-10,4.344961890279108e-14,1.9996445075023376e-14,-1.3884426941501715e-10,5.2580162446247416e-14,-3.843055651486793e-09
ra10_q0.05,10.0,0.5,0.05,82.26046778076812,0.05372153093502534,strong,S4G,1536,0.05355499204477091,1.408358364238516e-07,5.316134080849303e-07,3.257474934953609e-14,2.06662581147946e-14,-5.10217251781242e-08,3.659295089164516e-14,-1.3878810278811216e-07
ra0.05_q1,0.05,0.05,1.0,1.4752110935185525,0.21295885499997996,circular,KDK,2048,0.0007203179167571057,4.479194581538456e-06,1.8629000781002993e-13,3.463083478519787e-15,6.353735848467239e-15,0.0,1.6201672292659453e-06,-2.975915840863763e-06
ra0.1_q1,0.1,0.1,1.0,2.1856094184751425,0.28747978728803447,circular,KDK,2048,0.0010671920988648157,9.490010606836423e-06,3.7614356074300304e-13,1.4533982483131002e-13,2.172328208681834e-14,0.0,1.669941883108983e-06,-7.326515856220794e-06
ra0.3_q1,0.3,0.3,1.0,4.473875023445472,0.4213250442347431,circular,KDK,2048,0.0021845092887917343,2.5595547422416497e-05,1.1396342806644657e-12,5.057789935661909e-14,1.0540299370446072e-14,0.0,1.8539572299580698e-06,-1.8399741740893205e-05
ra1_q1,1.0,1.0,1.0,12.566370614359172,0.5,circular,KDK,2048,0.006135923151542565,6.878938180501436e-05,3.695118285425754e-12,6.868579779014302e-13,7.105427357601002e-15,0.0,2.353098441654211e-06,-4.798708180686617e-05
ra3_q1,3.0,3.0,1.0,43.531184741621225,0.43301270189221935,circular,KDK,2048,0.02125546129961974,0.0001371538000086475,8.881784197001252e-12,4.374101081339177e-12,1.9315091872119355e-14,0.0,3.1374619259653493e-06,-9.600481695315466e-05
ra10_q1,10.0,10.0,1.0,218.56094184751421,0.28747978728803447,circular,KDK,2048,0.10671920988648155,0.0002170986142066218,1.5641023198842415e-11,2.4425542607027966e-12,1.5447667261737485e-14,-1.8474111129762605e-14,3.982158989757068e-06,-0.00015429228846386422
ra0.1_q0.5,0.1,0.05,0.5,1.1061450642821737,0.16988239714587516,moderate,KDK,2048,0.0005401098946690301,1.722939378189186e-06,4.852390269755215e-08,3.7228284970898397e-16,1.5929658799199057e-14,6.193942776733241e-07,3.191891195797325e-15,1.0227979458932168e-06
ra0.1_q0.2,0.1,0.020000000000000004,0.2,1.005453905542719,0.07708288167714672,moderate,KDK,2048,0.0004909442898157807,2.1805914051568836e-06,1.5448514328365745e-07,7.351496460763824e-16,1.6653442947286997e-14,1.0824420091162799e-06,0.0,9.005783283555502e-07
ra0.1_q0.05,0.1,0.005000000000000001,0.05,0.9725683631518718,0.020754438065228763,strong,KDK,2048,0.0004748868960702499,2.099724402645054e-06,7.023672794771999e-07,4.886138886859777e-16,4.032892023037212e-14,3.814612274145867e-06,0.0,3.929272196501188e-07
ra1_q0.5,1.0,0.5,0.5,6.59182096351981,0.3333333333333333,moderate,KDK,2048,0.003218662579843657,4.95385189441921e-06,5.822870112331957e-07,2.248201624865942e-15,1.3322676295501878e-14,1.1645776341051572e-06,0.0,-3.803912825617317e-06
ra1_q0.2,1.0,0.2,0.2,5.515082090672513,0.16666666666666669,moderate,KDK,2048,0.002692911177086188,1.557681390042006e-06,2.72805410730064e-06,7.993605777301127e-16,1.7486012637846212e-14,2.387057801839232e-06,7.327471962526033e-15,-1.5519556981757887e-06
ra1_q0.05,1.0,0.05,0.05,5.179202175205102,0.047619047619047616,strong,KDK,2048,0.0025289073121118662,8.888551343699557e-07,1.7173360422249493e-05,1.2240208846492351e-15,3.1329105976141136e-14,9.942628479697735e-06,4.440892098500626e-16,-6.34160059576061e-07
ra10_q0.5,10.0,5.0,0.5,131.83549189152566,0.22473328748774737,moderate,KDK,2048,0.06437279877515902,0.00010391686373451325,3.8338256546152844e-06,2.7055281092403813e-14,9.089932284382498e-15,3.987225807833284e-06,0.0,-8.185213437172933e-05
ra10_q0.2,10.0,2.0,0.2,96.3165263651157,0.14213381090374028,moderate,KDK,2048,0.04702955388921665,0.00016614890502041342,4.995706559128391e-05,2.696280698710751e-14,1.281022262618685e-14,1.4273886340898656e-05,2.3092638912203256e-14,-0.0001490582928056483
ra10_q0.05,10.0,0.5,0.05,82.26046778076812,0.05372153093502534,strong,KDK,2048,0.040166244033578186,0.0003265520308790104,0.001393955435065194,2.8076331582219204e-14,3.017273684760012e-14,0.000133817219177379,0.0,-0.00031994543118685215
ra0.05_q1,0.05,0.05,1.0,1.4752110935185525,0.21295885499997996,circular,S4G,2048,0.0007203179167571057,3.6517244021301535e-12,8.359167017116727e-16,5.970833583654805e-16,1.4662467342616707e-14,-1.0103029524088925e-13,3.0531133177191805e-15,1.3073986337985843e-11
ra0.1_q1,0.1,0.1,1.0,2.1856094184751425,0.28747978728803447,circular,S4G,2048,0.0010671920988648157,4.834039160094877e-12,1.4073398531200793e-15,8.955799065309596e-16,1.3637393754502624e-14,-8.68749516769185e-14,1.6653345369377348e-15,1.2825296380469808e-11
ra0.3_q1,0.3,0.3,1.0,4.473875023445472,0.4213250442347431,circular,S4G,2048,0.0021845092887917343,9.808395763166931e-12,2.6104722248577597e-15,1.7946996545897097e-15,1.0320709800228447e-14,-4.8109664400423454e-14,1.7578531223231646e-14,1.2079226507921703e-11
ra1_q1,1.0,1.0,1.0,12.566370614359172,0.5,circular,S4G,2048,0.006135923151542565,2.818649587602619e-11,1.3174646558885191e-14,1.0066022089934753e-14,1.9539925233402755e-14,0.0,1.8762769116165146e-13,4.192202140984591e-12
ra3_q1,3.0,3.0,1.0,43.531184741621225,0.43301270189221935,circular,S4G,2048,0.02125546129961974,6.79807306646125e-11,1.5631940186722205e-14,1.2434497875801752e-15,1.2990681259124521e-14,-1.554312234475219e-14,6.575480900513261e-13,-5.1109338983224006e-11
ra10_q1,10.0,10.0,1.0,218.56094184751421,0.28747978728803447,circular,S4G,2048,0.10671920988648155,1.2347670398747096e-10,7.248599868484953e-14,7.136652380168583e-14,4.325346833286496e-14,0.0,1.27560184637332e-12,-8.049738653426175e-11
ra0.1_q0.5,0.1,0.05,0.5,1.1061450642821737,0.16988239714587516,moderate,S4G,2048,0.0005401098946690301,4.433056062752985e-13,6.0806198785800715e-15,2.48188566472656e-16,1.2049357296830056e-14,-6.841749389252527e-14,1.2490009027033011e-14,-3.979039320256561e-13
ra0.1_q0.2,0.1,0.020000000000000004,0.2,1.005453905542719,0.07708288167714672,moderate,S4G,2048,0.0004909442898157807,1.7741729533096233e-12,1.5291112638388752e-13,1.3477743511400344e-15,2.4867641157773154e-14,-1.064252852511771e-12,1.5126788710517758e-14,-1.3216094885137863e-12
ra0.1_q0.05,0.1,0.005000000000000001,0.05,0.9725683631518718,0.020754438065228763,strong,S4G,2048,0.0004748868960702499,1.1912133673015693e-11,1.3321446907662323e-11,2.931683332115866e-15,6.853826857804173e-14,-7.23332851948477e-11,3.3861802251067274e-14,-1.1972645097557688e-11
ra1_q0.5,1.0,0.5,0.5,6.59182096351981,0.3333333333333333,moderate,S4G,2048,0.003218662579843657,3.833282939978216e-12,7.568945470382005e-14,3.247402347028583e-15,1.6986412276764895e-14,-1.7186252421197423e-13,8.881784197001252e-16,-3.0482283364108298e-12
ra1_q0.2,1.0,0.2,0.2,5.515082090672513,0.16666666666666669,moderate,S4G,2048,0.002692911177086188,9.317181433700551e-12,4.433710541564194e-12,9.135549459772718e-16,2.2315482794965643e-14,-3.897437927946612e-12,3.3306690738754696e-15,-8.945733043219661e-12
ra1_q0.05,1.0,0.05,0.05,5.179202175205102,0.047619047619047616,strong,S4G,2048,0.0025289073121118662,9.673497388659183e-11,5.201315401109403e-10,1.669119388158048e-15,5.595524044110789e-14,-3.0118088578667823e-10,5.995204332975845e-15,-9.653433608036721e-11
ra10_q0.5,10.0,5.0,0.5,131.83549189152566,0.22473328748774737,moderate,S4G,2048,0.06437279877515902,1.4715501491071998e-10,1.2627206972345342e-12,3.508731766671119e-14,1.8970293463059125e-14,4.584777002492047e-13,0.0,-1.2167333807155956e-10
ra10_q0.2,10.0,2.0,0.2,96.3165263651157,0.14213381090374028,moderate,S4G,2048,0.04702955388921665,1.328755240085107e-09,1.537434710791041e-10,2.5588905994133878e-14,1.3903778216227191e-14,-4.393296837434946e-11,0.0,-1.2162146845184907e-09
ra10_q0.05,10.0,0.5,0.05,82.26046778076812,0.05372153093502534,strong,S4G,2048,0.040166244033578186,4.453717171407423e-08,1.6775780239146822e-07,1.8769260339494608e-14,2.975941168530422e-14,-1.61006067367353e-08,1.9895196601282804e-14,-4.388932950405433e-08
ra0.05_q1,0.05,0.05,1.0,1.4752110935185525,0.21295885499997996,circular,KDK,3072,0.00048021194450473714,1.9907418619772045e-06,3.701916821865979e-14,0.0,1.840954233017431e-14,-1.2073675392798577e-14,7.200738204315993e-07,-1.3226206476701918e-06
ra0.1_q1,0.1,0.1,1.0,2.1856094184751425,0.28747978728803447,circular,KDK,3072,0.0007114613992432105,4.217768985820705e-06,7.535665213524788e-14,2.9810016888816226e-14,1.6895886067525375e-14,0.0,7.421959052900107e-07,-3.2562193865715017e-06
ra0.3_q1,0.3,0.3,1.0,4.473875023445472,0.4213250442347431,circular,KDK,3072,0.0014563395258611561,1.1375777596977794e-05,2.2662162002046427e-13,4.73148090755469e-15,2.525280057502705e-14,0.0,8.239804914304354e-07,-8.177643707085736e-06
ra1_q1,1.0,1.0,1.0,12.566370614359172,0.5,circular,KDK,3072,0.0040906154343617095,3.0573033166275085e-05,7.330432557258367e-13,1.3677947663381929e-13,6.439293542825908e-15,0.0,1.0458211809893925e-06,-2.132756833361782e-05
ra3_q1,3.0,3.0,1.0,43.531184741621225,0.43301270189221935,circular,KDK,3072,0.014170307533079825,6.095727424835615e-05,1.7596590851098882e-12,8.560263609069807e-13,9.059290878073679e-15,0.0,1.394427718034071e-06,-4.266882789494275e-05
ra10_q1,10.0,10.0,1.0,218.56094184751421,0.28747978728803447,circular,KDK,3072,0.07114613992432103,9.648839200910836e-05,3.093388970902092e-12,4.5072857483378443e-13,1.8228247368850232e-14,0.0,1.7698497250862032e-06,-6.857442306795747e-05
ra0.1_q0.5,0.1,0.05,0.5,1.1061450642821737,0.16988239714587516,moderate,KDK,3072,0.0003600732631126868,7.657508287679715e-07,2.1566188504373147e-08,1.737319965308592e-15,1.797192274781432e-14,2.75286238665684e-07,6.938893903907228e-15,4.545768490515911e-07
ra0.1_q0.2,0.1,0.020000000000000004,0.2,1.005453905542719,0.07708288167714672,moderate,KDK,3072,0.0003272961932105205,9.691514984512917e-07,6.865996662825837e-08,2.3279738792418774e-15,3.8370432736654503e-14,4.810841230593054e-07,3.608224830031759e-15,4.0025803826893025e-07
ra0.1_q0.05,0.1,0.005000000000000001,0.05,0.9725683631518718,0.020754438065228763,strong,KDK,3072,0.00031659126404683325,9.332135104395009e-07,3.121507831882633e-07,1.2215347217149442e-16,4.15826690458241e-14,1.6953090155660817e-06,3.469446951953614e-15,1.7465160340179864e-07
ra1_q0.5,1.0,0.5,0.5,6.59182096351981,0.3333333333333333,moderate,KDK,3072,0.0021457750532291047,2.2017098173606255e-06,2.5879459737698784e-07,2.248201624865942e-15,1.049160758270773e-14,5.175898984965954e-07,2.886579864025407e-15,-1.690625538230961e-06
ra1_q0.2,1.0,0.2,0.2,5.515082090672513,0.16666666666666669,moderate,KDK,3072,0.0017952741180574585,6.922920347857289e-07,1.2124667438051518e-06,1.5987211554602255e-15,1.498801083243961e-14,1.0609104689196514e-06,1.1546319456101628e-14,-6.897474591482933e-07
ra1_q0.05,1.0,0.05,0.05,5.179202175205102,0.047619047619047616,strong,KDK,3072,0.0016859382080745774,3.949497833026792e-07,7.632140229734736e-06,1.2240208846492351e-15,7.271266921904385e-14,4.41863843889112e-06,8.43769498715119e-15,-2.817077131567203e-07
ra10_q0.5,10.0,5.0,0.5,131.83549189152566,0.22473328748774737,moderate,KDK,3072,0.04291519918343934,4.618541525459246e-05,1.7039368142034694e-06,2.1771046504043694e-14,1.620379233302967e-14,1.7721035558082577e-06,2.0250467969162856e-14,-3.637883932583463e-05
ra10_q0.2,10.0,2.0,0.2,96.3165263651157,0.14213381090374028,moderate,KDK,3072,0.03135303592614443,7.384397470756736e-05,2.2203478281078087e-05,1.9578089149874242e-14,2.17148895736582e-14,6.343937651198672e-06,1.1546319456101628e-14,-6.624812995426055e-05
ra10_q0.05,10.0,0.5,0.05,82.26046778076812,0.05372153093502534,strong,KDK,3072,0.026777496022385456,0.00014508819306500556,0.0006194573536826519,1.7683435361176738e-14,2.789944845497271e-14,5.945888623015705e-05,0.0,-0.0001421525268412438
ra0.05_q1,0.05,0.05,1.0,1.4752110935185525,0.21295885499997996,circular,S4G,3072,0.00048021194450473714,1.5622955033250988e-12,1.7912500750964415e-15,1.194166716730961e-15,3.55157542298938e-14,-4.9960036108132044e-14,8.604228440844963e-15,2.899724904636969e-11
ra0.1_q1,0.1,0.1,1.0,2.1856094184751425,0.28747978728803447,circular,S4G,3072,0.0007114613992432105,2.5158381991126453e-12,3.0705596795347188e-15,7.676399198836797e-16,3.234355332926286e-14,-3.8996583739958623e-14,2.2343238370581275e-14,2.879119165299926e-11
ra0.3_q1,0.3,0.3,1.0,4.473875023445472,0.4213250442347431,circular,S4G,3072,0.0014563395258611561,3.369606988986508e-12,3.0999357670185898e-15,1.6315451405360998e-16,1.0979478510881327e-14,-1.7393494052460788e-14,8.326672684688674e-15,2.8620661396416835e-11
ra1_q1,1.0,1.0,1.0,12.566370614359172,0.5,circular,S4G,3072,0.0040906154343617095,6.436242705554314e-12,1.687538997430238e-14,1.4506914188435378e-14,2.531308496145357e-14,-9.769962616701378e-15,6.106226635438361e-14,2.913225216616411e-11
ra3_q1,3.0,3.0,1.0,43.531184741621225,0.43301270189221935,circular,S4G,3072,0.014170307533079825,1.5199954921322137e-11,2.8776980798284056e-14,8.526512829121202e-15,2.393020231943991e-14,-6.957397620984314e-15,1.6534921580083997e-13,1.6576962025283137e-11
ra10_q1,10.0,10.0,1.0,218.56094184751421,0.28747978728803447,circular,S4G,3072,0.07114613992432103,2.2480836100509903e-11,3.358424649491098e-14,8.396061623727745e-15,2.0081967440258728e-14,-3.2507330161024585e-14,2.5206503551089555e-13,1.269739868803299e-11
ra0.1_q0.5,0.1,0.05,0.5,1.1061450642821737,0.16988239714587516,moderate,S4G,3072,0.0003600732631126868,3.3475157576547045e-13,2.854168514435544e-15,1.116848549126952e-15,1.6133885194060582e-14,-2.220446049250313e-14,2.275957200481571e-14,-1.2079226507921703e-13
ra0.1_q0.2,0.1,0.020000000000000004,0.2,1.005453905542719,0.07708288167714672,moderate,S4G,3072,0.0003272961932105205,1.087930232923775e-12,2.989608560710622e-14,1.225249410127304e-16,3.251922305247258e-14,-2.3106516700011065e-13,0.0,-6.608047442568932e-13
ra0.1_q0.05,0.1,0.005000000000000001,0.05,0.9725683631518718,0.020754438065228763,strong,S4G,3072,0.00031659126404683325,2.706556541866566e-12,2.632163018351362e-12,1.832302082572416e-15,1.0698656558523588e-13,-1.4284060045888222e-11,2.220446049250313e-14,-2.5153212845907547e-12
ra1_q0.5,1.0,0.5,0.5,6.59182096351981,0.3333333333333333,moderate,S4G,3072,0.0021457750532291047,1.8546207321954915e-12,3.197442310920451e-14,8.618106228652778e-15,2.3647750424515834e-14,-3.9968028886505635e-14,3.9745984281580604e-14,-1.2718714970105793e-12
ra1_q0.2,1.0,0.2,0.2,5.515082090672513,0.16666666666666669,moderate,S4G,3072,0.0017952741180574585,2.0773469301959706e-12,8.721023903035529e-13,1.553043408161362e-14,6.528111384795919e-14,-8.211487045883814e-13,0.0,-1.9184653865522705e-12
ra1_q0.05,1.0,0.05,0.05,5.179202175205102,0.047619047619047616,strong,S4G,3072,0.0016859382080745774,1.9556616407123683e-11,1.0269090123703574e-10,9.347068573685068e-15,4.5900783174346316e-14,-5.947117798221768e-11,1.84297022087776e-14,-1.9468870959826745e-11
ra10_q0.5,10.0,5.0,0.5,131.83549189152566,0.22473328748774737,moderate,S4G,3072,0.04291519918343934,3.3581404069299994e-11,2.599843417473179e-13,2.874623616067905e-14,1.462293454444141e-14,8.029132914089133e-14,5.3290705182007514e-14,-2.7569058147491887e-11
ra10_q0.2,10.0,2.0,0.2,96.3165263651157,0.14213381090374028,moderate,S4G,3072,0.03135303592614443,2.646944395163418e-10,3.0391892127945574e-11,8.071668333720083e-15,2.2496000709401297e-14,-8.699707620962727e-12,2.7000623958883806e-14,-2.4144952703863964e-10
ra10_q0.05,10.0,0.5,0.05,82.26046778076812,0.05372153093502534,strong,S4G,3072,0.026777496022385456,8.795407595173273e-09,3.307470536160994e-08,1.1944074761496568e-14,2.893276136071244e-14,-3.1743743189593943e-09,4.316547119742609e-14,-8.666575013194233e-09
ra0.05_q1,0.05,0.05,1.0,1.4752110935185525,0.21295885499997996,circular,KDK,4096,0.00036015895837855286,1.1197905392662074e-06,1.194166716730961e-14,1.1941667167309611e-16,1.2870388000741331e-14,0.0,4.0504142609365523e-07,-7.439721585456027e-07
ra0.1_q1,0.1,0.1,1.0,2.1856094184751425,0.28747978728803447,circular,KDK,4096,0.0005335960494324078,2.3724931580768565e-06,2.443653744963047e-14,9.339619025251436e-15,1.0137531640515225e-14,-3.469446951953614e-15,4.1748509149730495e-07,-1.8316216170433108e-06
ra0.3_q1,0.3,0.3,1.0,4.473875023445472,0.4213250442347431,circular,KDK,4096,0.0010922546443958671,6.3988723001962285e-06,7.831416674573279e-14,8.973498272948549e-15,3.052295026025009e-14,0.0,4.6348895129296375e-07,-4.5999224909110126e-06
ra1_q1,1.0,1.0,1.0,12.566370614359172,0.5,circular,KDK,4096,0.0030679615757712823,1.719732738577884e-05,2.4528527357385127e-13,5.876780543682496e-14,2.398081733190338e-14,0.0,5.882743503438093e-07,-1.1996753841003738e-05
ra3_q1,3.0,3.0,1.0,43.531184741621225,0.43301270189221935,circular,KDK,4096,0.01062773064980987,3.428847267542115e-05,5.655920176650397e-13,2.710720536924782e-13,1.1281381093450242e-14,0.0,7.843656315564829e-07,-2.400121998391569e-05
ra10_q1,10.0,10.0,1.0,218.56094184751421,0.28747978728803447,circular,KDK,4096,0.053359604943240775,5.4274745234627754e-05,9.921346152038286e-13,1.5658654928252244e-13,1.2049180464155237e-14,0.0,9.955407350048517e-07,-3.857312827193482e-05
ra0.1_q0.5,0.1,0.05,0.5,1.1061450642821737,0.16988239714587516,moderate,KDK,4096,0.0002700549473345151,4.3073502140305686e-07,1.2130983585398594e-08,7.445656994179679e-16,1.3274715665999214e-14,1.5484848861491152e-07,6.661338147750939e-15,2.55699433182599e-07
ra0.1_q0.2,0.1,0.020000000000000004,0.2,1.005453905542719,0.07708288167714672,moderate,KDK,4096,0.00024547214490789037,5.451473942964403e-07,3.862121261226211e-08,7.351496460763824e-16,2.3629885263042363e-14,2.7060957606683806e-07,6.938893903907228e-16,2.2514508657422994e-07
ra0.1_q0.05,0.1,0.005000000000000001,0.05,0.9725683631518718,0.020754438065228763,strong,KDK,4096,0.00023744344803512495,5.249330347821901e-07,1.7558236735877803e-07,1.5879951382294274e-15,1.1868822119612105e-13,9.53596713225424e-07,0.0,9.824479008102571e-08
ra1_q0.5,1.0,0.5,0.5,6.59182096351981,0.3333333333333333,moderate,KDK,4096,0.0016093312899218286,1.2384614580851573e-06,1.4557203992238144e-07,1.136590821460004e-14,1.4488410471358293e-14,2.911442842368217e-07,0.0,-9.509763714277142e-07
ra1_q0.2,1.0,0.2,0.2,5.515082090672513,0.16666666666666669,moderate,KDK,4096,0.001346455588543094,3.8941222833094273e-07,6.820122068239089e-07,7.76521704080681e-15,2.1482815526496776e-14,5.967613279922457e-07,6.217248937900877e-15,-3.8798049217803054e-07
ra1_q0.05,1.0,0.05,0.05,5.179202175205102,0.047619047619047616,strong,KDK,4096,0.0012644536560559331,2.221397996590484e-07,4.292987515413819e-06,5.56373129386016e-16,5.741240816092841e-14,2.4854236096993887e-06,0.0,-1.5843269096649237e-07
ra10_q0.5,10.0,5.0,0.5,131.83549189152566,0.22473328748774737,moderate,KDK,4096,0.03218639938757951,2.5979324519441992e-05,9.584673010265554e-07,2.747801985947262e-14,2.7072189629573962e-14,9.96808869224708e-07,0.0,-2.0463118758584642e-05
ra10_q0.2,10.0,2.0,0.2,96.3165263651157,0.14213381090374028,moderate,KDK,4096,0.023514776944608327,4.153723889680702e-05,1.2489523115643759e-05,6.543203479036919e-14,1.7809333894942694e-14,3.5684625916410084e-06,0.0,-3.726457282482443e-05
ra10_q0.05,10.0,0.5,0.05,82.26046778076812,0.05372153093502534,strong,KDK,4096,0.020083122016789093,8.160305232274662e-05,0.00034842938039837006,5.5066838186120535e-14,2.0459595533646652e-14,3.344259099091751e-05,0.0,-7.995185772813329e-05
ra0.05_q1,0.05,0.05,1.0,1.4752110935185525,0.21295885499997996,circular,S4G,4096,0.00036015895837855286,1.379971953503188e-12,3.5825001501928834e-16,1.1941667167309611e-16,5.539154329432978e-15,-1.1657341758564144e-14,6.522560269672795e-15,-4.3570480556809343e-11
ra0.1_q1,0.1,0.1,1.0,2.1856094184751425,0.28747978728803447,circular,S4G,4096,0.0005335960494324078,1.6975542665326075e-12,2.430859746298319e-15,2.047039786356479e-15,2.5223144200805737e-14,-2.2343238370581275e-14,5.9674487573602164e-15,-4.377653795017977e-11
ra0.3_q1,0.3,0.3,1.0,4.473875023445472,0.4213250442347431,circular,S4G,4096,0.0010922546443958671,1.7085345707452826e-12,6.852489590251619e-15,1.6315451405360998e-16,2.5691979715462304e-14,-2.3869795029440866e-14,2.220446049250313e-15,-4.389733021525899e-11
ra1_q1,1.0,1.0,1.0,12.566370614359172,0.5,circular,S4G,4096,0.0030679615757712823,2.4885323700219583e-12,7.105427357601002e-15,2.5165055224836883e-15,1.0436096431476471e-14,-6.994405055138486e-15,2.1316282072803006e-14,-4.3165471197426086e-11
ra3_q1,3.0,3.0,1.0,43.531184741621225,0.43301270189221935,circular,S4G,4096,0.01062773064980987,4.317249398370972e-12,1.829647544582258e-14,1.758593271006248e-14,1.5383701491068513e-14,-1.2434497875801753e-14,5.802765675374151e-14,-4.317257662478369e-11
ra10_q1,10.0,10.0,1.0,218.56094184751421,0.28747978728803447,circular,S4G,4096,0.053359604943240775,1.0459046993693831e-11,4.6038404570107134e-14,2.0570350978132975e-14,2.7342371053275348e-14,-1.3500311979441903e-14,1.3073986337985842e-13,-4.3236525471002096e-11
ra0.1_q0.5,0.1,0.05,0.5,1.1061450642821737,0.16988239714587516,moderate,S4G,4096,0.0002700549473345151,4.149443444661414e-13,2.9782627976718718e-15,1.116848549126952e-15,3.757765665452085e-14,-2.0816681711721685e-14,2.67841304690819e-14,-3.055333763768431e-13
ra0.1_q0.2,0.1,0.020000000000000004,0.2,1.005453905542719,0.07708288167714672,moderate,S4G,4096,0.00024547214490789037,1.106926772225775e-12,9.801995281018431e-15,9.801995281018432e-16,2.329231547357033e-14,-7.892991815694471e-14,5.2735593669694936e-15,-1.4921397450962104e-13
ra0.1_q0.05,0.1,0.005000000000000001,0.05,0.9725683631518718,0.020754438065228763,strong,S4G,4096,0.00023744344803512495,1.1675969492877166e-12,8.317429920157054e-13,0.0,6.64486872189551e-14,-4.546536758187613e-12,0.0,-7.958078640513122e-13
ra1_q0.5,1.0,0.5,0.5,6.59182096351981,0.3333333333333333,moderate,S4G,4096,0.0016093312899218286,1.1950541707164947e-12,1.4738210651898953e-14,1.0116907311896739e-14,1.4488410471358293e-14,-1.3988810110276972e-14,2.4646951146678475e-14,-3.907985046680551e-13
ra1_q0.2,1.0,0.2,0.2,5.515082090672513,0.16666666666666669,moderate,S4G,4096,0.001346455588543094,1.4349720347874297e-12,2.830878388847071e-13,9.021355091525557e-15,2.3314683517128284e-14,-2.640943019827091e-13,8.659739592076221e-15,-5.755396159656812e-13
ra1_q0.05,1.0,0.05,0.05,5.179202175205102,0.047619047619047616,strong,S4G,4096,0.0012644536560559331,6.7685002789658745e-12,3.249063291138105e-11,8.34559694079024e-15,4.5026482542454005e-14,-1.8847146066036657e-11,1.6431300764452317e-14,-5.8477667153056245e-12
ra10_q0.5,10.0,5.0,0.5,131.83549189152566,0.22473328748774737,moderate,S4G,4096,0.03218639938757951,1.4023783895605752e-11,9.532759197401655e-14,1.7332289449821194e-14,1.462293454444141e-14,3.552713678800501e-16,4.1922021409845913e-14,-1.1553424883459229e-11
ra10_q0.2,10.0,2.0,0.2,96.3165263651157,0.14213381090374028,moderate,S4G,4096,0.023514776944608327,8.53120480895834e-11,9.621256916170216e-12,3.606490106555782e-14,1.8902889484983036e-14,-2.7624569298723145e-12,2.0605739337042905e-14,-7.705125426582526e-11
ra10_q0.05,10.0,0.5,0.05,82.26046778076812,0.05372153093502534,strong,S4G,4096,0.020083122016789093,2.7836036641251224e-09,1.0458137549511135e-08,2.6370035187719694e-14,3.5752626538594656e-14,-1.0037438658017095e-09,1.829647544582258e-14,-2.7423041615293187e-09
ra0.05_q1,0.05,0.05,1.0,1.4752110935185525,0.21295885499997996,circular,KDK,6144,0.00024010597225236857,4.976840979057881e-07,2.388333433461922e-15,9.55333373384769e-16,3.633033574892806e-14,-1.429412144204889e-14,1.8001837118197805e-07,-3.30653911362333e-07
ra0.1_q1,0.1,0.1,1.0,2.1856094184751425,0.28747978728803447,circular,KDK,6144,0.00035573069962160523,1.0544409884793813e-06,4.605839519302078e-15,1.2793998664727993e-16,2.1843966987300662e-14,-1.5681900222830336e-14,1.8554889472111036e-07,-8.140540899148618e-07
ra0.3_q1,0.3,0.3,1.0,4.473875023445472,0.4213250442347431,circular,KDK,6144,0.0007281697629305781,2.843942456773461e-06,1.7131223975629047e-14,1.7946996545897097e-15,1.2516605502404712e-14,0.0,2.0599505231218748e-07,-2.0444084398718587e-06
ra1_q1,1.0,1.0,1.0,12.566370614359172,0.5,circular,KDK,6144,0.0020453077171808547,7.643253355966455e-06,4.618527782440651e-14,1.199040866595169e-14,3.419486915845482e-14,-3.852473895449293e-14,2.6145524056886416e-07,-5.33188733697898e-06
ra3_q1,3.0,3.0,1.0,43.531184741621225,0.43301270189221935,circular,KDK,6144,0.0070851537665399126,1.5239321645367968e-05,1.1688428003253648e-13,2.4158453015843406e-14,2.871624278332789e-14,-2.3240668648819945e-14,3.486069643325133e-07,-1.066720928832865e-05
ra10_q1,10.0,10.0,1.0,218.56094184751421,0.28747978728803447,circular,KDK,6144,0.03557306996216052,2.4122114994516026e-05,1.9758731687839293e-13,2.476838178999685e-14,2.749684772589272e-14,-4.405364961712621e-14,4.424626332877324e-07,-1.7143616346970703e-05
ra0.1_q0.5,0.1,0.05,0.5,1.1061450642821737,0.16988239714587516,moderate,KDK,6144,0.0001800366315563434,1.9143795028252517e-07,5.3915507558510715e-09,1.4891313988359359e-15,1.674656437864516e-14,6.882154138243557e-08,0.0,1.1364423357917985e-07
ra0.1_q0.2,0.1,0.020000000000000004,0.2,1.005453905542719,0.07708288167714672,moderate,KDK,6144,0.00016364809660526024,2.422874328561485e-07,1.716497980277655e-08,1.1027244691145735e-15,3.341940915773134e-14,1.202708458866719e-07,0.0,1.0006454687072619e-07
ra0.1_q0.05,0.1,0.005000000000000001,0.05,0.9725683631518718,0.020754438065228763,strong,KDK,6144,0.00015829563202341662,2.3330316005901073e-07,7.803582959739472e-08,1.2215347217149442e-16,1.2830029544791959e-13,4.2381612299496874e-07,1.1102230246251565e-15,4.366542327716161e-08
ra1_q0.5,1.0,0.5,0.5,6.59182096351981,0.3333333333333333,moderate,KDK,6144,0.0010728875266145523,5.504276970090449e-07,6.469871188796716e-08,1.186550857568136e-14,2.881028748902281e-14,1.2939743454509767e-07,9.547918011776346e-15,-4.226567256182534e-07
ra1_q0.2,1.0,0.2,0.2,5.515082090672513,0.16666666666666669,moderate,KDK,6144,0.0008976370590287292,1.7307156188954442e-07,3.031164412042082e-07,1.5758822818107937e-14,2.0816681711721682e-14,2.6522700119491205e-07,7.993605777301127e-15,-1.724353850818261e-07
ra1_q0.05,1.0,0.05,0.05,5.179202175205102,0.047619047619047616,strong,KDK,6144,0.0008429691040372887,9.872220583021825e-08,1.907965461052753e-06,7.67794918552702e-15,6.557254739192331e-14,1.1046135069137097e-06,0.0,-7.040548410941483e-08
ra10_q0.5,10.0,5.0,0.5,131.83549189152566,0.22473328748774737,moderate,KDK,6144,0.02145759959171967,1.1546379914818822e-05,4.259863378003752e-07,8.243405957841786e-15,3.1221941324618146e-14,4.4302638642079727e-07,3.179678742526448e-14,-9.094729207959062e-06
ra10_q0.2,10.0,2.0,0.2,96.3165263651157,0.14213381090374028,moderate,KDK,6144,0.015676517963072217,1.846099787782533e-05,5.550920290529545e-06,1.5112910922709943e-14,1.9215333939280275e-14,1.5859826383302078e-06,2.4158453015843406e-14,-1.656203284738922e-05
ra10_q0.05,10.0,0.5,0.05,82.26046778076812,0.05372153093502534,strong,KDK,6144,0.013388748011192728,3.6265150229356305e-05,0.00015485262694047008,1.5977138966677227e-14,6.447872531815915e-14,1.4862411909843942e-05,2.0961010704922957e-14,-3.553132297184902e-05
ra0.05_q1,0.05,0.05,1.0,1.4752110935185525,0.21295885499997996,circular,S4G,6144,0.00024010597225236857,1.447771204531341e-12,2.388333433461922e-15,1.194166716730961e-15,4.708281180018031e-14,-3.58046925441613e-14,3.219646771412954e-14,3.561950734365382e-11
ra0.1_q1,0.1,0.1,1.0,2.1856094184751425,0.28747978728803447,circular,S4G,6144,0.00035573069962160523,1.680902394734379e-12,1.0235198931782395e-15,3.8381995994183985e-16,9.41342223762128e-15,-7.216449660063518e-15,5.9674487573602164e-15,3.5420555377640994e-11
ra0.3_q1,0.3,0.3,1.0,4.473875023445472,0.4213250442347431,circular,S4G,6144,0.0007281697629305781,1.8096035066859475e-12,2.1210086826969296e-15,4.8946354216083e-16,8.344403668269809e-15,-9.992007221626409e-15,7.031412489292658e-15,3.529976311256178e-11
ra1_q1,1.0,1.0,1.0,12.566370614359172,0.5,circular,S4G,6144,0.0020453077171808547,6.618135552883704e-13,8.141635513917814e-15,3.848773152033876e-15,1.199040866595169e-14,-1.099120794378905e-14,2.6645352591003757e-15,3.608136012189789e-11
ra3_q1,3.0,3.0,1.0,43.531184741621225,0.43301270189221935,circular,S4G,6144,0.0070851537665399126,8.247889431516112e-13,2.4513724383723458e-14,2.3803181647963357e-14,2.034067197152392e-14,-1.3174646558885191e-14,3.937590994003889e-14,3.6486369481281145e-11
ra10_q1,10.0,10.0,1.0,218.56094184751421,0.28747978728803447,circular,S4G,6144,0.03557306996216052,1.0597077699045339e-14,4.6318273290898057e-14,2.2809300744460373e-14,2.7651324398510096e-14,-5.4889426337467737e-14,3.002043058586423e-14,3.6486369481281145e-11
ra0.1_q0.5,0.1,0.05,0.5,1.1061450642821737,0.16988239714587516,moderate,S4G,6144,0.0001800366315563434,4.909042088345009e-13,2.9782627976718718e-15,1.6132256820722638e-15,4.207063734147443e-14,4.579669976578771e-15,2.886579864025407e-14,-3.979039320256561e-13
ra0.1_q0.2,0.1,0.020000000000000004,0.2,1.005453905542719,0.07708288167714672,moderate,S4G,6144,0.00016364809660526024,1.3588963576416222e-12,4.5334228174710244e-15,4.900997640509216e-16,2.0704280420951403e-14,-3.764349942869671e-14,3.4555691641458e-14,-4.618527782440651e-13
ra0.1_q0.05,0.1,0.005000000000000001,0.05,0.9725683631518718,0.020754438065228763,strong,S4G,6144,0.00015829563202341662,1.355154690915929e-12,1.6661733604191838e-13,4.886138886859777e-16,8.859824962527346e-14,-9.792514021889074e-13,2.955968803064479e-14,1.0658141036401503e-13
ra1_q0.5,1.0,0.5,0.5,6.59182096351981,0.3333333333333333,moderate,S4G,6144,0.0010728875266145523,8.528233374726628e-14,2.348121697082206e-14,1.2365108936762681e-14,3.3639757646142243e-14,-2.531308496145357e-14,0.0,8.313350008393172e-13
ra1_q0.2,1.0,0.2,0.2,5.515082090672513,0.16666666666666669,moderate,S4G,6144,0.0008976370590287292,1.8498478341198094e-12,7.354117315117037e-14,1.1191048088221578e-14,3.8802294710649215e-14,-5.870304242705515e-14,3.6637359812630166e-14,-1.1368683772161603e-13
ra1_q0.05,1.0,0.05,0.05,5.179202175205102,0.047619047619047616,strong,S4G,6144,0.0008429691040372887,3.76120487189719e-12,6.448475844209802e-12,1.991815803201937e-14,9.427875147238751e-14,-3.816114091392819e-12,6.727951529228449e-14,-1.6839862837514374e-12
ra10_q0.5,10.0,5.0,0.5,131.83549189152566,0.22473328748774737,moderate,S4G,6144,0.02145759959171967,4.7467853453782636e-12,9.321389813867251e-14,8.454775341376191e-14,2.9838690759603416e-14,-5.329070518200751e-15,0.0,-3.97193389289896e-12
ra10_q0.2,10.0,2.0,0.2,96.3165263651157,0.14213381090374028,moderate,S4G,6144,0.015676517963072217,1.9177987682980908e-11,1.9624458308387105e-12,5.169302486063287e-14,2.95260009310892e-14,-5.826450433232822e-13,6.625811010962934e-14,-1.70317093761696e-11
ra10_q0.05,10.0,0.5,0.05,82.26046778076812,0.05372153093502534,strong,S4G,6144,0.013388748011192728,5.512272300751355e-10,2.0648817172248676e-09,7.755892702270499e-15,5.2698958192726226e-14,-1.9816615015599837e-10,6.092903959142859e-14,-5.425704330264125e-10
ra0.05_q1,0.05,0.05,1.0,1.4752110935185525,0.21295885499997996,circular,KDK,8192,0.00018007947918927643,2.7994751589750875e-07,1.910666746769538e-15,1.0747500450578649e-15,3.7307833571769173e-14,-3.3584246494910985e-14,1.0126032901069948e-07,-1.859926754832486e-07
ra0.1_q1,0.1,0.1,1.0,2.1856094184751425,0.28747978728803447,circular,KDK,8192,0.0002667980247162039,5.931243184297768e-07,4.477899532654798e-15,1.1514598798255195e-15,3.258492313022751e-14,0.0,1.0437125802509328e-07,-4.579065588927733e-07
ra0.3_q1,0.3,0.3,1.0,4.473875023445472,0.4213250442347431,circular,KDK,8192,0.0005461273221979336,1.599717442002157e-06,7.99457118862689e-15,3.4262447951258097e-15,3.3816793813514485e-14,-2.3314683517128287e-14,1.158722101601839e-07,-1.1499797594183292e-06
ra1_q1,1.0,1.0,1.0,12.566370614359172,0.5,circular,KDK,8192,0.0015339807878856412,4.299330643091938e-06,1.924386576016938e-14,1.1102230246251565e-14,2.1649348980190553e-14,-6.694644838489694e-14,1.4706860129720667e-07,-2.999186826002642e-06
ra3_q1,3.0,3.0,1.0,43.531184741621225,0.43301270189221935,circular,KDK,8192,0.005313865324904935,8.57212399394944e-06,1.0835776720341528e-13,6.821210263296962e-14,6.170573598084148e-14,0.0,1.9609147698200027e-07,-6.000309092257794e-06
ra10_q1,10.0,10.0,1.0,218.56094184751421,0.28747978728803447,circular,KDK,8192,0.026679802471620388,1.3568693487745392e-05,9.347615274416889e-14,2.4628447429601384e-14,2.672446436280585e-14,0.0,2.4888526581889894e-07,-9.643286276173058e-06
ra0.1_q0.5,0.1,0.05,0.5,1.1061450642821737,0.16988239714587516,moderate,KDK,8192,0.00013502747366725754,1.0768423128921666e-07,3.0327504878381285e-09,2.109602815017576e-15,4.5746712448981907e-14,3.8712102135018966e-08,0.0,6.392500040419691e-08
ra0.1_q0.2,0.1,0.020000000000000004,0.2,1.005453905542719,0.07708288167714672,moderate,KDK,8192,0.00012273607245394519,1.3628617637186092e-07,9.655300825091648e-09,3.0631235253182597e-15,3.1506513684056486e-14,6.765234032701793e-08,2.3592239273284576e-15,5.628580623806556e-08
ra0.1_q0.05,0.1,0.005000000000000001,0.05,0.9725683631518718,0.020754438065228763,strong,KDK,8192,0.00011872172401756247,1.3123246302658945e-07,4.389500076958104e-08,4.886138886859777e-16,8.232950554801355e-14,2.3839566605510226e-07,1.2073675392798577e-14,2.456187786492592e-08
ra1_q0.5,1.0,0.5,0.5,6.59182096351981,0.3333333333333333,moderate,KDK,8192,0.0008046656449609143,3.096157959373374e-07,3.639303333691224e-08,1.2240208846492351e-14,2.4313884239290928e-14,7.27860471894104e-08,1.0436096431476471e-14,-2.3774470747639498e-07
ra1_q0.2,1.0,0.2,0.2,5.515082090672513,0.16666666666666669,moderate,KDK,8192,0.000673227794271547,9.735299828950274e-08,1.7050297413945258e-07,9.135549459772718e-16,2.2981616609740737e-14,1.4919011623315548e-07,1.3988810110276972e-14,-9.699506620108878e-08
ra1_q0.05,1.0,0.05,0.05,5.179202175205102,0.047619047619047616,strong,KDK,8192,0.0006322268280279666,5.5529012559876474e-08,1.0732248573546256e-06,8.67942081842185e-15,1.1118189702230552e-13,6.213413238087551e-07,2.7755575615628914e-14,-3.960136751857135e-08
ra10_q0.5,10.0,5.0,0.5,131.83549189152566,0.22473328748774737,moderate,KDK,8192,0.016093199693789754,6.494841883729893e-06,2.3961750956501803e-07,6.341081506032143e-16,1.6796614003750266e-14,2.492023515543451e-07,2.2915003228263232e-14,-5.115787544696104e-06
ra10_q0.2,10.0,2.0,0.2,96.3165263651157,0.14213381090374028,moderate,KDK,8192,0.011757388472304163,1.0384312125650556e-05,3.1223968550552618e-06,3.7438802058531444e-14,2.3902000753738878e-14,8.921150695950786e-07,3.552713678800501e-16,-9.316143639637176e-06
ra10_q0.05,10.0,0.5,0.05,82.26046778076812,0.05372153093502534,strong,KDK,8192,0.010041561008394546,2.039858086848826e-05,8.710364364633572e-05,8.996835534633777e-14,7.274522856407699e-14,8.359917430311725e-06,0.0,-1.9985810510547708e-05
ra0.05_q1,0.05,0.05,1.0,1.4752110935185525,0.21295885499997996,circular,S4G,8192,0.00018007947918927643,2.991218528954733e-12,4.179583508558364e-15,2.268916761788826e-15,8.53681431947906e-14,-5.551115123125783e-16,6.120104423246175e-14,-7.342038088609115e-11
ra0.1_q1,0.1,0.1,1.0,2.1856094184751425,0.28747978728803447,circular,S4G,8192,0.0002667980247162039,2.8868834463003478e-12,5.117599465891198e-15,4.477899532654798e-15,5.3342726013187253e-14,-8.326672684688674e-16,4.093947403305265e-14,-7.359801657003118e-11
ra0.3_q1,0.3,0.3,1.0,4.473875023445472,0.4213250442347431,circular,S4G,8192,0.0005461273221979336,6.490270947063726e-14,2.0231159742647637e-14,1.0278734385377429e-14,7.663676000595165e-14,-5.995204332975845e-14,1.295260195396016e-15,-7.37188088351104e-11
ra1_q1,1.0,1.0,1.0,12.566370614359172,0.5,circular,S4G,8192,0.0015339807878856412,8.321868201079097e-13,1.2286468139185066e-14,6.217248937900877e-15,1.8207657603852567e-14,-1.887379141862766e-14,2.1094237467877974e-14,-7.298694981727749e-11
ra3_q1,3.0,3.0,1.0,43.531184741621225,0.43301270189221935,circular,S4G,8192,0.005313865324904935,2.5979322734755394e-12,4.050093593832571e-14,2.984279490192421e-14,3.36732132637833e-14,-1.5839181817985566e-14,7.431092778157715e-14,-7.251799161167582e-11
ra10_q1,10.0,10.0,1.0,218.56094184751421,0.28747978728803447,circular,S4G,8192,0.026679802471620388,3.884399480760105e-12,6.213085601558531e-14,1.1334683192032456e-14,3.722887810078734e-14,-1.1048939541069558e-13,1.3464784842653898e-13,-7.258904588525183e-11
ra0.1_q0.5,0.1,0.05,0.5,1.1061450642821737,0.16988239714587516,moderate,S4G,8192,0.00013502747366725754,2.621972700205226e-13,3.474639930617184e-15,2.233697098253904e-15,4.288754292092054e-14,-2.1788126858268697e-14,0.0,1.6342482922482304e-13
ra0.1_q0.2,0.1,0.020000000000000004,0.2,1.005453905542719,0.07708288167714672,moderate,S4G,8192,0.00012273607245394519,1.5267750535162447e-12,4.778472699496485e-15,3.0631235253182597e-15,3.015623452616835e-14,-5.0653925498522755e-14,4.3853809472693683e-14,-8.384404281969182e-13
ra0.1_q0.05,0.1,0.005000000000000001,0.05,0.9725683631518718,0.020754438065228763,strong,S4G,8192,0.00011872172401756247,6.904502153356176e-13,5.191522567288513e-14,3.786757637316327e-15,8.588179385846082e-14,-3.4347524824340775e-13,1.942890293094024e-15,-8.242295734817162e-13
ra1_q0.5,1.0,0.5,0.5,6.59182096351981,0.3333333333333333,moderate,S4G,8192,0.0008046656449609143,6.234978905203677e-13,1.174060848541103e-14,1.6237011735142914e-15,1.9984014443252818e-14,-1.865174681370263e-14,1.176836406102666e-14,2.1316282072803006e-14
ra1_q0.2,1.0,0.2,0.2,5.515082090672513,0.16666666666666669,moderate,S4G,8192,0.000673227794271547,4.884691514198227e-13,3.608542036610223e-14,1.5187850976872143e-14,4.3631764867768646e-14,-5.1764148523147924e-14,0.0,-6.963318810448982e-13
ra1_q0.05,1.0,0.05,0.05,5.179202175205102,0.047619047619047616,strong,S4G,8192,0.0006322268280279666,2.4858060931681045e-12,2.0435585042348365e-12,2.78186564693008e-15,1.2750217548429532e-13,-1.2985446051771987e-12,1.84297022087776e-14,-8.526512829121202e-13
ra10_q0.5,10.0,5.0,0.5,131.83549189152566,0.22473328748774737,moderate,S4G,8192,0.016093199693789754,4.821903508649398e-13,1.236510893676268e-13,1.1604179156038822e-13,5.09826636819714e-14,-3.588240815588506e-14,0.0,-5.968558980384842e-13
ra10_q0.2,10.0,2.0,0.2,96.3165263651157,0.14213381090374028,moderate,S4G,8192,0.011757388472304163,9.211347129452755e-12,6.551790360243003e-13,1.4769435674466536e-14,3.749333451566883e-14,-2.1549428907974288e-13,8.117950756059145e-14,-7.325695605686633e-12
ra10_q0.05,10.0,0.5,0.05,82.26046778076812,0.05372153093502534,strong,S4G,8192,0.010041561008394546,1.7545553785763273e-10,6.532261022418687e-10,1.7062963944995096e-15,5.4558921423057743e-14,-6.275246988707295e-11,1.4388490399142028e-14,-1.7183765521622263e-10
ra0.05_q1,0.05,0.05,1.0,1.4752110935185525,0.21295885499997996,circular,KDK,12288,0.00012005298612618429,1.2442227570000062e-07,1.3135833884040572e-15,9.55333373384769e-16,2.4763278178641547e-14,-1.3600232051658168e-14,4.500461323053706e-08,-8.266466977602249e-08
ra0.1_q1,0.1,0.1,1.0,2.1856094184751425,0.28747978728803447,circular,KDK,12288,0.00017786534981080262,2.6361203533976867e-07,5.117599465891198e-15,1.791159813061919e-15,5.177382230691704e-14,-6.2450045135165055e-15,4.6387263613612006e-08,-2.0351466645252003e-07
ra0.3_q1,0.3,0.3,1.0,4.473875023445472,0.4213250442347431,circular,KDK,12288,0.00036408488146528903,7.109857093204416e-07,1.2073434039967139e-14,3.7525538232330296e-15,4.699216802657208e-14,-4.496403249731884e-14,5.1498767472679674e-08,-5.111034653282331e-07
ra1_q1,1.0,1.0,1.0,12.566370614359172,0.5,circular,KDK,12288,0.0010226538585904274,1.9108139341018565e-06,1.080617077301819e-14,4.440892098500626e-15,1.554312234475219e-14,-6.8833827526759706e-15,6.536382080035708e-08,-1.3329727863720109e-06
ra3_q1,3.0,3.0,1.0,43.531184741621225,0.43301270189221935,circular,KDK,12288,0.0035425768832699563,3.8098323321787726e-06,4.138911435802584e-14,1.4210854715202005e-15,2.871624278332789e-14,-2.812564995717063e-15,8.7151753073537e-08,-2.666803453621469e-06
ra10_q1,10.0,10.0,1.0,218.56094184751421,0.28747978728803447,circular,KDK,12288,0.01778653498108026,6.030536146619184e-06,1.1334683192032455e-13,9.179694041942334e-14,6.148171570171518e-14,-6.394884621840902e-15,1.1061581695059886e-07,-4.285909447787617e-06
ra0.1_q0.5,0.1,0.05,0.5,1.1061450642821737,0.16988239714587516,moderate,KDK,12288,9.00183157781717e-05,4.7858733543876285e-08,1.3478879061277636e-09,4.095111346798824e-15,6.392286159165775e-14,1.7205370184125712e-08,5.551115123125783e-14,2.8410170216375263e-08
ra0.1_q0.2,0.1,0.020000000000000004,0.2,1.005453905542719,0.07708288167714672,moderate,KDK,12288,8.182404830263012e-05,6.057083733235908e-08,4.291244920062902e-09,9.801995281018432e-16,3.6907630315609025e-14,3.006770301489103e-08,1.5681900222830336e-14,2.5015786775384186e-08
ra0.1_q0.05,0.1,0.005000000000000001,0.05,0.9725683631518718,0.020754438065228763,strong,KDK,12288,7.914781601170831e-05,5.832507883111853e-08,1.950884214754769e-08,1.0993812495434498e-15,1.3038987680700623e-13,1.0595334297425205e-07,1.762479051592436e-14,1.0916735959654034e-08
ra1_q0.5,1.0,0.5,0.5,6.59182096351981,0.3333333333333333,moderate,KDK,12288,0.0005364437633072762,1.376063107448304e-07,1.6174708947214178e-08,3.7470027081099033e-14,6.444844657949034e-14,3.234931367224192e-08,0.0,-1.0566377284249029e-07
ra1_q0.2,1.0,0.2,0.2,5.515082090672513,0.16666666666666669,moderate,KDK,12288,0.0004488185295143646,4.326805477202266e-08,7.577910481972237e-08,1.0277493142244306e-14,2.6811886044697527e-14,6.630669999174721e-08,8.881784197001252e-16,-4.310867751655678e-08
ra1_q0.05,1.0,0.05,0.05,5.179202175205102,0.047619047619047616,strong,KDK,12288,0.00042148455201864436,2.4677878951909442e-08,4.76987009278865e-07,3.104562061973969e-14,1.9059753775252375e-13,2.7615050898766036e-07,6.17284001691587e-14,-1.7600285673324834e-08
ra10_q0.5,10.0,5.0,0.5,131.83549189152566,0.22473328748774737,moderate,KDK,12288,0.010728799795859835,2.8865962623010866e-06,1.0649680274182465e-07,2.5364326024128575e-14,4.8413769775515476e-14,1.1075657440073882e-07,0.0,-2.2736832789860273e-06
ra10_q0.2,10.0,2.0,0.2,96.3165263651157,0.14213381090374028,moderate,KDK,12288,0.007838258981536108,4.615249408154104e-06,1.3877334104819142e-06,1.4923999536176067e-13,8.295400261591729e-14,3.9649545824360644e-07,2.788880237858393e-14,-4.140508394812059e-06
ra10_q0.05,10.0,0.5,0.05,82.26046778076812,0.05372153093502534,strong,KDK,12288,0.006694374005596364,9.065857442278289e-06,3.871242621471932e-05,6.468414513693595e-14,3.3272675564819307e-14,3.715458768427382e-06,4.085620730620576e-15,-8.882405005294913e-06
ra0.05_q1,0.05,0.05,1.0,1.4752110935185525,0.21295885499997996,circular,S4G,12288,0.00012005298612618429,1.429012731407255e-12,5.970833583654805e-16,2.3883334334619223e-16,1.0426643443638546e-14,-7.077671781985373e-15,7.494005416219807e-15,-1.7548273945067194e-10
ra0.1_q1,0.1,0.1,1.0,2.1856094184751425,0.28747978728803447,circular,S4G,12288,0.00017786534981080262,4.1613322282926474e-12,1.0619018891724235e-14,8.444039118720477e-15,1.1187490274711444e-13,0.0,8.1601392309949e-14,-1.7575274569026078e-10
ra0.3_q1,0.3,0.3,1.0,4.473875023445472,0.4213250442347431,circular,S4G,12288,0.00036408488146528903,1.8088527487804267e-12,2.6104722248577597e-15,9.7892708432166e-16,8.783582808705061e-15,-1.0547118733938987e-14,5.736152293896643e-15,-1.7579537825440639e-10
ra1_q1,1.0,1.0,1.0,12.566370614359172,0.5,circular,S4G,12288,0.0010226538585904274,4.927048821160567e-13,3.3602750211988073e-14,2.960594732333751e-14,5.0182080713057076e-14,-5.773159728050814e-14,6.217248937900877e-15,-1.7497825410828227e-10
ra3_q1,3.0,3.0,1.0,43.531184741621225,0.43301270189221935,circular,S4G,12288,0.0035425768832699563,1.2698603867454609e-12,5.577760475716786e-14,5.364597654988756e-14,4.632203448977296e-14,-1.0051219116273084e-13,3.9227880203422196e-14,-1.745306121847534e-10
ra10_q1,10.0,10.0,1.0,218.56094184751421,0.28747978728803447,circular,S4G,12288,0.01778653498108026,6.204252419834204e-12,9.90735271599874e-14,5.051630410276193e-14,5.916456561245457e-14,-5.329070518200751e-16,1.3287149158713873e-13,-1.7457324474889901e-10
ra0.1_q0.5,0.1,0.05,0.5,1.1061450642821737,0.16988239714587516,moderate,S4G,12288,9.00183157781717e-05,5.243217583200454e-13,7.321562710943352e-15,6.576997011525383e-15,6.555667275054996e-14,-1.9984014443252818e-14,0.0,7.105427357601002e-15
ra0.1_q0.2,0.1,0.020000000000000004,0.2,1.005453905542719,0.07708288167714672,moderate,S4G,12288,8.182404830263012e-05,9.53284757594356e-13,3.18564846633099e-15,2.4504988202546077e-15,8.112927273644545e-14,-6.435824095873953e-14,1.3877787807814457e-15,-4.973799150320701e-13
ra0.1_q0.05,0.1,0.005000000000000001,0.05,0.9725683631518718,0.020754438065228763,strong,S4G,12288,7.914781601170831e-05,1.0787890694845945e-12,1.2093193744977947e-14,0.0,1.427184068256174e-13,-1.3253287356462804e-13,1.5404344466674047e-14,4.973799150320701e-14
ra1_q0.5,1.0,0.5,0.5,6.59182096351981,0.3333333333333333,moderate,S4G,12288,0.0005364437633072762,1.3763851421080682e-13,3.7470027081099033e-14,2.9101721032986916e-14,4.96269692007445e-14,-1.8540724511240114e-14,2.220446049250313e-15,-8.526512829121202e-14
ra1_q0.2,1.0,0.2,0.2,5.515082090672513,0.16666666666666669,moderate,S4G,12288,0.0004488185295143646,2.814392169251912e-13,4.316547119742609e-14,4.14525556737187e-14,7.560618797697315e-14,-6.75848266240564e-14,0.0,-4.121147867408581e-13
ra1_q0.05,1.0,0.05,0.05,5.179202175205102,0.047619047619047616,strong,S4G,12288,0.00042148455201864436,1.8008494310773899e-12,4.1338523513380987e-13,1.5912271500440058e-14,1.5489692861692106e-13,-3.683164884193957e-13,3.2862601528904634e-14,-2.7711166694643907e-13
ra10_q0.5,10.0,5.0,0.5,131.83549189152566,0.22473328748774737,moderate,S4G,12288,0.010728799795859835,3.478576338400425e-12,6.594724766273429e-14,2.071419958637167e-14,4.031187360900064e-14,-5.773159728050814e-14,1.7763568394002505e-15,-2.4442670110147446e-12
ra10_q0.2,10.0,2.0,0.2,96.3165263651157,0.14213381090374028,moderate,S4G,12288,0.007838258981536108,4.471366573385246e-12,1.681311340151481e-13,2.902365847656796e-14,3.2338001019764365e-14,-7.260858581048524e-14,4.796163466380676e-14,-3.318234575999668e-12
ra10_q0.05,10.0,0.5,0.05,82.26046778076812,0.05372153093502534,strong,S4G,12288,0.006694374005596364,3.581922322524653e-11,1.290171034523131e-10,5.537707389421136e-14,4.649908075828785e-14,-1.2430945162122953e-11,0.0,-3.419131644477602e-11
ra0.05_q1,0.05,0.05,1.0,1.4752110935185525,0.21295885499997996,circular,KDK,16384,9.003973959463821e-05,6.998859614544965e-08,2.0300834184426338e-15,4.776666866923845e-16,3.7470749875576025e-14,-2.7755575615628914e-15,2.5315114865476218e-08,-4.649929508104833e-08
ra0.1_q1,0.1,0.1,1.0,2.1856094184751425,0.28747978728803447,circular,KDK,16384,0.00013339901235810196,1.4828210065912326e-07,2.1749797730037592e-15,5.117599465891197e-16,2.1361227385371366e-14,-2.123301534595612e-14,2.6092824845225238e-08,-1.1447679071352468e-07
ra0.3_q1,0.3,0.3,1.0,4.473875023445472,0.4213250442347431,circular,KDK,16384,0.0002730636610989668,3.999322170073882e-07,1.2073434039967139e-14,9.136652787002159e-15,4.5235451464831066e-14,0.0,2.8968083302475616e-08,-2.874968956234625e-07
ra1_q1,1.0,1.0,1.0,12.566370614359172,0.5,circular,KDK,16384,0.0007669903939428206,1.0748339080464085e-06,1.805962786723588e-14,1.6431300764452317e-14,2.6867397195928788e-14,-9.103828801926284e-15,3.6767182187702474e-08,-7.497987297711006e-07
ra3_q1,3.0,3.0,1.0,43.531184741621225,0.43301270189221935,circular,KDK,16384,0.0026569326624524673,2.1430340403312995e-06,6.572520305780927e-14,5.613287612504792e-14,5.315923515247008e-14,0.0,4.902289285624306e-08,-1.5000791293573457e-06
ra10_q1,10.0,10.0,1.0,218.56094184751421,0.28747978728803447,circular,KDK,16384,0.013339901235810194,3.3921723698808193e-06,4.240011119982511e-14,2.4068709988019535e-14,2.548865098186685e-14,-6.110667527536861e-14,6.222137596267885e-08,-2.410819639919737e-06
ra0.1_q0.5,0.1,0.05,0.5,1.1061450642821737,0.16988239714587516,moderate,KDK,16384,6.751373683362877e-05,2.692108748490306e-08,7.581886457373688e-10,1.985508531781248e-15,4.5746712448981907e-14,9.677992851564454e-09,0.0,1.5981157730493578e-08
ra0.1_q0.2,0.1,0.020000000000000004,0.2,1.005453905542719,0.07708288167714672,moderate,KDK,16384,6.136803622697259e-05,3.40703433846483e-08,2.4138247774356185e-09,1.225249410127304e-16,6.605115547336127e-14,1.6913020289832655e-08,3.302913498259841e-14,1.4070970166812913e-08
ra0.1_q0.05,0.1,0.005000000000000001,0.05,0.9725683631518718,0.020754438065228763,strong,KDK,16384,5.936086200878124e-05,3.2807557581963866e-08,1.097371617265326e-08,2.687376387772877e-15,8.462804504300884e-14,5.959870201521776e-08,0.0,6.140382424746349e-09
ra1_q0.5,1.0,0.5,0.5,6.59182096351981,0.3333333333333333,moderate,KDK,16384,0.00040233282248045715,7.740361464903046e-08,9.098286624098506e-09,2.4730217873525362e-14,5.861977570020827e-14,1.8196471440745654e-08,1.5543122344752192e-15,-5.943601166791268e-08
ra1_q0.2,1.0,0.2,0.2,5.515082090672513,0.16666666666666669,moderate,KDK,16384,0.0003366138971357735,2.4338707347880766e-08,4.262574396309203e-08,3.654219783909087e-15,9.009459844833144e-14,3.72974280626881e-08,1.509903313490213e-14,-2.4248947738669813e-08
ra1_q0.05,1.0,0.05,0.05,5.179202175205102,0.047619047619047616,strong,KDK,16384,0.0003161134140139833,1.3880849364813908e-08,2.68304845020929e-07,2.2811298304826654e-14,7.387840339490026e-14,1.553343607907376e-07,5.595524044110789e-14,-9.900553266106726e-09
ra10_q0.5,10.0,5.0,0.5,131.83549189152566,0.22473328748774737,moderate,KDK,16384,0.008046599846894877,1.623714272116403e-06,5.990444555788069e-08,4.396483177515619e-14,5.1575485352692e-14,6.230049258704184e-08,4.867217739956686e-14,-1.2789494618914432e-06
ra10_q0.2,10.0,2.0,0.2,96.3165263651157,0.14213381090374028,moderate,KDK,16384,0.005878694236152082,2.59608188355065e-06,7.806002012122197e-07,2.5932381242377286e-14,3.718089006137159e-14,2.2302867885848343e-07,9.663381206337362e-14,-2.3290387431984527e-06
ra10_q0.05,10.0,0.5,0.05,82.26046778076812,0.05372153093502534,strong,KDK,16384,0.005020780504197273,5.099510742480527e-06,2.177567980118295e-05,3.645269570067134e-14,5.621222207224131e-14,2.0899337322966005e-06,6.981082378842984e-14,-4.996318594407967e-06
ra0.05_q1,0.05,0.05,1.0,1.4752110935185525,0.21295885499997996,circular,S4G,16384,9.003973959463821e-05,1.3789609068957174e-12,1.194166716730961e-15,0.0,2.5414943393868956e-14,-1.0963452368173421e-14,1.5959455978986625e-14,-8.821388064461644e-11
ra0.1_q1,0.1,0.1,1.0,2.1856094184751425,0.28747978728803447,circular,S4G,16384,0.00013339901235810196,1.63028217870237e-12,1.5352798397673594e-15,1.2793998664727993e-16,1.5085612560290512e-14,-9.71445146547012e-15,1.1102230246251565e-14,-8.841993803798687e-11
ra0.3_q1,0.3,0.3,1.0,4.473875023445472,0.4213250442347431,circular,S4G,16384,0.0002730636610989668,1.8045582525428866e-12,2.9367812529649796e-15,1.3052361124288798e-15,1.010112023001082e-14,-8.141635513917816e-15,4.810966440042345e-15,-8.854783573042369e-11
ra1_q1,1.0,1.0,1.0,12.566370614359172,0.5,circular,S4G,16384,0.0007669903939428206,1.746852184492357e-13,2.7829590483937256e-14,9.325873406851315e-15,4.141131881851834e-14,-4.674038933671909e-14,3.5083047578154947e-14,-8.774492243901477e-11
ra3_q1,3.0,3.0,1.0,43.531184741621225,0.43301270189221935,circular,S4G,16384,0.0026569326624524673,7.406960826583469e-14,7.460698725481052e-15,1.4210854715202005e-15,5.982550579859977e-15,-9.62193288008469e-15,7.105427357601002e-15,-8.731149137020111e-11
ra10_q1,10.0,10.0,1.0,218.56094184751421,0.28747978728803447,circular,S4G,16384,0.013339901235810194,7.39641632761417e-14,3.1345296728583584e-14,1.7211926328641877e-14,1.9000630731937104e-14,-4.156675004196586e-14,4.405364961712621e-14,-8.738254564377712e-11
ra0.1_q0.5,0.1,0.05,0.5,1.1061450642821737,0.16988239714587516,moderate,S4G,16384,6.751373683362877e-05,4.964469544828455e-13,5.9565255953437436e-15,3.3505456473808556e-15,8.577508584184108e-14,-6.342149028171207e-14,1.8457457784393227e-14,4.263256414560601e-14
ra0.1_q0.2,0.1,0.020000000000000004,0.2,1.005453905542719,0.07708288167714672,moderate,S4G,16384,6.136803622697259e-05,1.176442320816169e-12,2.4504988202546077e-15,1.837874115190956e-15,6.065003884180874e-14,-5.6031568274050857e-14,2.42861286636753e-14,4.050093593832571e-13
ra0.1_q0.05,0.1,0.005000000000000001,0.05,0.9725683631518718,0.020754438065228763,strong,S4G,16384,5.936086200878124e-05,8.382679078021063e-13,5.496906247717249e-15,4.641831942516788e-15,1.328973744379102e-13,-1.2784912017949066e-13,1.0269562977782698e-14,5.968558980384842e-13
ra1_q0.5,1.0,0.5,0.5,6.59182096351981,0.3333333333333333,moderate,S4G,16384,0.00040233282248045715,1.1476220267830473e-12,3.172462292866385e-14,9.242606680004428e-15,5.678790770957676e-14,-6.439293542825908e-15,4.4853010194856324e-14,3.552713678800501e-13
ra1_q0.2,1.0,0.2,0.2,5.515082090672513,0.16666666666666669,moderate,S4G,16384,0.0003366138971357735,3.0366195307502787e-12,5.321457560317608e-14,4.510677545762779e-14,1.140754157802348e-13,3.469446951953614e-15,8.948397578478762e-14,-4.476419235288631e-13
ra1_q0.05,1.0,0.05,0.05,5.179202175205102,0.047619047619047616,strong,S4G,16384,0.0003161134140139833,2.7847473707182404e-12,1.5099966731536473e-13,6.342653675000582e-15,1.5955986532034672e-13,-2.3675506000131463e-13,4.285460875053104e-14,-5.471179065352771e-13
ra10_q0.5,10.0,5.0,0.5,131.83549189152566,0.22473328748774737,moderate,S4G,16384,0.008046599846894877,1.7546898370344225e-12,1.1731000786159465e-13,9.596170012461978e-14,8.576153503091312e-14,-1.389111048410996e-13,1.3855583347321953e-14,6.110667527536862e-13
ra10_q0.2,10.0,2.0,0.2,96.3165263651157,0.14213381090374028,moderate,S4G,16384,0.005878694236152082,3.0349624858401894e-12,9.050572791213794e-14,5.478430209482354e-14,3.3587778836953326e-14,-2.4868995751603507e-14,2.0605739337042905e-14,-1.7124079931818414e-12
ra10_q0.05,10.0,0.5,0.05,82.26046778076812,0.05372153093502534,strong,S4G,16384,0.005020780504197273,1.5078002664844383e-11,4.0911403297352605e-11,9.043370890847402e-14,7.481185437555645e-14,-3.926858838099179e-12,1.0622613899613497e-13,-1.0871303857129533e-11
ra0.05_q1,0.05,0.05,1.0,1.4752110935185525,0.21295885499997996,circular,KDK,24576,6.002649306309214e-05,3.110639314371721e-08,1.0747500450578649e-15,4.776666866923845e-16,1.9549956456822274e-14,-9.159339953157541e-15,1.1251141823764854e-08,-2.066721549454087e-08
ra0.1_q1,0.1,0.1,1.0,2.1856094184751425,0.28747978728803447,circular,KDK,24576,8.893267490540131e-05,6.59036635508127e-08,4.605839519302078e-15,2.1749797730037592e-15,4.8153275292447315e-14,-3.58046925441613e-14,1.1596808513480994e-08,-5.088003263153951e-08
ra0.3_q1,0.3,0.3,1.0,4.473875023445472,0.4213250442347431,circular,KDK,24576,0.00018204244073264452,1.7774932436765361e-07,1.4031288208610459e-14,6.1998715340371795e-15,5.423862384375375e-14,0.0,1.2874720363894218e-08,-1.277785628417405e-07
ra1_q1,1.0,1.0,1.0,12.566370614359172,0.5,circular,KDK,24576,0.0005113269292952137,4.777048956168266e-07,2.5461114698070258e-14,1.924386576016938e-14,3.774758283725532e-14,-1.887379141862766e-15,1.634100343927969e-08,-3.332422409130231e-07
ra3_q1,3.0,3.0,1.0,43.531184741621225,0.43301270189221935,circular,KDK,24576,0.0017712884416349781,9.524615652931513e-07,6.110667527536861e-14,4.511946372076636e-14,5.076621492052609e-14,0.0,2.1787994075594952e-08,-6.667016592132313e-07
ra10_q1,10.0,10.0,1.0,218.56094184751421,0.28747978728803447,circular,KDK,24576,0.00889326749054013,1.5076327082494883e-06,6.213085601558531e-14,3.9741358352311324e-14,3.738335477340471e-14,0.0,2.7653953971196187e-08,-1.0714747915585576e-06
ra0.1_q0.5,0.1,0.05,0.5,1.1061450642821737,0.16988239714587516,moderate,KDK,24576,4.500915788908585e-05,1.1964604428185749e-08,3.369726900740695e-10,2.6059799479628876e-15,6.331018240707317e-14,4.301346501200953e-09,1.554312234475219e-14,7.1020664904608566e-09
ra0.1_q0.2,0.1,0.020000000000000004,0.2,1.005453905542719,0.07708288167714672,moderate,KDK,24576,4.091202415131506e-05,1.5141594907586377e-08,1.0728098822413743e-09,3.675748230381912e-15,7.617824915752229e-14,7.51692683792493e-09,3.8441472227646045e-14,6.253884521356667e-09
ra0.1_q0.05,0.1,0.005000000000000001,0.05,0.9725683631518718,0.020754438065228763,strong,KDK,24576,3.9573908005854156e-05,1.4580060885973988e-08,4.877202016682238e-09,4.886138886859776e-15,4.2690147166140017e-13,2.6488299748050885e-08,5.0931481254679056e-14,2.72920885890926e-09
ra1_q0.5,1.0,0.5,0.5,6.59182096351981,0.3333333333333333,moderate,KDK,24576,0.0002682218816536381,3.440238242794385e-08,4.0436890086370525e-09,2.8352320491364935e-14,5.162537064506978e-14,8.08730860057949e-09,3.241851231905457e-14,-2.6416344667268277e-08
ra1_q0.2,1.0,0.2,0.2,5.515082090672513,0.16666666666666669,moderate,KDK,24576,0.0002244092647571823,1.0817204806964627e-08,1.8944776947193988e-08,2.969053574426133e-15,9.675593659608238e-14,1.6576686967528786e-08,2.1538326677728037e-14,-1.0777050363230956e-08
ra1_q0.05,1.0,0.05,0.05,5.179202175205102,0.047619047619047616,strong,KDK,24576,0.00021074227600932218,6.169633110149615e-09,1.1924653647476072e-07,3.9168668308775524e-14,9.500733533229777e-14,6.903738414276717e-08,0.0,-4.400504849400022e-09
ra10_q0.5,10.0,5.0,0.5,131.83549189152566,0.22473328748774737,moderate,KDK,24576,0.005364399897929918,7.216523657451801e-07,2.662423846773347e-08,8.454775341376191e-15,5.078505645839787e-14,2.7689050696722008e-08,4.1744385725905886e-14,-5.684241273229418e-07
ra10_q0.2,10.0,2.0,0.2,96.3165263651157,0.14213381090374028,moderate,KDK,24576,0.003919129490768054,1.153817070487065e-06,3.4693350284796526e-07,4.6197420888738343e-14,4.874133487036948e-14,9.912379361765034e-08,1.1937117960769684e-13,-1.0351305661515653e-06
ra10_q0.05,10.0,0.5,0.05,82.26046778076812,0.05372153093502534,strong,KDK,24576,0.003347187002798182,2.2664380696798646e-06,9.678060976641718e-06,4.343299913271479e-14,9.051821054280034e-14,9.288556839237572e-07,0.0,-2.220574010891596e-06
ra0.05_q1,0.05,0.05,1.0,1.4752110935185525,0.21295885499997996,circular,S4G,24576,6.002649306309214e-05,1.4469584285010014e-12,1.6718334034233455e-15,1.0747500450578649e-15,3.58415868375075e-14,-2.3175905639050143e-14,1.4988010832439613e-14,1.4316015040094499e-10
ra0.1_q1,0.1,0.1,1.0,2.1856094184751425,0.28747978728803447,circular,S4G,24576,8.893267490540131e-05,1.6267665219091392e-12,1.791159813061919e-15,8.955799065309596e-16,1.7740680370901644e-14,-9.853229343548264e-15,1.0824674490095276e-14,1.4295409300757456e-10
ra0.3_q1,0.3,0.3,1.0,4.473875023445472,0.4213250442347431,circular,S4G,24576,0.00018204244073264452,1.8419355974520236e-12,3.91570833728664e-15,2.2841631967505398e-15,1.5590859485451483e-14,-7.771561172376096e-15,1.2212453270876722e-14,1.4288303873399855e-10
ra1_q1,1.0,1.0,1.0,12.566370614359172,0.5,circular,S4G,24576,0.0005113269292952137,7.592821202671527e-13,1.1250259982868252e-14,3.2566542055671257e-15,1.687538997430238e-14,-1.8540724511240114e-14,1.0436096431476471e-14,1.4362910860654665e-10
ra3_q1,3.0,3.0,1.0,43.531184741621225,0.43301270189221935,circular,S4G,24576,0.0017712884416349781,6.808638137835601e-12,1.1297629498585593e-13,8.455458555545192e-14,9.401150911208535e-14,-1.4802973661668753e-16,1.2049620560598365e-13,1.439701691197115e-10
ra10_q1,10.0,10.0,1.0,218.56094184751421,0.28747978728803447,circular,S4G,24576,0.00889326749054013,7.035466780521848e-13,5.1355910265134705e-14,3.288457469293367e-14,3.089533452347497e-14,-6.856737400084967e-14,4.831690603168681e-14,1.4409096138479072e-10
ra0.1_q0.5,0.1,0.05,0.5,1.1061450642821737,0.16988239714587516,moderate,S4G,24576,4.500915788908585e-05,3.5233622145718037e-13,6.0806198785800715e-15,5.832431312107416e-15,4.431712768495122e-14,-5.551115123125783e-15,0.0,-5.542233338928781e-13
ra0.1_q0.2,0.1,0.020000000000000004,0.2,1.005453905542719,0.07708288167714672,moderate,S4G,24576,4.091202415131506e-05,1.755309066346523e-12,5.636147286585598e-15,2.205448938229147e-15,5.2098270841850544e-14,-1.4224732503009815e-14,5.842548667089886e-14,-1.9397816686250735e-12
ra0.1_q0.05,0.1,0.005000000000000001,0.05,0.9725683631518718,0.020754438065228763,strong,S4G,24576,3.9573908005854156e-05,9.81171061218471e-13,3.4202972208018437e-15,7.329208330289665e-16,3.136461619989044e-13,-2.7356589216154243e-13,1.9984014443252818e-14,5.968558980384842e-13
ra1_q0.5,1.0,0.5,0.5,6.59182096351981,0.3333333333333333,moderate,S4G,24576,0.0002682218816536381,1.4583107549653466e-13,2.6478819137309983e-14,1.5862311464331924e-14,2.8976820942716586e-14,-9.43689570931383e-15,0.0,-5.329070518200751e-13
ra1_q0.2,1.0,0.2,0.2,5.515082090672513,0.16666666666666669,moderate,S4G,24576,0.0002244092647571823,1.3610644902882758e-12,2.9119563903025534e-14,8.907160723278399e-15,9.209299989265672e-14,-8.340550472496489e-14,5.040412531798211e-14,-2.0534685063466895e-12
ra1_q0.05,1.0,0.05,0.05,5.179202175205102,0.047619047619047616,strong,S4G,24576,0.00021074227600932218,3.275460515156298e-12,5.508093980921558e-14,1.112746258772032e-14,7.883277364229002e-14,-7.993605777301127e-14,5.728750807065808e-14,-9.166001291305292e-13
ra10_q0.5,10.0,5.0,0.5,131.83549189152566,0.22473328748774737,moderate,S4G,24576,0.005364399897929918,3.3275125445698784e-12,1.5747019073313157e-13,1.4457665833753287e-13,8.31926411244572e-14,-9.681144774731365e-14,2.6645352591003757e-14,8.313350008393172e-13
ra10_q0.2,10.0,2.0,0.2,96.3165263651157,0.14213381090374028,moderate,S4G,24576,0.003919129490768054,2.963055916363836e-12,5.924948032198785e-14,6.18255446838134e-15,4.88975570975181e-14,-6.683542608243442e-14,2.8954616482224084e-14,-1.9824142327706795e-12
ra10_q0.05,10.0,0.5,0.05,82.26046778076812,0.05372153093502534,strong,S4G,24576,0.003347187002798182,5.8926689857994265e-12,8.141825923135479e-12,5.118889183498529e-14,1.2771747514943062e-13,-7.712719352070962e-13,7.069900220812996e-14,-1.5418777365994174e-12
ra0.05_q1,0.05,0.05,1.0,1.4752110935185525,0.21295885499997996,circular,KDK,32768,4.501986979731911e-05,1.7498094617320443e-08,1.7912500750964415e-15,4.776666866923845e-16,3.3234925976597864e-14,-2.983724378680108e-14,6.328794432963747e-09,-1.1630071128365671e-08
ra0.1_q1,0.1,0.1,1.0,2.1856094184751425,0.28747978728803447,circular,KDK,32768,6.669950617905098e-05,3.707195790113889e-08,5.629359412480317e-15,3.838199599418398e-15,5.877354653489184e-14,-2.955968803064479e-14,6.523278722747605e-09,-2.8627290760141477e-08
ra0.3_q1,0.3,0.3,1.0,4.473875023445472,0.4213250442347431,circular,KDK,32768,0.0001365318305494834,9.99845229944576e-08,9.46296181510938e-15,7.341953132412449e-15,3.6451868656126005e-14,-1.0177044392397269e-14,7.242042151152836e-09,-7.18731456572641e-08
ra1_q1,1.0,1.0,1.0,12.566370614359172,0.5,circular,KDK,32768,0.0003834951969714103,2.6871224279869003e-07,5.166237807922395e-14,3.5675166524621695e-14,7.72715225139109e-14,-6.8833827526759706e-15,9.19187859160786e-09,-1.874583546168651e-07
ra3_q1,3.0,3.0,1.0,43.531184741621225,0.43301270189221935,circular,KDK,32768,0.0013284663312262337,5.357599852652993e-07,5.169198402654729e-14,2.930988785010413e-14,4.307436417499183e-14,-1.4802973661668753e-16,1.225574293902317e-08,-3.750256425405496e-07
ra10_q1,10.0,10.0,1.0,218.56094184751421,0.28747978728803447,circular,KDK,32768,0.006669950617905097,8.480392621050346e-07,8.298107571450922e-14,6.576914938586733e-15,4.989596525541207e-14,-6.217248937900877e-14,1.5555305843406585e-08,-6.027048726764406e-07
ra0.1_q0.5,0.1,0.05,0.5,1.1061450642821737,0.16988239714587516,moderate,KDK,32768,3.3756868416814384e-05,6.730641865607154e-09,1.8955141166354304e-10,9.92754265890624e-16,4.390867489522817e-14,2.41951000901075e-09,2.7755575615628914e-16,3.995651809418632e-09
ra0.1_q0.2,0.1,0.020000000000000004,0.2,1.005453905542719,0.07708288167714672,moderate,KDK,32768,3.0684018113486296e-05,8.516823598127206e-09,6.034578790768436e-10,2.450498820254608e-16,5.851209684181918e-14,4.228227143410201e-09,7.077671781985373e-15,3.5168881140634767e-09
ra0.1_q0.05,0.1,0.005000000000000001,0.05,0.9725683631518718,0.020754438065228763,strong,KDK,32768,2.968043100439062e-05,8.200569889286742e-09,2.7434243097162684e-09,6.474134025089204e-15,3.0361617147528853e-13,1.4899585731864559e-08,7.008282842946301e-14,1.535489957404934e-09
ra1_q0.5,1.0,0.5,0.5,6.59182096351981,0.3333333333333333,moderate,KDK,32768,0.00020116641124022858,1.9352107914415283e-08,2.2745669098211962e-09,9.992007221626409e-16,2.964295475749168e-14,4.549094212435989e-09,3.730349362740526e-14,-1.4859040220471798e-08
ra1_q0.2,1.0,0.2,0.2,5.515082090672513,0.16666666666666669,moderate,KDK,32768,0.00016830694856788674,6.085262274874461e-09,1.0656436989973729e-08,2.7635037115812468e-14,7.160938508832258e-14,9.324374466990193e-09,5.88418203051333e-14,-6.062947477403213e-09
ra1_q0.05,1.0,0.05,0.05,5.179202175205102,0.047619047619047616,strong,KDK,32768,0.00015805670700699164,3.4701040590189763e-09,6.707617389477661e-08,5.6638784571496427e-14,1.4790252356178257e-13,3.8833462556731035e-08,0.0,-2.474358495874185e-09
ra10_q0.5,10.0,5.0,0.5,131.83549189152566,0.22473328748774737,moderate,KDK,32768,0.0040232999234474385,4.059228282848645e-07,1.4976345164008364e-08,2.4222931353042786e-13,1.499838826923112e-13,1.5574965850362334e-08,0.0,-3.1973564063036974e-07
ra10_q0.2,10.0,2.0,0.2,96.3165263651157,0.14213381090374028,moderate,KDK,32768,0.002939347118076041,6.490231021590396e-07,1.951501454027643e-07,1.7019198550460854e-13,9.404578074346931e-14,5.575713246663838e-08,1.9557688801796757e-13,-5.822612862971255e-07
ra10_q0.05,10.0,0.5,0.05,82.26046778076812,0.05372153093502534,strong,KDK,32768,0.0025103902520986366,1.274869697066088e-06,5.443905628884745e-06,5.336054179162103e-14,6.15854491820879e-14,5.224805859072035e-07,4.440892098500626e-14,-1.2490723833025186e-06
ra0.05_q1,0.05,0.05,1.0,1.4752110935185525,0.21295885499997996,circular,S4G,32768,4.501986979731911e-05,1.341024859712411e-12,1.194166716730961e-15,3.5825001501928834e-16,2.5740776001482663e-14,-8.881784197001252e-15,1.8457457784393227e-14,-9.592326932761353e-11
ra0.1_q1,0.1,0.1,1.0,2.1856094184751425,0.28747978728803447,circular,S4G,32768,6.669950617905098e-05,1.6467098449428834e-12,1.2793998664727994e-15,1.2793998664727993e-16,1.2551229650161707e-14,-2.220446049250313e-15,1.0408340855860843e-14,-9.610801043891115e-11
ra0.3_q1,0.3,0.3,1.0,4.473875023445472,0.4213250442347431,circular,S4G,32768,0.0001365318305494834,1.8066347010901403e-12,4.5683263935010796e-15,1.6315451405360998e-16,1.8006344757845374e-14,-1.0732155904709847e-14,1.7763568394002505e-14,-9.622169727663277e-11
ra1_q1,1.0,1.0,1.0,12.566370614359172,0.5,circular,S4G,32768,0.0003834951969714103,6.785546066286515e-13,8.141635513917814e-15,2.3684757858670005e-15,1.2212453270876722e-14,-7.549516567451064e-15,1.3322676295501878e-14,-9.544010026729666e-11
ra3_q1,3.0,3.0,1.0,43.531184741621225,0.43301270189221935,circular,S4G,32768,0.0013284663312262337,9.698335961972951e-14,1.2967404927621828e-14,8.704148513061228e-15,1.0768591043747958e-14,-1.2286468139185066e-14,1.569115208136888e-14,-9.50350909079134e-11
ra10_q1,10.0,10.0,1.0,218.56094184751421,0.28747978728803447,circular,S4G,32768,0.006669950617905097,3.2204873326591473e-13,5.093610718394832e-14,1.105481447124153e-14,3.058638117824022e-14,-4.7606363295926714e-14,4.440892098500626e-14,-9.487877150604618e-11
ra0.1_q0.5,0.1,0.05,0.5,1.1061450642821737,0.16988239714587516,moderate,S4G,32768,3.3756868416814384e-05,3.7047805054631995e-14,4.5914884797441356e-15,6.204714161816399e-16,5.126082511024312e-14,-5.551115123125783e-16,2.42861286636753e-14,1.2789769243681803e-13
ra0.1_q0.2,0.1,0.020000000000000004,0.2,1.005453905542719,0.07708288167714672,moderate,S4G,32768,3.0684018113486296e-05,2.0537043319132828e-13,1.3845318334438535e-14,1.3232693629374883e-14,6.785152768387878e-14,6.938893903907227e-15,0.0,-2.3661073100811336e-12
ra0.1_q0.05,0.1,0.005000000000000001,0.05,0.9725683631518718,0.020754438065228763,strong,S4G,32768,2.968043100439062e-05,1.1561322749416867e-12,3.4202972208018437e-15,6.10767360857472e-16,4.678572662994983e-13,4.163336342344336e-15,2.858824288409778e-14,1.7763568394002505e-13
ra1_q0.5,1.0,0.5,0.5,6.59182096351981,0.3333333333333333,moderate,S4G,32768,0.00020116641124022858,3.5802092935730766e-12,9.467426842491022e-14,6.18255446838134e-14,1.6570078642530461e-13,8.881784197001252e-16,1.4011014570769476e-13,-1.0800249583553523e-12
ra1_q0.2,1.0,0.2,0.2,5.515082090672513,0.16666666666666669,moderate,S4G,32768,0.00016830694856788674,2.20486379483035e-13,4.282288809268461e-14,2.7749231484059628e-14,9.625633623500106e-14,-8.104628079763643e-14,0.0,7.247535904753022e-13
ra1_q0.05,1.0,0.05,0.05,5.179202175205102,0.047619047619047616,strong,S4G,32768,0.00015805670700699164,1.8035157824013714e-12,3.060052211623088e-14,2.3367671434212672e-14,3.0309088572266774e-13,-2.886579864025407e-13,5.995204332975845e-15,-4.618527782440651e-13
ra10_q0.5,10.0,5.0,0.5,131.83549189152566,0.22473328748774737,moderate,S4G,32768,0.0040232999234474385,4.524070730336165e-13,2.0080091435768454e-13,1.458448746387393e-13,1.1994758470913427e-13,-1.3606893389805918e-13,8.29558643999917e-14,-4.689582056016661e-13
ra10_q0.2,10.0,2.0,0.2,96.3165263651157,0.14213381090374028,moderate,S4G,32768,0.002939347118076041,6.247637507053033e-12,2.385435599050467e-13,2.368261836638297e-13,1.134173369098982e-13,2.2648549702353193e-14,2.7000623958883807e-13,-2.5011104298755527e-12
ra10_q0.05,10.0,0.5,0.05,82.26046778076812,0.05372153093502534,strong,S4G,32768,0.0025103902520986366,1.0690310977526213e-11,2.8008079726439223e-12,2.5144604140760953e-13,1.905428998184062e-13,-2.7633451082920146e-13,3.197442310920451e-13,-2.6147972675971687e-12
