name,family,epsilon,h2,h4,timestep_gain,R_cost,speedup
ra0.05_q1,circular,0.001,0.010749443939946663,0.10135584756230032,9.428938662180068,3.0241640157378535,3.1178661650332278
ra0.1_q0.05,strong,0.001,0.00912002165043961,0.014273173485169075,1.5650372369983432,3.0241640157378535,0.5175107000988821
ra0.1_q0.2,moderate,0.001,0.01051605321755774,0.0483126682858623,4.59418255940345,3.0241640157378535,1.5191578682555462
ra0.1_q0.5,moderate,0.001,0.013015038051843383,0.11316837364482354,8.695201135335518,3.0241640157378535,2.875241253478777
ra0.1_q1,circular,0.001,0.01095144646311683,0.13999819337439356,12.783534471532217,3.0241640157378535,4.227130011800373
ra0.3_q1,circular,0.001,0.013653391384290763,0.23231715931445715,17.01534459649016,3.0241640157378535,5.6264622249129745
ra10_q0.05,strong,0.001,0.07024305996129815,0.3642459282680024,5.1855076995320415,3.0241640157378535,1.7146912907324077
ra10_q0.2,moderate,0.001,0.11537788325958524,1.3783700393409377,11.946570697954167,3.0241640157378535,3.9503712879935753
ra10_q0.5,moderate,0.001,0.19969653177414518,3.309837399872785,16.574335920947185,3.0241640157378535,5.480633932119346
ra10_q1,circular,0.001,0.22904241811465303,5.7419051634765035,25.06917806204022,3.0241640157378535,8.289622497847125
ra1_q0.05,strong,0.001,0.04341031243822756,0.05538839531806094,1.2759271289944774,3.0241640157378535,0.4219106908072805
ra1_q0.2,moderate,0.001,0.0675594168052541,0.19656081716084334,2.90945106479304,3.0241640157378535,0.9620678804628838
ra1_q0.5,moderate,0.001,0.045721179974748685,0.41944202252477325,9.173910707388274,3.0241640157378535,3.0335360977932835
ra1_q1,circular,0.001,0.02339454483377877,0.4799063021953904,20.51359860194699,3.0241640157378535,6.783229512418479
ra3_q1,circular,0.001,0.057394178951061144,1.3204894854534621,23.007376524706743,3.0241640157378535,7.607846798313704
ra0.05_q1,circular,0.0010592537251772887,0.011062734284945848,0.10281695649635988,9.29399132692476,3.0241640157378535,3.0732431437443566
ra0.1_q0.05,strong,0.0010592537251772887,0.00928593204387935,0.014397274514968804,1.5504393578303752,3.0241640157378535,0.5126836209153457
ra0.1_q0.2,moderate,0.0010592537251772887,0.010823365931147178,0.04870416720353291,4.49990950258583,3.0241640157378535,1.487984606379861
ra0.1_q0.5,moderate,0.0010592537251772887,0.01339528024262396,0.11419330912615586,8.524891383966064,3.0241640157378535,2.8189249457378094
ra0.1_q1,circular,0.0010592537251772887,0.011271066671703809,0.142018130766287,12.600238726546243,3.0241640157378535,4.166519626903225
ra0.3_q1,circular,0.0010592537251772887,0.014052016099179263,0.23568250268483643,16.772148638415093,3.0241640157378535,5.546044642794588
ra10_q0.05,strong,0.0010592537251772887,0.07229093114667047,0.36709707697177846,5.078051577824862,3.0241640157378535,1.6791587861632196
ra10_q0.2,moderate,0.0010592537251772887,0.11874698560561384,1.398101204895587,11.77378270080054,3.0241640157378535,3.8932354989773605
ra10_q0.5,moderate,0.0010592537251772887,0.20552812883390204,3.3579104217720803,16.33796036009155,3.0241640157378535,5.402471650038901
ra10_q1,circular,0.0010592537251772887,0.23573066045339366,5.825306433681244,24.711704546524047,3.0241640157378535,8.171416767716131
ra1_q0.05,strong,0.0010592537251772887,0.043630399854863104,0.05597069951468062,1.2828371892274109,3.0241640157378535,0.4241956397045537
ra1_q0.2,moderate,0.0010592537251772887,0.06949222682634626,0.19803255165455247,2.8497079558180647,3.0241640157378535,0.9423126328426918
ra1_q0.5,moderate,0.0010592537251772887,0.047055818850611275,0.42495223195800125,9.030811541227296,3.0241640157378535,2.9862175114281637
ra1_q1,circular,0.0010592537251772887,0.024077666319273664,0.48687251686146815,20.220918024424027,3.0241640157378535,6.6864488563430005
ra3_q1,circular,0.0010592537251772887,0.059070135901230204,1.3396595827124587,22.67913493465585,3.0241640157378535,7.499307185930674
ra0.05_q1,circular,0.001122018454301963,0.011385155412971382,0.10429912824394752,9.160975363157275,3.0241640157378535,3.0292587688641373
ra0.1_q0.05,strong,0.001122018454301963,0.009454860660269244,0.014522454566586164,1.535977640327553,3.0241640157378535,0.5079015662954365
ra0.1_q0.2,moderate,0.001122018454301963,0.011139659305254377,0.049098838610076016,4.407570937732088,3.0241640157378535,1.457451022760319
ra0.1_q0.5,moderate,0.001122018454301963,0.013786631438470358,0.11522752717210462,8.357917427934757,3.0241640157378535,2.763711685093754
ra0.1_q1,circular,0.001122018454301963,0.011599899015113642,0.14406721244189452,12.419695400295097,3.0241640157378535,4.106819384022353
ra0.3_q1,circular,0.001122018454301963,0.014462279070003407,0.23909659637582903,16.53242861782038,3.0241640157378535,5.466776448560677
ra10_q0.05,strong,0.001122018454301963,0.07439850611479645,0.36997054314927247,4.972822203962135,3.0241640157378535,1.6443626000717544
ra10_q0.2,moderate,0.001122018454301963,0.12221446773030835,1.4181148191998707,11.603493805080722,3.0241640157378535,3.836926087571885
ra10_q0.5,moderate,0.001122018454301963,0.21153002191214879,3.4066816699451548,16.104955878839718,3.0241640157378535,5.325424082499816
ra10_q1,circular,0.001122018454301963,0.24261420541751674,5.90991910875488,24.359328418484203,3.0241640157378535,8.054896590170845
ra1_q0.05,strong,0.001122018454301963,0.043851603100163346,0.05655912553836273,1.2897846723909634,3.0241640157378535,0.4264929632383957
ra1_q0.2,moderate,0.001122018454301963,0.07148033268559524,0.1995153056507812,2.7911916208944514,3.0241640157378535,0.9229630424702477
ra1_q0.5,moderate,0.001122018454301963,0.04842941693378102,0.4305348290070797,8.889944506161672,3.0241640157378535,2.9396370236197824
ra1_q1,circular,0.001122018454301963,0.024780731118377333,0.4939398515723378,19.93241640905555,3.0241640157378535,6.591050057247744
ra3_q1,circular,0.001122018454301963,0.06079503216458667,1.359107980278249,22.35557630101781,3.0241640157378535,7.392316086256771
ra0.05_q1,circular,0.001188502227437019,0.011716620626976777,0.10580266643890153,9.03013503700014,3.0241640157378535,2.985993811845854
ra0.1_q0.05,strong,0.001188502227437019,0.009626862406776886,0.014648723021797306,1.5216508144424346,3.0241640157378535,0.5031641162726993
ra0.1_q0.2,moderate,0.001188502227437019,0.011465195783506871,0.049496708213571994,4.3171271688857615,3.0241640157378535,1.4275439911391323
ra0.1_q0.5,moderate,0.001188502227437019,0.014189416195669437,0.11627111185235757,8.194213930228019,3.0241640157378535,2.7095798665631388
ra0.1_q1,circular,0.001188502227437019,0.01193826219395682,0.14614585890398854,12.24180341574069,3.0241640157378535,4.047995860024101
ra0.3_q1,circular,0.001188502227437019,0.01488452008753926,0.24256014658395,16.29613485402273,3.0241640157378535,5.388641214304873
ra10_q0.05,strong,0.001188502227437019,0.07656752547402124,0.3728665014913497,4.869773434402819,3.0241640157378535,1.6102874741781037
ra10_q0.2,moderate,0.001188502227437019,0.12578320322266756,1.4384149254663374,11.43566778880631,3.0241640157378535,3.781431076256017
ra10_q0.5,moderate,0.001188502227437019,0.21770718404347897,3.456161285629447,15.87527440040383,3.0241640157378535,5.24947533195566
ra10_q1,circular,0.001188502227437019,0.2496987560174022,5.995760784373745,24.01197699181122,3.0241640157378535,7.940037930103019
ra1_q0.05,strong,0.001188502227437019,0.0440739278313059,0.05715373774853793,1.2967697811571355,3.0241640157378535,0.42880272842633566
ra1_q0.2,moderate,0.001188502227437019,0.07352531634381673,0.20100916165723492,2.7338768692579616,3.0241640157378535,0.9040107795181651
ra1_q0.5,moderate,0.001188502227437019,0.049843111475585976,0.43619076462804607,8.751274784313974,3.0241640157378535,2.893783121144237
ra1_q1,circular,0.001188502227437019,0.02550431740416653,0.5011097741643995,19.648037084205022,3.0241640157378535,6.497014375528563
ra3_q1,circular,0.001188502227437019,0.06257029680908784,1.3788670293984724,22.0370862808214,3.0241640157378535,7.287001024461518
ra0.05_q1,circular,0.0012589254117941675,0.01205746745555152,0.10732787909213476,8.901361706990855,3.0241640157378535,2.943412348228424
ra0.1_q0.05,strong,0.0012589254117941675,0.0098019931894348,0.014776089343950189,1.507457621973945,3.0241640157378535,0.49847085479791564
ra0.1_q0.2,moderate,0.0012589254117941675,0.01180024547897446,0.04989780193042517,4.228539314655148,3.0241640157378535,1.398250654610558
ra0.1_q0.5,moderate,0.0012589254117941675,0.014603968552615835,0.11732414799799888,8.033716833564668,3.0241640157378535,2.6565083083314693
ra0.1_q1,circular,0.0012589254117941675,0.012286495255343605,0.14825449672248586,12.066459445219536,3.0241640157378535,3.9900148875607493
ra0.3_q1,circular,0.0012589254117941675,0.015319088863101809,0.2460738697356678,16.06321837641216,3.0241640157378535,5.311622746920675
ra10_q0.05,strong,0.0012589254117941675,0.07879978057850988,0.3757851280562741,4.768860081810399,3.0241640157378535,1.57691846639041
ra10_q0.2,moderate,0.0012589254117941675,0.12945615549422837,1.4590056247855314,11.27026844892346,3.0241640157378535,3.7267384937697146
ra10_q0.5,moderate,0.0012589254117941675,0.22406473348650982,3.5063595573566153,15.648868533645084,3.0241640157378535,5.174609727583502
ra10_q1,circular,0.0012589254117941675,0.25699018179640565,6.08284931179167,23.66957861686196,3.0241640157378535,7.826817095132625
ra1_q0.05,strong,0.0012589254117941675,0.0442973797341499,0.05775460118125456,1.3037927192955427,3.0241640157378535,0.43112500264885123
ra1_q0.2,moderate,0.0012589254117941675,0.07562880502020576,0.20251420279938903,2.677739027415325,3.0241640157378535,0.8854476852049952
ra1_q0.5,moderate,0.0012589254117941675,0.0512980729246564,0.44192100226964637,8.614768100913148,3.0241640157378535,2.8486444703665534
ra1_q1,circular,0.0012589254117941675,0.02624903208646998,0.5083837737808449,19.367715049687124,3.0241640157378535,6.4043203175809476
ra3_q1,circular,0.0012589254117941675,0.06439740063264368,1.398915283179124,21.723163814627636,3.0241640157378535,7.183196315272434
ra0.05_q1,circular,0.001333521432163324,0.01240822981901027,0.10887507865473317,8.774424736067427,3.0241640157378535,2.9014381132785854
ra0.1_q0.05,strong,0.001333521432163324,0.009980309931311647,0.014904563078673752,1.4933968164568756,3.0241640157378535,0.4938213697025648
ra0.1_q0.2,moderate,0.001333521432163324,0.012145086398294876,0.050302145887052,4.141769291498349,3.0241640157378535,1.3695584200937645
ra0.1_q0.5,moderate,0.001333521432163324,0.015030632306837498,0.11838672120840513,7.876363335330245,3.0241640157378535,2.6044762434647657
ra0.1_q1,circular,0.001333521432163324,0.01264488609874863,0.15039355862198653,11.893626992564991,3.0241640157378535,3.932864398448678
ra0.3_q1,circular,0.001333521432163324,0.015766345318185312,0.24963849263559573,15.833630914303026,3.0241640157378535,5.235705084745492
ra10_q0.05,strong,0.001333521432163324,0.08109593361424829,0.3787266002804128,4.670105927652478,3.0241640157378535,1.5442634405240874
ra10_q0.2,moderate,0.001333521432163324,0.13323636038810693,1.47989107695451,11.107261356012014,3.0241640157378535,3.672836955340201
ra10_q0.5,moderate,0.001333521432163324,0.2306079379647576,3.557286923091889,15.425691563295308,3.0241640157378535,5.100811822050484
ra10_q1,circular,0.001333521432163324,0.26449452369376975,6.171202801552253,23.332062665680127,3.0241640157378535,7.715210730720711
ra1_q0.05,strong,0.001333521432163324,0.0445219645233814,0.058361781556292,1.3108536916793598,3.0241640157378535,0.43345985365133377
ra1_q0.2,moderate,0.001333521432163324,0.07779247248713553,0.20403051282511495,2.6227539285225223,3.0241640157378535,0.8672657682829439
ra1_q0.5,moderate,0.001333521432163324,0.05279508769692192,0.44772651803745184,8.480457890470658,3.0241640157378535,2.8042321270731563
ra1_q1,circular,0.001333521432163324,0.027015492105033533,0.5157633611809416,19.09139241942013,3.0241640157378535,6.312948742220286
ra3_q1,circular,0.001333521432163324,0.0662778573816657,1.4192550316950068,21.413713233397498,3.0241640157378535,7.080870323818351
ra0.05_q1,circular,0.001412537544622754,0.01276919616900871,0.11044458208196349,8.649297937016302,3.0241640157378535,2.8600624476731613
ra0.1_q0.05,strong,0.001412537544622754,0.010146207880034277,0.015034153854593361,1.4817510179519968,3.0241640157378535,0.4899704547243184
ra0.1_q0.2,moderate,0.001412537544622754,0.01250000467234912,0.05070976642158275,4.056779797351299,3.0241640157378535,1.3414549529191135
ra0.1_q0.5,moderate,0.001412537544622754,0.015469761300114617,0.1194589178582034,7.722091863002327,3.0241640157378535,2.5534633117834535
ra0.1_q1,circular,0.001412537544622754,0.013013731021528382,0.15256348357057536,11.723270084358768,3.0241640157378535,3.876532497361409
ra0.3_q1,circular,0.001412537544622754,0.016226659882559873,0.25325475261682906,15.607324886930229,3.0241640157378535,5.160872494252684
ra10_q0.05,strong,0.001412537544622754,0.08345652211971352,0.38169109698902254,4.573532269191722,3.0241640157378535,1.5123294389427635
ra10_q0.2,moderate,0.001412537544622754,0.1371269497514234,1.5010755013172157,10.946611909900186,3.0241640157378535,3.619715019732277
ra10_q0.5,moderate,0.001412537544622754,0.23734221903135547,3.608953972404476,15.205697440318001,3.0241640157378535,5.028066388326502
ra10_q1,circular,0.001412537544622754,0.2722179990495364,6.260839627255047,22.99935951742758,3.0241640157378535,7.605195815351985
ra1_q0.05,strong,0.001412537544622754,0.044747687942659584,0.05897534528434877,1.3179529042912952,3.0241640157378535,0.4358073495460639
ra1_q0.2,moderate,0.001412537544622754,0.0800180404019991,0.2055581761093399,2.568897901981169,3.0241640157378535,0.8494572015977097
ra1_q0.5,moderate,0.001412537544622754,0.0543357218434136,0.4536083008601317,8.348252042502619,3.0241640157378535,2.7605156330999336
ra1_q1,circular,0.001412537544622754,0.027804332413968222,0.5232500690538074,18.81901213319329,3.0241640157378535,6.222880781352633
ra3_q1,circular,0.001412537544622754,0.06821322500519823,1.4398905131796147,21.108670834283043,3.0241640157378535,6.980001985485177
ra0.05_q1,circular,0.0014962356560944327,0.013140663348515593,0.11203671089820412,8.525955496064062,3.0241640157378535,2.8192768155743857
ra0.1_q0.05,strong,0.0014962356560944327,0.010237032653375605,0.015164871384052472,1.481373743498995,3.0241640157378535,0.4898457014202521
ra0.1_q0.2,moderate,0.0014962356560944327,0.012865294793677763,0.051120690085577285,3.9735342955918047,3.0241640157378535,1.3139281715255506
ra0.1_q0.5,moderate,0.0014962356560944327,0.015921719711928482,0.12054082510429234,7.570842050057173,3.0241640157378535,2.5034495518954167
ra0.1_q1,circular,0.0014962356560944327,0.013393334963883159,0.15476471686990512,11.555353262443445,3.0241640157378535,3.821007459353722
ra0.3_q1,circular,0.0014962356560944327,0.016700413801071314,0.25692339769346095,15.384253393588342,3.0241640157378535,5.087109466790874
ra10_q0.05,strong,0.0014962356560944327,0.08588582403464075,0.3846787984071215,4.478955668539282,3.0241640157378535,1.481055804258844
ra10_q0.2,moderate,0.0014962356560944327,0.14113114688329392,1.5203814626797985,10.772827233785982,3.0241640157378535,3.562249658988011
ra10_q0.5,moderate,0.0014962356560944327,0.24427315656123114,3.661371448669508,14.98884077240687,3.0241640157378535,4.956358416542366
ra10_q1,circular,0.0014962356560944327,0.28016700675560674,6.351778429376449,22.671400544023324,3.0241640157378535,7.496749655786054
ra1_q0.05,strong,0.0014962356560944327,0.04497455576476357,0.059595359474306234,1.3250905642296014,3.0241640157378535,0.4381675588141994
ra1_q0.2,moderate,0.0014962356560944327,0.08230727967715391,0.20709727765874228,2.5161477632485334,3.0241640157378535,0.8320143187189629
ra1_q0.5,moderate,0.0014962356560944327,0.05592131383876729,0.45956735265791004,8.218107213699193,3.0241640157378535,2.717480656119139
ra1_q1,circular,0.0014962356560944327,0.028616206507761647,0.5308565721951244,18.550906530924664,3.0241640157378535,6.1342263297840685
ra3_q1,circular,0.0014962356560944327,0.07020510694567146,1.4608260274889031,20.807973821895462,3.0241640157378535,6.880570535728238
ra0.05_q1,circular,0.001584893192461114,0.01352293683592352,0.1136517912628115,8.404371967551965,3.0241640157378535,2.7790728028689333
ra0.1_q0.05,strong,0.001584893192461114,0.01032867045356895,0.015337005322845498,1.4848963757524065,3.0241640157378535,0.4910105298604688
ra0.1_q0.2,moderate,0.001584893192461114,0.013241259860835478,0.05153494364575448,3.89199699933257,3.0241640157378535,1.286966242266783
ra0.1_q0.5,moderate,0.001584893192461114,0.016386882361483758,0.12163253089292742,7.422554712348234,3.0241640157378535,2.4544153933850823
ra0.1_q1,circular,0.001584893192461114,0.013784011760964448,0.156997710246579,11.38984157654216,3.0241640157378535,3.766277727421209
ra0.3_q1,circular,0.001584893192461114,0.017187999449398337,0.26064518671530706,15.164370203911712,3.0241640157378535,5.01440071536987
ra10_q0.05,strong,0.001584893192461114,0.08838583950968258,0.3876898861704461,4.386334828306689,3.0241640157378535,1.4504288806691872
ra10_q0.2,moderate,0.001584893192461114,0.14525226920528903,1.5394472432439654,10.598438507478477,3.0241640157378535,3.5045845570292613
ra10_q0.5,moderate,0.001584893192461114,0.25140649337446697,3.714550251301961,14.775076814619831,3.0241640157378535,4.885673110892737
ra10_q1,circular,0.001584893192461114,0.2883481806056572,6.444038119146097,22.348114372044247,3.0241640157378535,7.389848650980532
ra1_q0.05,strong,0.001584893192461114,0.04520257379174007,0.060221891940568796,1.3322668797141197,3.0241640157378535,0.44054055030777334
ra1_q0.2,moderate,0.001584893192461114,0.08466201188905877,0.2086479031164815,2.4644808038568,3.0241640157378535,0.8149296106400172
ra1_q0.5,moderate,0.001584893192461114,0.05755317561559141,0.4656046885132361,8.089991273862944,3.0241640157378535,2.6751165716417336
ra1_q1,circular,0.001584893192461114,0.029451786962648715,0.5385741981148868,18.286639068723275,3.0241640157378535,6.046841035591647
ra3_q1,circular,0.001584893192461114,0.07225515346734554,1.482065936997259,20.511560295378143,3.0241640157378535,6.782555505797727
ra0.05_q1,circular,0.0016788040181225606,0.013916330996260886,0.11529015403693656,8.284522268686576,3.0241640157378535,2.739442115432112
ra0.1_q0.05,strong,0.0016788040181225606,0.010421128558503768,0.015523962729206501,1.4896623376302904,3.0241640157378535,0.4925864899780688
ra0.1_q0.2,moderate,0.0016788040181225606,0.013628211829886197,0.051952554085735764,3.8121328560365937,3.0241640157378535,1.2605575743240522
ra0.1_q0.5,moderate,0.0016788040181225606,0.016865635018554294,0.12273412396686935,7.27717182494739,3.0241640157378535,2.4063416491555145
ra0.1_q1,circular,0.0016788040181225606,0.014186084402336147,0.15926292194485162,11.226700576984047,3.0241640157378535,3.7123319100947936
ra0.3_q1,circular,0.0016788040181225606,0.017689788860394302,0.2644208895248715,14.947656617704686,3.0241640157378535,4.9427400563979225
ra10_q0.05,strong,0.0016788040181225606,0.0909586269170625,0.39072454333649304,4.295629305098919,3.0241640157378535,1.420435294760574
ra10_q0.2,moderate,0.0016788040181225606,0.14949373100987104,1.5587521111670903,10.426872756718918,3.0241640157378535,3.4478529281008283
ra10_q0.5,moderate,0.0016788040181225606,0.25874821331934333,3.768501438023016,14.56435733286392,3.0241640157378535,4.815994521815121
ra10_q1,circular,0.0016788040181225606,0.29676831229791983,6.537637882479556,22.029433775653754,3.0241640157378535,7.284470571375039
ra1_q0.05,strong,0.0016788040181225606,0.04543174785505186,0.06085501121048084,1.3394820600923452,3.0241640157378535,0.44292639325170013
ra1_q0.2,moderate,0.0016788040181225606,0.0870693037514451,0.21021013876696376,2.4142852843643516,3.0241640157378535,0.7983314634392605
ra1_q0.5,moderate,0.0016788040181225606,0.059232657390513824,0.4717213368436959,7.963872593689214,3.0241640157378535,2.6334129208088406
ra1_q1,circular,0.0016788040181225606,0.030311765993790114,0.5464040233610908,18.026136236108155,3.0241640157378535,5.960700591072284
ra3_q1,circular,0.0016788040181225606,0.0743650630235461,1.5036146675064965,20.21936923566392,3.0241640157378535,6.685936718525062
ra0.05_q1,circular,0.0017782794100389228,0.014321169339712128,0.11695213485130372,8.166381674365049,3.0241640157378535,2.7003765774167396
ra0.1_q0.05,strong,0.0017782794100389228,0.010514414311218283,0.015713199137957965,1.494443596462893,3.0241640157378535,0.49416750833809187
ra0.1_q0.2,moderate,0.0017782794100389228,0.014026471773247976,0.052373548607802786,3.7339075324482076,3.0241640157378535,1.2346908147232836
ra0.1_q0.5,moderate,0.0017782794100389228,0.017358412031506686,0.12384569387259839,7.134621165104856,3.0241640157378535,2.3592044373175667
ra0.1_q1,circular,0.0017782794100389228,0.014599885299004132,0.16156081682066825,11.065896307533897,3.0241640157378535,3.6591587790697173
ra0.3_q1,circular,0.0017782794100389228,0.018206182851311016,0.2682512871165872,14.734076291959827,3.0241640157378535,4.8721154723365485
ra10_q0.05,strong,0.0017782794100389228,0.09360630454532268,0.39378295439564875,4.206799491854583,3.0241640157378535,1.3910619496701415
ra10_q0.2,moderate,0.0017782794100389228,0.1538590462890883,1.5782990646356372,10.258084283651057,3.0241640157378535,3.392039661297348
ra10_q0.5,moderate,0.0017782794100389228,0.26630470108623727,3.8232362271593554,14.356623114667734,3.0241640157378535,4.747303069527768
ra10_q1,circular,0.0017782794100389228,0.30543432248876057,6.632597183968142,21.715297514450786,3.0241640157378535,7.180595166612535
ra1_q0.05,strong,0.0017782794100389228,0.045662083815726756,0.06149478653182234,1.346736315845545,3.0241640157378535,0.44532515724579846
ra1_q0.2,moderate,0.0017782794100389228,0.08951943099922902,0.21178407154064352,2.3657888480375564,3.0241640157378535,0.7822951518918649
ra1_q0.5,moderate,0.0017782794100389228,0.060961148781363224,0.47791833957719654,7.839720036957434,3.0241640157378535,2.5923594078096497
ra1_q1,circular,0.0017782794100389228,0.031196856028720195,0.5543476790945344,17.769344403942352,3.0241640157378535,5.8757872626848515
ra3_q1,circular,0.0017782794100389228,0.07653658366382474,1.5254767091680705,19.931340492913744,3.0241640157378535,6.590694284169232
ra0.05_q1,circular,0.0018836490894898002,0.014737784787658253,0.11863807417496774,8.04992581207441,3.0241640157378535,2.6618681295664914
ra0.1_q0.05,strong,0.0018836490894898002,0.01060853512048264,0.015904742330036713,1.4992402013477162,3.0241640157378535,0.4957536011756038
ra0.1_q0.2,moderate,0.0018836490894898002,0.014436370146101917,0.052797954634669325,3.657287399833381,3.0241640157378535,1.209354843454499
ra0.1_q0.5,moderate,0.0018836490894898002,0.01786580436796008,0.12496733096759302,6.99477775496664,3.0241640157378535,2.3129624314572808
ra0.1_q1,circular,0.0018836490894898002,0.015025756558234956,0.16389186643705994,10.907395298324465,3.0241640157378535,3.606747266868465
ra0.3_q1,circular,0.0018836490894898002,0.018737651230958954,0.2721371717983621,14.523547719189493,3.0241640157378535,4.802500011113303
ra10_q0.05,strong,0.0018836490894898002,0.09633105234340399,0.39686530528240505,4.119806600551264,3.0241640157378535,1.3622960193665585
ra10_q0.2,moderate,0.0018836490894898002,0.15835183164586825,1.598091139433717,10.09202813016792,3.0241640157378535,3.3371298903262714
ra10_q0.5,moderate,0.0018836490894898002,0.2740818686662928,3.8787659999758315,14.151851849413674,3.0241640157378535,4.679591376581082
ra10_q1,circular,0.0018836490894898002,0.31435339114142374,6.728935770926692,21.40564078693023,3.0241640157378535,7.078201008786078
ra1_q0.05,strong,0.0018836490894898002,0.045893587564507635,0.06214128788038257,1.354029858594892,3.0241640157378535,0.44773691226681955
ra1_q0.2,moderate,0.0018836490894898002,0.09203850474447747,0.21336978901886028,2.3182665734436867,3.0241640157378535,0.766580966303199
ra1_q0.5,moderate,0.0018836490894898002,0.06274007995695065,0.4841967523294511,7.717502952844252,3.0241640157378535,2.551945897339596
ra1_q1,circular,0.0018836490894898002,0.03210779029753929,0.5624068201899328,17.516210707064296,3.0241640157378535,5.792083569511883
ra3_q1,circular,0.0018836490894898002,0.07877151448220891,1.5476566174186992,19.647414774134475,3.0241640157378535,6.496808596322373
ra0.05_q1,circular,0.001995262314968879,0.015166519946456902,0.12034831738506095,7.935130656863436,3.0241640157378535,2.6239088275532487
ra0.1_q0.05,strong,0.001995262314968879,0.010703498461387321,0.01609862042502796,1.5040522015398465,3.0241640157378535,0.497344784777779
ra0.1_q0.2,moderate,0.001995262314968879,0.014858247060586614,0.05322579981126753,3.582239519522846,3.0241640157378535,1.1845387686913633
ra0.1_q0.5,moderate,0.001995262314968879,0.018388027956409626,0.12609912642767518,6.8576753704423234,3.0241640157378535,2.2676268002511586
ra0.1_q1,circular,0.001995262314968879,0.015464050266390856,0.16625654916091556,10.751164558890048,3.0241640157378535,3.5550864645371805
ra0.3_q1,circular,0.001995262314968879,0.019284634045503696,0.2760793473554666,14.316027294271409,3.0241640157378535,4.733879253826945
ra10_q0.05,strong,0.001995262314968879,0.09913511371549305,0.39997178338666284,4.034612645268539,3.0241640157378535,1.3341249430494762
ra10_q0.2,moderate,0.001995262314968879,0.1629758092903229,1.618131409414567,9.928660065936837,3.0241640157378535,3.283108989548103
ra10_q0.5,moderate,0.001995262314968879,0.2820861607969912,3.9351023030420325,13.950001275936415,3.0241640157378535,4.612845468479927
ra10_q1,circular,0.001995262314968879,0.3235329078831647,6.82667367750013,21.100399715646244,3.0241640157378535,6.9772669755473045
ra1_q0.05,strong,0.001995262314968879,0.0461262650220031,0.06279458596761386,1.3613629011076371,3.0241640157378535,0.45016172867048804
ra1_q0.2,moderate,0.001995262314968879,0.09462846513928533,0.21496737943871255,2.271698892318482,3.0241640157378535,0.7511824360373587
ra1_q0.5,moderate,0.001995262314968879,0.06457092282040389,0.49055764458379497,7.597191168356398,3.0241640157378535,2.5121624120981383
ra1_q1,circular,0.001995262314968879,0.033045312625322544,0.5705831255806734,17.26668868441683,3.0241640157378535,5.7095741482804465
ra3_q1,circular,0.001995262314968879,0.0810717071077428,1.5701590139295878,19.367533630972833,3.0241640157378535,6.404260327873595
ra0.05_q1,circular,0.0021134890398366475,0.015606812110314023,0.1220832148375465,7.82243125467409,3.0241640157378535,2.586642527973314
ra0.1_q0.05,strong,0.0021134890398366475,0.010799311875936786,0.016294861885293367,1.5088796464524616,3.0241640157378535,0.4989410754840677
ra0.1_q0.2,moderate,0.0021134890398366475,0.015292452568005262,0.05365711200654867,3.5087316287519257,3.0241640157378535,1.1602319221088424
ra0.1_q0.5,moderate,0.0021134890398366475,0.01892551631943724,0.12724117225442147,6.723260285572227,3.0241640157378535,2.223179778141711
ra0.1_q1,circular,0.0021134890398366475,0.015915128780014935,0.1686553502611498,10.597171571299818,3.0241640157378535,3.5041656193750645
ra0.3_q1,circular,0.0021134890398366475,0.019847584186781085,0.2800783842294934,14.11145969170553,3.0241640157378535,4.66623490600014
ra10_q0.05,strong,0.0021134890398366475,0.10202079736811547,0.40310257756512463,3.951180425601204,3.0241640157378535,1.3065364196647817
ra10_q0.2,moderate,0.0021134890398366475,0.16773481012354766,1.6384229869779416,9.76793657661839,3.0241640157378535,3.22996257008076
ra10_q0.5,moderate,0.0021134890398366475,0.2903242104280502,3.992256850633216,13.751029735849743,3.0241640157378535,4.5470515700500735
ra10_q1,circular,0.0021134890398366475,0.3329804781277037,6.926030454997568,20.800109645891364,3.0241640157378535,6.877970089468322
ra1_q0.05,strong,0.0021134890398366475,0.046360122138838784,0.06345475224836575,1.368735657303321,3.0241640157378535,0.45259967719355615
ra1_q0.2,moderate,0.0021134890398366475,0.09729130693156152,0.21657693169796738,2.226066629470976,3.0241640157378535,0.7360932204359448
ra1_q0.5,moderate,0.0021134890398366475,0.06645519222703267,0.49700209987336513,7.478754980881606,3.0241640157378535,2.4729991303255736
ra1_q1,circular,0.0021134890398366475,0.03401018812082081,0.578878298608581,17.02073203923843,3.0241640157378535,5.628243690045234
ra3_q1,circular,0.0021134890398366475,0.08343906723855239,1.5929885875694558,19.091639447683416,3.0241640157378535,6.313030427030369
ra0.05_q1,circular,0.00223872113856834,0.01605909210498762,0.12383801194959787,7.7113955845073185,3.0241640157378535,2.5499263744879412
ra0.1_q0.05,strong,0.00223872113856834,0.010895982973648521,0.016493495520149535,1.5137225856573346,3.0241640157378535,0.500542489686363
ra0.1_q0.2,moderate,0.00223872113856834,0.015739365148276237,0.05409191931529841,3.4367281529917686,3.0241640157378535,1.1364225402811874
ra0.1_q0.5,moderate,0.00223872113856834,0.019478715651638653,0.1283935612826422,6.591479827461882,3.0241640157378535,2.1796039477884115
ra0.1_q1,circular,0.00223872113856834,0.016379365025407083,0.17108876200828801,10.445384283389574,3.0241640157378535,3.4539741326963203
ra0.3_q1,circular,0.00223872113856834,0.02042696776728352,0.2841334283053989,13.9097212832771,3.0241640157378535,4.599526087503995
ra10_q0.05,strong,0.00223872113856834,0.10499047921099473,0.4062578781527758,3.8694735104155233,3.0241640157378535,1.2795184025332786
ra10_q0.2,moderate,0.00223872113856834,0.17263277691146992,1.6589690235534922,9.609814852275996,3.0241640157378535,3.1776764759669742
ra10_q0.5,moderate,0.00223872113856834,0.2988028442179774,4.050241527166111,13.554896164948985,3.0241640157378535,4.482196102595243
ra10_q1,circular,0.00223872113856834,0.34270392937646404,7.026840422435512,20.50411395988533,3.0241640157378535,6.780093226816144
ra1_q0.05,strong,0.00223872113856834,0.04659516489580962,0.06412185892870026,1.3761483422600107,3.0241640157378535,0.45505082895586596
ra1_q0.2,moderate,0.00223872113856834,0.10002908100135327,0.21819853536000725,2.1813509948877297,3.0241640157378535,0.7213071062071713
ra1_q0.5,moderate,0.00223872113856834,0.0683944472377333,0.5035312159656723,7.362165150855602,3.0241640157378535,2.43444638337823
ra1_q1,circular,0.00223872113856834,0.03500323658996796,0.5872940673787704,16.778278941984773,3.0241640157378535,5.548071749637266
ra3_q1,circular,0.00223872113856834,0.08587556454512531,1.6161500953815664,18.81967360496737,3.0241640157378535,6.22309951015525
ra0.05_q1,circular,0.0023713737056616554,0.01652447901682891,0.12561314378942173,7.601640188564759,3.0241640157378535,2.513633569146899
ra0.1_q0.05,strong,0.0023713737056616554,0.010993519432157319,0.01669455049009734,1.5185810688853512,3.0241640157378535,0.5021490438291717
ra0.1_q0.2,moderate,0.0023713737056616554,0.01619961099609865,0.05453025005996693,3.3661456483800407,3.0241640157378535,1.1130830308351343
ra0.1_q0.5,moderate,0.0023713737056616554,0.020048085190030623,0.12955638718792742,6.462282355641244,3.0241640157378535,2.1368822332424116
ra0.1_q1,circular,0.0023713737056616554,0.016857142806938504,0.17355728377548754,10.295771102090344,3.0241640157378535,3.4045015576241227
ra0.3_q1,circular,0.0023713737056616554,0.021023264506092626,0.2882471823117503,13.710866941155361,3.0241640157378535,4.533770942912996
ra10_q0.05,strong,0.0023713737056616554,0.10804354714617638,0.409437876974456,3.7895634472321733,3.0241640157378535,1.2530945502661743
ra10_q0.2,moderate,0.0023713737056616554,0.17767376755137568,1.6797727100902058,9.454252775973172,3.0241640157378535,3.1262367804037465
ra10_q0.5,moderate,0.0023713737056616554,0.30752908819114677,4.109068389670104,13.361560084736064,3.0241640157378535,4.418265681094692
ra10_q1,circular,0.0023713737056616554,0.3527113177038142,7.129117702152961,20.21233043658544,3.0241640157378535,6.683609199567146
ra1_q0.05,strong,0.0023713737056616554,0.046831399304032774,0.06479597897378962,1.383601172220576,3.0241640157378535,0.45751525546242466
ra1_q0.2,moderate,0.0023713737056616554,0.10284389594040272,0.21983228065881397,2.137533575995654,3.0241640157378535,0.7068180048674133
ra1_q0.5,moderate,0.0023713737056616554,0.07038913578788468,0.5101461050495979,7.24751198234492,3.0241640157378535,2.3965340320923794
ra1_q1,circular,0.0023713737056616554,0.03602528064298466,0.5958321851196563,16.539279486104018,3.0241640157378535,5.469041824462244
ra3_q1,circular,0.0023713737056616554,0.08838322592238018,1.6396483635749606,18.551578610798057,3.0241640157378535,6.13444856636578
ra0.05_q1,circular,0.0025118864315095794,0.01700335267974539,0.12741372091053801,7.493446928399883,3.0241640157378535,2.4778573150807057
ra0.1_q0.05,strong,0.0025118864315095794,0.011091928997825098,0.01689805631110284,1.523455146027008,3.0241640157378535,0.5037607544097791
ra0.1_q0.2,moderate,0.0025118864315095794,0.016673315216507393,0.05497213279251374,3.297012746336653,3.0241640157378535,1.0902228613193217
ra0.1_q0.5,moderate,0.0025118864315095794,0.0206340975952854,0.1307297444942618,6.335617241828482,3.0241640157378535,2.0949978932550324
ra0.1_q1,circular,0.0025118864315095794,0.01734857639744593,0.1760614221410165,10.148465102124252,3.0241640157378535,3.355791897962971
ra0.3_q1,circular,0.0025118864315095794,0.02163696812607788,0.29242049626543254,13.51485543452799,3.0241640157378535,4.468955838438728
ra10_q0.05,strong,0.0025118864315095794,0.11117817492468174,0.41264276735652117,3.71154471312439,3.0241640157378535,1.2272961035874324
ra10_q0.2,moderate,0.0025118864315095794,0.18286195843382078,1.7008372775519838,9.301208912555373,3.0241640157378535,3.07562978203284
ra10_q0.5,moderate,0.0025118864315095794,0.31651017356008176,4.168847848725711,13.17129178450991,3.0241640157378535,4.3553496820827355
ra10_q1,circular,0.0025118864315095794,0.3630109344316866,7.232883651217873,19.924699134865858,3.0241640157378535,6.588498186995493
ra1_q0.05,strong,0.0025118864315095794,0.04706883140510136,0.06547718611589683,1.3910943645989977,3.0241640157378535,0.4599930286054906
ra1_q0.2,moderate,0.0025118864315095794,0.10573791967615187,0.22147825850398933,2.094596330080263,3.0241640157378535,0.6926199502341511
ra1_q0.5,moderate,0.0025118864315095794,0.07244180918179609,0.5168478939248479,7.134662976566392,3.0241640157378535,2.3592182631091965
ra1_q1,circular,0.0025118864315095794,0.037077166909124167,0.6044944305481972,16.303684475941974,3.0241640157378535,5.391137646998324
ra3_q1,circular,0.0025118864315095794,0.09096411378281781,1.6634882885301039,18.287302754378285,3.0241640157378535,6.04706049645804
ra0.05_q1,circular,0.0026607250597988083,0.0174961039350992,0.12924010805337088,7.38679357031598,3.0241640157378535,2.4425902602751877
ra0.1_q0.05,strong,0.0026607250597988083,0.011191219486356088,0.01710404285893041,1.5283448671329352,3.0241640157378535,0.5053776379784217
ra0.1_q0.2,moderate,0.0026607250597988083,0.01716087135524225,0.055417596296267524,3.229299675353532,3.0241640157378535,1.0678321871922771
ra0.1_q0.5,moderate,0.0026607250597988083,0.021237239344108764,0.13191372858170838,6.21143485009041,3.0241640157378535,2.0539345147174193
ra0.1_q1,circular,0.0026607250597988083,0.017854103373366615,0.17860169099221168,10.003397384751116,3.0241640157378535,3.3078223709736285
ra0.3_q1,circular,0.0026607250597988083,0.02226858676269027,0.2966542324900848,13.321646122021171,3.0241640157378535,4.405067335202346
ra10_q0.05,strong,0.0026607250597988083,0.11440374650843332,0.4158727441385964,3.6351322122824024,3.0241640157378535,1.2020287898953395
ra10_q0.2,moderate,0.0026607250597988083,0.18820164828058297,1.7221659974194334,9.150642479240771,3.0241640157378535,3.0258419952160374
ra10_q0.5,moderate,0.0026607250597988083,0.32575354271777496,4.229519133928926,12.983800877933291,3.0241640157378535,4.2933520835394985
ra10_q1,circular,0.0026607250597988083,0.37361131299910433,7.338159937555249,19.641160966592146,3.0241640157378535,6.494740650433928
ra1_q0.05,strong,0.0026607250597988083,0.047307467271239044,0.06616555486244007,1.3986281379867054,3.0241640157378535,0.462484220666669
ra1_q0.2,moderate,0.0026607250597988083,0.10871338114144731,0.22313656048581423,2.0525215768562157,3.0241640157378535,0.6787070959692738
ra1_q0.5,moderate,0.0026607250597988083,0.07455434221192704,0.5236377241938942,7.023571111464032,3.0241640157378535,2.322483527650328
ra1_q1,circular,0.0026607250597988083,0.03815976673799364,0.6132826082404496,16.07144541661563,3.0241640157378535,5.314343181447592
ra3_q1,circular,0.0026607250597988083,0.09362036642066249,1.6876748378191548,18.02679163031642,3.0241640157378535,5.960917310206846
ra0.05_q1,circular,0.002818382931264455,0.018003134950699485,0.13109267518664486,7.28165819706592,3.0241640157378535,2.4078251573565193
ra0.1_q0.05,strong,0.002818382931264455,0.011291398783417565,0.017312540373528636,1.5332502824144039,3.0241640157378535,0.5069997111384557
ra0.1_q0.2,moderate,0.002818382931264455,0.017662684465990883,0.05586666958780096,3.1629772753610035,3.0241640157378535,1.0459013660967993
ra0.1_q0.5,moderate,0.002818382931264455,0.021858011133087468,0.13310843569416167,6.0896865173917565,3.0241640157378535,2.013676006228769
ra0.1_q1,circular,0.002818382931264455,0.018374361098227668,0.18117861163093582,9.860403344767821,3.0241640157378535,3.2605385466707304
ra0.3_q1,circular,0.002818382931264455,0.022918643384689127,0.30094926579428133,13.131198943273032,3.0241640157378535,4.342092186448163
ra10_q0.05,strong,0.002818382931264455,0.11772290041667409,0.4191280036854213,3.560292875914028,3.0241640157378535,1.17728167433583
ra10_q0.2,moderate,0.002818382931264455,0.19369728544962886,1.7437621821979528,9.002512235265266,3.0241640157378535,2.9768597828741705
ra10_q0.5,moderate,0.002818382931264455,0.335266855405006,4.291073398070639,12.798978869793064,3.0241640157378535,4.232237009364154
ra10_q1,circular,0.002818382931264455,0.38452123603230676,7.444968544471724,19.36165768448277,3.0241640157378535,6.402317329259933
ra1_q0.05,strong,0.002818382931264455,0.04754731300545518,0.06686116050414222,1.4062027121589633,3.0241640157378535,0.46498890431902373
ra1_q0.2,moderate,0.002818382931264455,0.11177257199123015,0.22480727888034482,2.0112919911871003,3.0241640157378535,0.6650737131717287
ra1_q0.5,moderate,0.002818382931264455,0.07672848049258674,0.53051675245644,6.914209027086062,3.0241640157378535,2.2863207786033697
ra1_q1,circular,0.002818382931264455,0.03927397692135275,0.6221985490075091,15.842514504030985,3.0241640157378535,5.238642620435265
ra3_q1,circular,0.002818382931264455,0.09635418457069261,1.712213051241068,17.76999160825092,3.0241640157378535,5.876001273666135
ra0.05_q1,circular,0.0029853826189179603,0.018524859549038767,0.1329717975823291,7.17801920334823,3.0241640157378535,2.3735548621019134
ra0.1_q0.05,strong,0.0029853826189179603,0.011392474845266102,0.017523579463469732,1.5381714422438493,3.0241640157378535,0.5086269905465286
ra0.1_q0.2,moderate,0.0029853826189179603,0.018179171446900642,0.056319381918820896,3.098016985170287,3.0241640157378535,1.0244209537075701
ra0.1_q0.5,moderate,0.0029853826189179603,0.022496928294341148,0.1343139629471711,5.970324534525733,3.0241640157378535,1.974206591790643
ra0.1_q1,circular,0.0029853826189179603,0.018909778817103387,0.1837850395344841,9.719047552700905,3.0241640157378535,3.2137964416356546
ra0.3_q1,circular,0.0029853826189179603,0.023587587689419598,0.3053064836522909,12.94352299490289,3.0241640157378535,4.28003340015434
ra10_q0.05,strong,0.0029853826189179603,0.1211383517190371,0.422408743898788,3.4869943160404233,3.0241640157378535,1.1530440471793146
ra10_q0.2,moderate,0.0029853826189179603,0.19935339957607498,1.7656291859321864,8.856779917908584,3.0241640157378535,2.9286704926775124
ra10_q0.5,moderate,0.0029853826189179603,0.3450582067699077,4.353523491575936,12.61678002772141,3.0241640157378535,4.1719893372394
ra10_q1,circular,0.0029853826189179603,0.3957497426213305,7.553331775246021,19.086131870143394,3.0241640157378535,6.311209236939037
ra1_q0.05,strong,0.0029853826189179603,0.04778837474170099,0.06756407912326548,1.4138183080812718,3.0241640157378535,0.4675071526291936
ra1_q0.2,moderate,0.0029853826189179603,0.11492033947419608,0.2264905066545474,1.9708478733253567,3.0241640157378535,0.6517000609322102
ra1_q0.5,moderate,0.0029853826189179603,0.07896602054332695,0.5374861505064371,6.806549789494965,3.0241640157378535,2.2507211097260087
ra1_q1,circular,0.0029853826189179603,0.04042072043598784,0.6312441102769171,15.616844615043044,3.0241640157378535,5.1640203817559
ra3_q1,circular,0.0029853826189179603,0.09916783323157387,1.7371080418717455,17.516849821809668,3.0241640157378535,5.792294905518146
ra0.05_q1,circular,0.003,0.018569817780334733,0.13313247581031434,7.169293602401441,3.0241640157378535,2.370669568545949
ra0.1_q0.05,strong,0.003,0.011401092697914707,0.017541604133969636,1.5385897298403728,3.0241640157378535,0.5087653056624901
ra0.1_q0.2,moderate,0.003,0.018223684461328445,0.056357963073353196,3.0925668842076126,3.0241640157378535,1.0226187693900821
ra0.1_q0.5,moderate,0.003,0.0225519925270151,0.1344167532856565,5.9603049763624325,3.0241640157378535,1.9708934255367105
ra0.1_q1,circular,0.003,0.018955920884712613,0.18400753542633702,9.707127210830134,3.0241640157378535,3.2098547434312126
ra0.3_q1,circular,0.003,0.023645228267585257,0.30567908514820374,12.927728237128196,3.0241640157378535,4.274810549246619
ra10_q0.05,strong,0.003,0.12143267425635376,0.4226882944377024,3.4808448140191226,3.0241640157378535,1.1510105919866405
ra10_q0.2,moderate,0.003,0.19984085675196325,1.7674971780491227,8.844523621327792,3.0241640157378535,2.9246177043641106
ra10_q0.5,moderate,0.003,0.3459021348370057,4.358864039852767,12.601437229945773,3.0241640157378535,4.166915935897478
ra10_q1,circular,0.003,0.39671744188415675,7.562598688554834,19.062934698906297,3.0241640157378535,6.303538630742952
ra1_q0.05,strong,0.003,0.04780888503882877,0.06762406093282962,1.4144663879508512,3.0241640157378535,0.4677214531321448
ra1_q0.2,moderate,0.003,0.11522454059716912,0.22663390758224736,1.9668892269622587,3.0241640157378535,0.6503910557517713
ra1_q0.5,moderate,0.003,0.07915885304451097,0.5380817023632064,6.797492405058515,3.0241640157378535,2.247726105358086
ra1_q1,circular,0.003,0.040519549364743584,0.6320176536994226,15.59784507991954,3.0241640157378535,5.157737807456149
ra3_q1,circular,0.003,0.0994103201094611,1.7392369725224726,17.495537390960937,3.0241640157378535,5.785247526229913
ra0.05_q1,circular,0.0031622776601683794,0.01906170354504172,0.13487785589165555,7.075855291367157,3.0241640157378535,2.339772331971468
ra0.1_q0.05,strong,0.0031622776601683794,0.011494455699379508,0.01773719111044303,1.5431083971553794,3.0241640157378535,0.5102594929127489
ra0.1_q0.2,moderate,0.0031622776601683794,0.018710761386930983,0.056775762778073675,3.034390830173815,3.0241640157378535,1.00338169966402
ra0.1_q0.5,moderate,0.0031622776601683794,0.02315463605626275,0.13553040833583566,5.85327309859306,3.0241640157378535,1.9355012056662355
ra0.1_q1,circular,0.0031622776601683794,0.01946079828300877,0.18642444714221978,9.579486125447744,3.0241640157378535,3.16764767902659
ra0.3_q1,circular,0.0031622776601683794,0.024275933372423605,0.30972678638745427,12.758594350868103,3.0241640157378535,4.218883064698852
ra10_q0.05,strong,0.0031622776601683794,0.12465289425647433,0.4257151642295722,3.4152048114796263,3.0241640157378535,1.1293054191858587
ra10_q0.2,moderate,0.0031622776601683794,0.2051746767141613,1.7877704047269336,8.713406709628023,3.0241640157378535,2.8812612888332625
ra10_q0.5,moderate,0.0031622776601683794,0.35513653652354177,4.416882451888447,12.437138952600149,3.0241640157378535,4.112587441645641
ra10_q1,circular,0.0031622776601683794,0.4073061358090781,7.663272257786219,18.81452692227137,3.0241640157378535,6.22139765712439
ra1_q0.05,strong,0.0031622776601683794,0.04803065864502649,0.0682743876019333,1.4214751479158203,3.0241640157378535,0.47003903905952676
ra1_q0.2,moderate,0.0031622776601683794,0.11855711722173251,0.22818633747147155,1.9246953942436371,3.0241640157378535,0.6364388254828297
ra1_q0.5,moderate,0.0031622776601683794,0.08126881127343062,0.5445471055316935,6.700566884134103,3.0241640157378535,2.215675753452565
ra1_q1,circular,0.0031622776601683794,0.041600947208276985,0.6404211764796123,15.394389297756017,3.0241640157378535,5.090461105165952
ra3_q1,circular,0.0031622776601683794,0.10206364354243588,1.7623649971294606,17.267314157726563,3.0241640157378535,5.709780973474609
ra0.05_q1,circular,0.003349654391578276,0.019614105093601626,0.13681123622222724,6.975145466456016,3.0241640157378535,2.3064706246609377
ra0.1_q0.05,strong,0.003349654391578276,0.011597349445094352,0.017953406673803258,1.5480611978452974,3.0241640157378535,0.5118972350008576
ra0.1_q0.2,moderate,0.003349654391578276,0.019257895922333387,0.057235841893265985,2.9720714102982333,3.0241640157378535,0.9827745435867471
ra0.1_q0.5,moderate,0.003349654391578276,0.023832170189333025,0.13675787074276943,5.738372529916747,3.0241640157378535,1.897507046593392
ra0.1_q1,circular,0.003349654391578276,0.020027874121373246,0.1891017602973135,9.4419287414788,3.0241640157378535,3.1221615932015188
ra0.3_q1,circular,0.003349654391578276,0.024984366729739603,0.314211087358216,12.576307847106712,3.0241640157378535,4.158606405492286
ra10_q0.05,strong,0.003349654391578276,0.12826940292661998,0.42873586527589663,3.3424640287845317,3.0241640157378535,1.105252232150847
ra10_q0.2,moderate,0.003349654391578276,0.2111659397546223,1.8101892772745882,8.572354421257769,3.0241640157378535,2.83461954333394
ra10_q0.5,moderate,0.003349654391578276,0.36550923032541516,4.4811635061921,12.260055654962509,3.0241640157378535,4.054031326065901
ra10_q1,circular,0.003349654391578276,0.41919999029907506,7.774812949354807,18.54678704502814,3.0241640157378535,6.132864139811869
ra1_q0.05,strong,0.003349654391578276,0.04827417091173802,0.0689921636305391,1.429173455027965,3.0241640157378535,0.4725846374702222
ra1_q0.2,moderate,0.003349654391578276,0.12230898471269896,0.22992163501824178,1.8798425606943145,3.0241640157378535,0.6216073436862383
ra1_q0.5,moderate,0.003349654391578276,0.08363875550969004,0.5510078925796571,6.587949440685062,3.0241640157378535,2.178436555160747
ra1_q1,circular,0.003349654391578276,0.04281563490107926,0.6497316594425077,15.175102761961607,3.0241640157378535,5.017949649222016
ra3_q1,circular,0.003349654391578276,0.10504401471424675,1.7879891798557692,17.021333245113208,3.0241640157378535,5.628442490729208
ra0.05_q1,circular,0.0035481338923357532,0.020182515047188418,0.1387723302162311,6.8758690327627505,3.0241640157378535,2.2736428966750784
ra0.1_q0.05,strong,0.0035481338923357532,0.011701164254249172,0.01817225789517428,1.5530298951726267,3.0241640157378535,0.513540233628403
ra0.1_q0.2,moderate,0.0035481338923357532,0.01982102960355565,0.057699649233001284,2.911031888204772,3.0241640157378535,0.9625906111757371
ra0.1_q0.5,moderate,0.0035481338923357532,0.02452952983381968,0.13799644994613983,5.625727475456114,3.0241640157378535,1.8602587181712482
ra0.1_q1,circular,0.0035481338923357532,0.020611474205135073,0.1918175233759034,9.30634662357701,3.0241640157378535,3.0773286684010728
ra0.3_q1,circular,0.0035481338923357532,0.025713473970694112,0.31876031314685,12.396625734435732,3.0241640157378535,4.099190940016237
ra10_q0.05,strong,0.0035481338923357532,0.13199083603545797,0.4303678796989965,3.260589088043829,3.0241640157378535,1.078178654026571
ra10_q0.2,moderate,0.0035481338923357532,0.21733215242042134,1.8328892853891923,8.433585481836728,3.0241640157378535,2.7887328325937544
ra10_q0.5,moderate,0.0035481338923357532,0.3761848858494494,4.546380074172515,12.085493716491293,3.0241640157378535,3.9963089480590233
ra10_q1,circular,0.0035481338923357532,0.43144127372301216,7.887977141362512,18.28285243387873,3.0241640157378535,6.045588909442126
ra1_q0.05,strong,0.0035481338923357532,0.04851891776955679,0.06971748571624388,1.4369134539927464,3.0241640157378535,0.47514402212148527
ra1_q0.2,moderate,0.0035481338923357532,0.12617958408581337,0.23210707946872453,1.8394978961958777,3.0241640157378535,0.6082665776800026
ra1_q0.5,moderate,0.0035481338923357532,0.0860778115687382,0.556134609993555,6.4608358397849,3.0241640157378535,2.136403913994905
ra1_q1,circular,0.0035481338923357532,0.04406578972359995,0.6591774987867752,14.958939869713602,3.0241640157378535,4.946471088164122
ra3_q1,circular,0.0035481338923357532,0.10811141601758593,1.8139865470411527,16.778862157776942,3.0241640157378535,5.548264601542498
ra0.05_q1,circular,0.003758374042884443,0.02076739732382002,0.14076153512977285,6.778005588996972,3.0241640157378535,2.2412824019213238
ra0.1_q0.05,strong,0.003758374042884443,0.011805908371833547,0.01839377690310892,1.558014540159626,3.0241640157378535,0.5151885056669098
ra0.1_q0.2,moderate,0.003758374042884443,0.02040063027287494,0.0581672150087319,2.851245977731978,3.0241640157378535,0.942821210388721
ra0.1_q0.5,moderate,0.003758374042884443,0.02524729510942994,0.13912088565978503,5.5103283364332745,3.0241640157378535,1.8220996968938643
ra0.1_q1,circular,0.003758374042884443,0.02121208004076568,0.1945722885721227,9.172711407754019,3.0241640157378535,3.0331395255081777
ra0.3_q1,circular,0.003758374042884443,0.02646385841168987,0.32337540375091745,12.21951080300796,3.0241640157378535,4.040624364094409
ra10_q0.05,strong,0.003758374042884443,0.1358202377172181,0.4320061065043413,3.1807197054373537,3.0241640157378535,1.0517682536015835
ra10_q0.2,moderate,0.003758374042884443,0.22367842337916322,1.8558739545471867,8.297062928601056,3.0241640157378535,2.7435889341394364
ra10_q0.5,moderate,0.003758374042884443,0.3871723518871783,4.612545770818571,11.913417237403001,3.0241640157378535,3.9394084366473407
ra10_q1,circular,0.003758374042884443,0.44404022044927804,8.002788464231909,18.0226657308987,3.0241640157378535,5.959552999476261
ra1_q0.05,strong,0.003758374042884443,0.0487649054777782,0.07045043319156288,1.4446953706014383,3.0241640157378535,0.47771726767569284
ra1_q0.2,moderate,0.003758374042884443,0.1301726727391908,0.23431329694235395,1.8000190978010835,3.0241640157378535,0.5952121275280449
ra1_q0.5,moderate,0.003758374042884443,0.08858799487523197,0.5613090276886937,6.336174878765974,3.0241640157378535,2.0951822870030536
ra1_q1,circular,0.003758374042884443,0.045352447264902805,0.6687606623319203,14.745856126036632,3.0241640157378535,4.876010708843399
ra3_q1,circular,0.003758374042884443,0.11126838882846253,1.8404492329612512,16.540629844102344,3.0241640157378535,5.469488347200858
ra0.05_q1,circular,0.003981071705534973,0.02136922928569738,0.1427792539133483,6.68153502423748,3.0241640157378535,2.2093824903234554
ra0.1_q0.05,strong,0.003981071705534973,0.011911590116642896,0.01861799621780563,1.5630151839923143,3.0241640157378535,0.5168420680420538
ra0.1_q0.2,moderate,0.003981071705534973,0.02099638885018207,0.058638569676726836,2.792793089094383,3.0241640157378535,0.9234925997930641
ra0.1_q0.5,moderate,0.003981071705534973,0.025986063110912318,0.1402192409594467,5.395940137641107,3.0241640157378535,1.784274963117228
ra0.1_q1,circular,0.003981071705534973,0.021830187165542466,0.19736661601037667,9.040995137316417,3.0241640157378535,2.989584920085937
ra0.3_q1,circular,0.003981071705534973,0.027236140975433653,0.32805731277749633,12.044926374606307,3.0241640157378535,3.9828945493445778
ra10_q0.05,strong,0.003981071705534973,0.1397607404244791,0.4336505693398184,3.102806754047966,3.0241640157378535,1.026004786083312
ra10_q0.2,moderate,0.003981071705534973,0.230210010475592,1.8791468544349441,8.162750397138705,3.0241640157378535,2.699175823354643
ra10_q0.5,moderate,0.003981071705534973,0.3984807356822956,4.679674409264746,11.743790829064821,3.0241640157378535,3.8833180898753272
ra10_q1,circular,0.003981071705534973,0.4570070815784508,8.119270892331809,17.766181793701673,3.0241640157378535,5.874741482686075
ra1_q0.05,strong,0.003981071705534973,0.04901214032743182,0.07119108622304265,1.4525194318681367,3.0241640157378535,0.4803044491995724
ra1_q0.2,moderate,0.003981071705534973,0.13429212697785087,0.23654048489026658,1.7613875825295386,3.0241640157378535,0.5824378483981746
ra1_q0.5,moderate,0.003981071705534973,0.09117137962722444,0.5665315894806079,6.2139192342707235,3.0241640157378535,2.0547560257754784
ra1_q1,circular,0.003981071705534973,0.046676673351759325,0.6784831465057306,14.535807669767395,3.0241640157378535,4.806554007693548
ra3_q1,circular,0.003981071705534973,0.1145175728581957,1.867297960193093,16.30577660343293,3.0241640157378535,5.391829450577782
ra0.05_q1,circular,0.004216965034285823,0.02198850212881227,0.14482589529346865,6.586437513799471,3.0241640157378535,2.177936606455015
ra0.1_q0.05,strong,0.004216965034285823,0.012018217881939111,0.018844948755882607,1.5680318780210047,3.0241640157378535,0.5185009377338375
ra0.1_q0.2,moderate,0.004216965034285823,0.021600567829188615,0.0591137439400558,2.7366754618448517,3.0241640157378535,0.9049361898372901
ra0.1_q0.5,moderate,0.004216965034285823,0.026746448404767958,0.14132626774188814,5.2839265087881575,3.0241640157378535,1.7472354281349896
ra0.1_q1,circular,0.004216965034285823,0.0224663055563981,0.20020107385923275,8.9111702570171,3.0241640157378535,2.946655740443661
ra0.3_q1,circular,0.004216965034285823,0.02803096070473298,0.33280700764022403,11.872836295048215,3.0241640157378535,3.925989540666963
ra10_q0.05,strong,0.004216965034285823,0.14381556749051697,0.4353012919433324,3.026802310341234,3.0241640157378535,1.000872404601619
ra10_q0.2,moderate,0.004216965034285823,0.23693232508768264,1.9027115995031667,8.030612111703295,3.0241640157378535,2.6554816702770463
ra10_q0.5,moderate,0.004216965034285823,0.41011941047942885,4.747780003674839,11.576579606716718,3.0241640157378535,3.8280263724030177
ra10_q1,circular,0.004216965034285823,0.4703526009457742,8.237448748983486,17.51334792753312,3.0241640157378535,5.791136934502577
ra1_q0.05,strong,0.004216965034285823,0.04926062864144232,0.07193952582002947,1.4603858660363844,3.0241640157378535,0.4829056421663925
ra1_q0.2,moderate,0.004216965034285823,0.13854194577665502,0.23878884264040579,1.723585166223664,3.0241640157378535,0.5699377273368996
ra1_q0.5,moderate,0.004216965034285823,0.09383010051010271,0.571802743314205,6.094022496039412,3.0241640157378535,2.0151097838364285
ra1_q1,circular,0.004216965034285823,0.048039564931546576,0.6883469767601859,14.328751264526186,3.0241640157378535,4.7380866877453975
ra3_q1,circular,0.004216965034285823,0.11786168302078527,1.894538360360575,16.074251714413982,3.0241640157378535,5.315271139648188
ra0.05_q1,circular,0.0044668359215096305,0.022625721283845674,0.14690187385545544,6.4926935151605765,3.0241640157378535,2.146938288192167
ra0.1_q0.05,strong,0.0044668359215096305,0.012125800136117224,0.019074667835210158,1.573064673760821,3.0241640157378535,0.5201651317767615
ra0.1_q0.2,moderate,0.0044668359215096305,0.02222213228534925,0.05959276875058902,2.681685446984659,3.0241640157378535,0.8867526473528141
ra0.1_q0.5,moderate,0.0044668359215096305,0.0275290835404963,0.1424420344682107,5.174238156481787,3.0241640157378535,1.7109647921061404
ra0.1_q1,circular,0.0044668359215096305,0.02312020703401903,0.20307623844694533,8.783495673206529,3.0241640157378535,2.9044375991172817
ra0.3_q1,circular,0.0044668359215096305,0.02884897529128662,0.3376254697591911,11.703204926698579,3.0241640157378535,3.8698975537684785
ra10_q0.05,strong,0.0044668359215096305,0.1479880357659927,0.43695829814314807,2.95265962468812,3.0241640157378535,0.9763556504615417
ra10_q0.2,moderate,0.0044668359215096305,0.24385093660993173,1.9265718495282371,7.9006128756848515,3.0241640157378535,2.6124948364472926
ra10_q0.5,moderate,0.0044668359215096305,0.4220980232933935,4.816876772167633,11.411749182297164,3.0241640157378535,3.773521913133689
ra10_q1,circular,0.0044668359215096305,0.4840878361279344,8.357346711539737,17.264112187547433,3.0241640157378535,5.708722178329085
ra1_q0.05,strong,0.0044668359215096305,0.0495103767747912,0.07269583384352936,1.4682949025858214,3.0241640157378535,0.48552092245816175
ra1_q0.2,moderate,0.0044668359215096305,0.1429262546623251,0.24105857141536108,1.6865940549892782,3.0241640157378535,0.5577058804390849
ra1_q0.5,moderate,0.0044668359215096305,0.09656635446050672,0.5771229413021852,5.976439149292049,3.0241640157378535,1.9762285108183466
ra1_q1,circular,0.0044668359215096305,0.04944222816307478,0.6983542079934121,14.12465080841498,3.0241640157378535,4.670596811188088
ra3_q1,circular,0.0044668359215096305,0.12130344695388717,1.9221761472424983,15.846014235466885,3.0241640157378535,5.239799876264542
ra0.05_q1,circular,0.0047315125896148025,0.023279747225845457,0.14900761012742283,6.400740037331367,3.0241640157378535,2.116532041258905
ra0.1_q0.05,strong,0.0047315125896148025,0.012234345423377924,0.01930718717980193,1.5781136228922317,3.0241640157378535,0.5218346672600012
ra0.1_q0.2,moderate,0.0047315125896148025,0.022861582492302048,0.06007567531101342,2.6278003865761304,3.0241640157378535,0.868934480041746
ra0.1_q0.5,moderate,0.0047315125896148025,0.028334619576800536,0.14356661014001418,5.0668268106045735,3.0241640157378535,1.675447093555982
ra0.1_q1,circular,0.0047315125896148025,0.02379247402956841,0.20599269437864065,8.65789300106582,3.0241640157378535,2.862904576606906
ra0.3_q1,circular,0.0047315125896148025,0.029690861619906552,0.3425136947637312,11.535997141089679,3.0241640157378535,3.814606972722363
ra10_q0.05,strong,0.0047315125896148025,0.15228155833213822,0.43862161185823434,2.880333092609715,3.0241640157378535,0.9524394436347904
ra10_q0.2,moderate,0.0047315125896148025,0.2509715785804526,1.9507313101806074,7.772718015379865,3.0241640157378535,2.5702038563154552
ra10_q0.5,moderate,0.0047315125896148025,0.4344265029053697,4.886979139785165,11.249265657371016,3.0241640157378535,3.7197935028753237
ra10_q1,circular,0.0047315125896148025,0.49822416760493754,8.478989816537922,17.018423368135892,3.0241640157378535,5.6274802820122956
ra1_q0.05,strong,0.0047315125896148025,0.04976139111467926,0.07346009301516225,1.4762467722388901,3.0241640157378535,0.48815036636784614
ra1_q0.2,moderate,0.0047315125896148025,0.1474493097183134,0.2433498743503772,1.650396836819866,3.0241640157378535,0.5457365500783503
ra1_q0.5,moderate,0.0047315125896148025,0.09938240248168749,0.5824926397638203,5.86112455745022,3.0241640157378535,1.9380974467484986
ra1_q1,circular,0.0047315125896148025,0.05088577612707566,0.7085069249777728,13.923476831883978,3.0241640157378535,4.604074633328657
ra3_q1,circular,0.0047315125896148025,0.12484571631562029,1.9502171179710575,15.621017488823945,3.0241640157378535,5.165400225494263
ra0.05_q1,circular,0.005011872336272725,0.023949499478397605,0.15114353066546338,6.310926489373797,3.0241640157378535,2.086833404713342
ra0.1_q0.05,strong,0.005011872336272725,0.01234386236440616,0.01954254092476579,1.5831787772615806,3.0241640157378535,0.5235095613275814
ra0.1_q0.2,moderate,0.005011872336272725,0.023519433119247046,0.060562495076865085,2.5749980779640467,3.0241640157378535,0.8514743461543978
ra0.1_q0.5,moderate,0.005011872336272725,0.02916372662319057,0.14470006430366414,4.961645203072257,3.0241640157378535,1.6406667023520167
ra0.1_q1,circular,0.005011872336272725,0.024484288553937094,0.20895103465518391,8.53408642831831,3.0241640157378535,2.821965470095746
ra0.3_q1,circular,0.005011872336272725,0.030557316328621867,0.34747269269814574,11.371178311646478,3.0241640157378535,3.760106347562657
ra10_q0.05,strong,0.005011872336272725,0.15669964729265892,0.4402912570986094,2.8097782267263356,3.0241640157378535,0.9291090734841606
ra10_q0.2,moderate,0.005011872336272725,0.2583002237641036,1.9751937336003191,7.646891298879374,3.0241640157378535,2.5285967490799734
ra10_q0.5,moderate,0.005011872336272725,0.44711506809262824,4.958101741504179,11.089095616158065,3.0241640157378535,3.6668300920353625
ra10_q1,circular,0.005011872336272725,0.5127733081895326,8.602403464927976,16.77623099240636,3.0241640157378535,5.547394554363546
ra1_q0.05,strong,0.005011872336272725,0.05001367808069007,0.07423238692620926,1.4842417069675558,3.0241640157378535,0.4907940506015913
ra1_q0.2,moderate,0.005011872336272725,0.15211550171641133,0.24566295651153408,1.6149764734006078,3.0241640157378535,0.5340241021969095
ra1_q0.5,moderate,0.005011872336272725,0.10228057151180468,0.587912299264093,5.748034945192297,3.0241640157378535,1.9007021164458429
ra1_q1,circular,0.005011872336272725,0.05237147087130463,0.7188072427941828,13.7251681275202,3.0241640157378535,4.538499914718234
ra3_q1,circular,0.005011872336272725,0.12849142603742708,1.9786671542478136,15.399215459492728,3.0241640157378535,5.092056971564598
ra0.05_q1,circular,0.005308844442309885,0.02463852032847558,0.1533100681400544,6.2223731821617845,3.0241640157378535,2.057551491843809
ra0.1_q0.05,strong,0.005308844442309885,0.012454359657055752,0.019780763621315006,1.5882601888816208,3.0241640157378535,0.5251898311785539
ra0.1_q0.2,moderate,0.005308844442309885,0.02419621364518382,0.061053259758578234,2.523256764627332,3.0241640157378535,0.8343650514642119
ra0.1_q0.5,moderate,0.005308844442309885,0.03001709439743368,0.14584246705459242,4.858647047032682,3.0241640157378535,1.6066083128256654
ra0.1_q1,circular,0.005308844442309885,0.025196218991242452,0.21195186079375355,8.412050271011793,3.0241640157378535,2.7816117866740013
ra0.3_q1,circular,0.005308844442309885,0.03144905638512751,0.3525034882304065,11.208714306515981,3.0241640157378535,3.7063843919130863
ra10_q0.05,strong,0.005308844442309885,0.16124138669300184,0.44196725796568703,2.7410286343367773,3.0241640157378535,0.9063756529316432
ra10_q0.2,moderate,0.005308844442309885,0.26584287342002033,1.9999629189797334,7.523101496950336,3.0241640157378535,2.48766318817361
ra10_q0.5,moderate,0.005308844442309885,0.4601742360986247,5.030259425291394,10.931206118660905,3.0241640157378535,3.6146207883482946
ra10_q1,circular,0.005308844442309885,0.5277473127319875,8.72761342737648,16.537485301812865,3.0241640157378535,5.4684485417296225
ra1_q0.05,strong,0.005308844442309885,0.05026724412495398,0.07501280004675573,1.4922799400000806,3.0241640157378535,0.49345205228096245
ra1_q0.2,moderate,0.005308844442309885,0.1569293603791052,0.24799802491409972,1.580316292088323,3.0241640157378535,0.5225630236535792
ra1_q0.5,moderate,0.005308844442309885,0.105260353048641,0.5933823846531988,5.637282865458334,3.0241640157378535,1.86407973777934
ra1_q1,circular,0.005308844442309885,0.05390054294100689,0.7292573072727332,13.52968388594696,3.0241640157378535,4.47385916092448
ra3_q1,circular,0.005308844442309885,0.13224359675579755,2.0075322235773965,15.180562785845328,3.0241640157378535,5.019755114750773
ra0.05_q1,circular,0.005623413251903491,0.025347364128601866,0.15550766142370415,6.13506243231934,3.0241640157378535,2.0286804552902105
ra0.1_q0.05,strong,0.005623413251903491,0.012565846077040256,0.020021890241840624,1.593357909932043,3.0241640157378535,0.5268754940671715
ra0.1_q0.2,moderate,0.005623413251903491,0.02489246878506919,0.06154800132355076,2.472555127214542,3.0241640157378535,0.8175995463034677
ra0.1_q0.5,moderate,0.005623413251903491,0.030895432799317266,0.14699388904163238,4.757787016496518,3.0241640157378535,1.5732569370367584
ra0.1_q1,circular,0.005623413251903491,0.025928850252525004,0.21499578295014757,8.291759212470705,3.0241640157378535,2.7418351548792015
ra0.3_q1,circular,0.005623413251903491,0.032366819680055836,0.357607120863882,11.048571481498893,3.0241640157378535,3.653429980649775
ra10_q0.05,strong,0.005623413251903491,0.1658824924835698,0.44364963865262524,2.6744813874590627,3.0241640157378535,0.8843704817400675
ra10_q0.2,moderate,0.005623413251903491,0.27360577671336267,2.021575410788548,7.388643014311825,3.0241640157378535,2.443201815728602
ra10_q0.5,moderate,0.005623413251903491,0.47361483135048943,5.103467255203276,10.77556469389058,3.0241640157378535,3.5631548546355853
ra10_q1,circular,0.005623413251903491,0.5431585881082718,8.85464584964802,16.302137245932595,3.0241640157378535,5.3906260246123265
ra1_q0.05,strong,0.005623413251903491,0.050522095732313234,0.07580141773493017,1.5003617058278251,3.0241640157378535,0.4961244489451932
ra1_q0.2,moderate,0.005623413251903491,0.1618955587768223,0.25035528854105765,1.5463999780635098,3.0241640157378535,0.5113479196286944
ra1_q0.5,moderate,0.005623413251903491,0.10832598719001724,0.598903365106418,5.528713659962933,3.0241640157378535,1.8281791699098715
ra1_q1,circular,0.005623413251903491,0.055474258809240055,0.7398592954397281,13.336983879025592,3.0241640157378535,4.410139069712975
ra3_q1,circular,0.005623413251903491,0.13610533731500465,2.0368183805192204,14.965014750341282,3.0241640157378535,4.948479868308342
ra0.05_q1,circular,0.005956621435290103,0.026076601179876303,0.15773675567985318,6.048976804599096,3.0241640157378535,2.000214529741116
ra0.1_q0.05,strong,0.005956621435290103,0.012678330478629842,0.020267898425896116,1.5986251864990417,3.0241640157378535,0.5286172238607897
ra0.1_q0.2,moderate,0.005956621435290103,0.02560875892823754,0.062046751998226506,2.422872274759498,3.0241640157378535,0.8011709226585554
ra0.1_q0.5,moderate,0.005956621435290103,0.0317994725012004,0.1481544014713878,4.6590207263908265,3.0241640157378535,1.540597898177851
ra0.1_q1,circular,0.005956621435290103,0.02668278425630216,0.21808342004284592,8.173188298044165,3.0241640157378535,2.7026273229595392
ra0.3_q1,circular,0.005956621435290103,0.03331136563756082,0.3627846451521273,10.890716673082387,3.0241640157378535,3.6012321475973934
ra10_q0.05,strong,0.005956621435290103,0.17065718595532192,0.4453384234446747,2.609549788083722,3.0241640157378535,0.8628995565397695
ra10_q0.2,moderate,0.005956621435290103,0.2815953652917627,2.042155248122833,7.252091120203429,3.0241640157378535,2.3980482151309577
ra10_q0.5,moderate,0.005956621435290103,0.4874479944311314,5.177740514530876,10.622139333188716,3.0241640157378535,3.512421706597505
ra10_q1,circular,0.005956621435290103,0.5590199034999076,8.983527258064791,16.070138472388535,3.0241640157378535,5.313911014336187
ra1_q0.05,strong,0.005956621435290103,0.050778239420487835,0.07659832624624031,1.5084872402120872,3.0241640157378535,0.4988113185534474
ra1_q0.2,moderate,0.005956621435290103,0.1670189178643294,0.2527349583618106,1.5132115666508443,3.0241640157378535,0.5003735110847293
ra1_q0.5,moderate,0.005956621435290103,0.11148090578101359,0.6044757141643567,5.422235403717948,3.0241640157378535,1.7929700160111846
ra1_q1,circular,0.005956621435290103,0.057093921925845795,0.7506154159712151,13.147028451577079,3.0241640157378535,4.347326528309804
ra3_q1,circular,0.005956621435290103,0.1400798473429231,2.066531767957446,14.752527270382183,3.0241640157378535,4.8782166554490844
ra0.05_q1,circular,0.00630957344480193,0.026826818190812566,0.1599978024530506,5.964099108400614,3.0241640157378535,1.9721480307824697
ra0.1_q0.05,strong,0.00630957344480193,0.012791821795354583,0.02063259356707334,1.6129519232800895,3.0241640157378535,0.5333546444194932
ra0.1_q0.2,moderate,0.00630957344480193,0.026345660589436912,0.06254954427019448,2.37418773607344,3.0241640157378535,0.7850724113236205
ra0.1_q0.5,moderate,0.00630957344480193,0.03272996555584574,0.14932407611263646,4.5623047130266965,3.0241640157378535,1.50861682411546
ra0.1_q1,circular,0.00630957344480193,0.02745864042309526,0.22121539987885483,8.05631292992905,3.0241640157378535,2.663980157162019
ra0.3_q1,circular,0.00630957344480193,0.03428347584372102,0.3680371309167845,10.73511719157234,3.0241640157378535,3.54978008325819
ra10_q0.05,strong,0.00630957344480193,0.17556931224115752,0.44703363671953006,2.5461946111943305,3.0241640157378535,0.8419499067986546
ra10_q0.2,moderate,0.00630957344480193,0.2898182586140132,2.0629445902336627,7.118062885682924,3.0241640157378535,2.353729112786304
ra10_q0.5,moderate,0.00630957344480193,0.5016851913133966,5.253094708990474,10.470898483644756,3.0241640157378535,3.4624109106364074
ra10_q1,circular,0.00630957344480193,0.5753447301138408,9.114319271351022,15.841492577063518,3.0241640157378535,5.2383046999514065
ra1_q0.05,strong,0.00630957344480193,0.05103568174024216,0.07740361274300739,1.5166567801909825,3.0241640157378535,0.5015127394870941
ra1_q0.2,moderate,0.00630957344480193,0.17230441116069226,0.25513724735106114,1.4807354358044753,3.0241640157378535,0.48963463228140974
ra1_q0.5,moderate,0.00630957344480193,0.11472770916876107,0.6100999097735634,5.317807826844381,3.0241640157378535,1.7584389600465866
ra1_q1,circular,0.00630957344480193,0.05876087379704876,0.7615279096531118,12.959778513221483,3.0241640157378535,4.285408610703107
ra3_q1,circular,0.00630957344480193,0.1441704199020666,2.096678618389475,14.543056889296194,3.0241640157378535,4.8089511063598485
ra0.05_q1,circular,0.006683439175686149,0.02759861874937514,0.16229125976042288,5.880412394337572,3.0241640157378535,1.9444753537624626
ra0.1_q0.05,strong,0.006683439175686149,0.012906329040713913,0.02100385093503913,1.6274070550023187,3.0241640157378535,0.5381345213200198
ra0.1_q0.2,moderate,0.006683439175686149,0.02710376687284388,0.06312198189956206,2.3289007094731904,3.0241640157378535,0.7700973549561171
ra0.1_q0.5,moderate,0.006683439175686149,0.03368768602203733,0.1505029853007686,4.467596414972364,3.0241640157378535,1.4772996410653785
ra0.1_q1,circular,0.006683439175686149,0.028257056184335817,0.22439235928135828,7.941108862067142,3.0241640157378535,2.6258856400450963
ra0.3_q1,circular,0.006683439175686149,0.035283758445193054,0.37336523148250306,10.581787426712449,3.0241640157378535,3.499078545887215
ra10_q0.05,strong,0.006683439175686149,0.18062282715070055,0.448735302947681,2.484377584087331,3.0241640157378535,0.8215088768858251
ra10_q0.2,moderate,0.006683439175686149,0.2982812694343593,2.0839455699003535,6.986511670183679,3.0241640157378535,2.3102290860633325
ra10_q0.5,moderate,0.006683439175686149,0.5163385418799711,5.329545569960633,10.321804664350521,3.0241640157378535,3.41311007294429
ra10_q1,circular,0.006683439175686149,0.592146848687249,9.247591969397178,15.617058487938401,3.0241640157378535,5.164091103083924
ra1_q0.05,strong,0.006683439175686149,0.051294429275552535,0.07821736530389957,1.5248705640863576,3.0241640157378535,0.5042287905519934
ra1_q0.2,moderate,0.006683439175686149,0.17596228807379252,0.25756237050787323,1.4637361978372345,3.0241640157378535,0.4840134960339125
ra1_q0.5,moderate,0.006683439175686149,0.11806907343368156,0.6157764343275225,5.215391435026372,3.0241640157378535,1.724572942434767
ra1_q1,circular,0.006683439175686149,0.060476495096575794,0.7725990498480214,12.775195530333674,3.0241640157378535,4.224372574983075
ra3_q1,circular,0.006683439175686149,0.1483804442180404,2.127265255233242,14.336560767450546,3.0241640157378535,4.740669055263733
ra0.05_q1,circular,0.00707945784384138,0.028392623808596727,0.16461759218445357,5.797899950853102,3.0241640157378535,1.9171909726723257
ra0.1_q0.05,strong,0.00707945784384138,0.013021861308892465,0.021381788608746455,1.6419917323297786,3.0241640157378535,0.5429572350523308
ra0.1_q0.2,moderate,0.00707945784384138,0.027883687949430535,0.06378956640820652,2.287701918192973,3.0241640157378535,0.7564741549359405
ra0.1_q0.5,moderate,0.00707945784384138,0.03467364675115232,0.15169120194226018,4.374826883105942,3.0241640157378535,1.4466235496286552
ra0.1_q1,circular,0.00707945784384138,0.02907868750606934,0.22761494421920273,7.827552195115224,3.0241640157378535,2.588335868815439
ra0.3_q1,circular,0.00707945784384138,0.03631281318977965,0.3787665752362552,10.430659097017033,3.0241640157378535,3.449104956852712
ra10_q0.05,strong,0.00707945784384138,0.18582180035597287,0.45044344669276615,2.4240613632515995,3.0241640157378535,0.8015641184263488
ra10_q0.2,moderate,0.00707945784384138,0.30699140944693687,2.1051603416141256,6.8573916951184275,3.0241640157378535,2.2675329973613616
ra10_q0.5,moderate,0.00707945784384138,0.5314231580021415,5.407109057766372,10.174771227686287,3.0241640157378535,3.3644905417617657
ra10_q1,circular,0.00707945784384138,0.6094396490619814,9.382813426480153,15.39580406513049,3.0241640157378535,5.090928926146265
ra1_q0.05,strong,0.00707945784384138,0.0515544886437756,0.07903967293356552,1.5331288315107423,3.0241640157378535,0.5069595509807957
ra1_q0.2,moderate,0.00707945784384138,0.17968347330397236,0.2600105448749134,1.4470476337857232,3.0241640157378535,0.47849509029776083
ra1_q0.5,moderate,0.00707945784384138,0.12150775259516686,0.6215057747080298,5.1149474945745235,3.0241640157378535,1.6913591551106888
ra1_q1,circular,0.00707945784384138,0.06224220680921604,0.7838311429688337,12.59324151811362,3.0241640157378535,4.164205860719841
ra3_q1,circular,0.00707945784384138,0.15271340848766848,2.1582980941535723,14.132996673490224,3.0241640157378535,4.673356537522973
ra0.05_q1,circular,0.007498942093324558,0.029209472186166777,0.16697727096709336,5.716545300882623,3.0241640157378535,1.890289439042831
ra0.1_q0.05,strong,0.007498942093324558,0.01313842777548238,0.021766526791829374,1.6567071162386635,3.0241640157378535,0.5478231695163036
ra0.1_q0.2,moderate,0.007498942093324558,0.028686051548068008,0.06446421135859841,2.2472319430430656,3.0241640157378535,0.743091952469639
ra0.1_q0.5,moderate,0.007498942093324558,0.03569032963007751,0.15288879951918172,4.28375980563477,3.0241640157378535,1.416510408609433
ra0.1_q1,circular,0.007498942093324558,0.029924209427886952,0.23088380993824167,7.715619371487107,3.0241640157378535,2.551323053688477
ra0.3_q1,circular,0.007498942093324558,0.03737188043059735,0.38424605833423703,10.281689171295875,3.0241640157378535,3.3998450870354953
ra10_q0.05,strong,0.007498942093324558,0.19117041866876303,0.45215809261192746,2.3652095118093155,3.0241640157378535,0.7821035828416328
ra10_q0.2,moderate,0.007498942093324558,0.31595589509503685,2.126591081799132,6.730658027948715,3.0241640157378535,2.2256259888425824
ra10_q0.5,moderate,0.007498942093324558,0.5469484649213318,5.485801365011146,10.029832272772126,3.0241640157378535,3.3165635926413164
ra10_q1,circular,0.007498942093324558,0.6272374608970692,9.52001213802203,15.177684260768796,3.0241640157378535,5.018803273163626
ra1_q0.05,strong,0.007498942093324558,0.0518158664958176,0.07987062557236957,1.5414318233743414,3.0241640157378535,0.5097051004352532
ra1_q0.2,moderate,0.007498942093324558,0.1834833527797709,0.2624819895578759,1.4305493418409705,3.0241640157378535,0.47303960181932675
ra1_q0.5,moderate,0.007498942093324558,0.12504658088149712,0.6272884223269531,5.016438017776876,3.0241640157378535,1.6587850366815953
ra1_q1,circular,0.007498942093324558,0.0640594714077697,0.795257458481098,12.414361857888233,3.0241640157378535,4.105055742110371
ra3_q1,circular,0.007498942093324558,0.15717290276912402,2.189783644407896,13.932322975701066,3.0241640157378535,4.606999786782985
ra0.05_q1,circular,0.007943282347242814,0.030049821078392908,0.16937077410521884,5.636332198563524,3.0241640157378535,1.8637653808562822
ra0.1_q0.05,strong,0.007943282347242814,0.013256037698212013,0.02215818785083398,1.6715543781097346,3.0241640157378535,0.5527327120522922
ra0.1_q0.2,moderate,0.007943282347242814,0.029511503460761576,0.06514599142268858,2.2074778910978403,3.0241640157378535,0.7299464842548385
ra0.1_q0.5,moderate,0.007943282347242814,0.036736823162716654,0.15409585209374244,4.194588394625551,3.0241640157378535,1.3870241074216771
ra0.1_q1,circular,0.007943282347242814,0.03079431661752743,0.23419962109456624,7.60528717046655,3.0241640157378535,2.514839516272389
ra0.3_q1,circular,0.007943282347242814,0.03846183548544125,0.3898048111909148,10.134846823378087,3.0241640157378535,3.351288743148849
ra10_q0.05,strong,0.007943282347242814,0.19667298941232883,0.45387926545616597,2.3077864775045396,3.0241640157378535,0.7631155140709099
ra10_q0.2,moderate,0.007943282347242814,0.32518215355000385,2.148239989035739,6.606266566548832,3.0241640157378535,2.1844934772616806
ra10_q0.5,moderate,0.007943282347242814,0.5629273372362065,5.565154597741274,9.886097600206107,3.0241640157378535,3.2690348634394546
ra10_q1,circular,0.007943282347242814,0.6455550323287057,9.659217016114729,14.962654665197341,3.0241640157378535,4.94769945919969
ra1_q0.05,strong,0.007943282347242814,0.05207856951630439,0.0807103141062287,1.5497797818920598,3.0241640157378535,0.5124655190085433
ra1_q0.2,moderate,0.007943282347242814,0.18736359069791858,0.2649769257450921,1.4142391526446962,3.0241640157378535,0.4676463132571339
ra1_q0.5,moderate,0.007943282347242814,0.1286884750658681,0.6331248731683813,4.919825748532039,3.0241640157378535,1.626838267676322
ra1_q1,circular,0.007943282347242814,0.06592973081591602,0.8068553809841679,12.238111258743162,3.0241640157378535,4.04677497485441
ra3_q1,circular,0.007943282347242814,0.16176262195645574,2.2217285102115887,13.734498633495487,3.0241640157378535,4.541585232156948
ra0.05_q1,circular,0.008413951416451947,0.030911727556632396,0.17179858644745957,5.557715470049768,3.0241640157378535,1.8377691954296214
ra0.1_q0.05,strong,0.008413951416451947,0.013374700417681178,0.022556896354137233,1.6865346998215611,3.0241640157378535,0.55768625347196
ra0.1_q0.2,moderate,0.008413951416451947,0.03036070806242412,0.0658349820621662,2.1684270975105076,3.0241640157378535,0.7170335624079707
ra0.1_q0.5,moderate,0.008413951416451947,0.037814001441762085,0.15531243431287053,4.107273189590093,3.0241640157378535,1.3581515976698693
ra0.1_q1,circular,0.008413951416451947,0.0316897239416055,0.23756305188964913,7.496532703390078,3.0241640157378535,2.4788776879752104
ra0.3_q1,circular,0.008413951416451947,0.03958357920084733,0.39544398057406416,9.990101667349961,3.0241640157378535,3.3034258774858536
ra10_q0.05,strong,0.008413951416451947,0.20233394389015016,0.4556069900706994,2.2517575712261833,3.0241640157378535,0.7445884414694307
ra10_q0.2,moderate,0.008413951416451947,0.3346778288647267,2.1701092842860787,6.484174023858672,3.0241640157378535,2.1441211488910015
ra10_q0.5,moderate,0.008413951416451947,0.5793730256714843,5.6456055570468004,9.74433621672951,3.0241640157378535,3.2221586415351973
ra10_q1,circular,0.008413951416451947,0.6644075421912726,9.800457395612662,14.750671497933212,3.0241640157378535,4.877603007366734
ra1_q0.05,strong,0.008413951416451947,0.05234260442375244,0.08183097506955904,1.5633722465752036,3.0241640157378535,0.5169601378891359
ra1_q0.2,moderate,0.008413951416451947,0.19132588644896137,0.2674955767273263,1.3981149215722264,3.0241640157378535,0.46231451544836466
ra1_q0.5,moderate,0.008413951416451947,0.1324364368704543,0.639015627831165,4.825074148259006,3.0241640157378535,1.5955067658860942
ra1_q1,circular,0.008413951416451947,0.06785440240147134,0.818622445951672,12.064396958478278,3.0241640157378535,3.989332885284906
ra3_q1,circular,0.008413951416451947,0.16648636884097584,2.25413939212323,13.539483189019125,3.0241640157378535,4.477099495450375
ra0.05_q1,circular,0.008912509381337459,0.031788022857623235,0.1742611997924133,5.481976673192901,3.0241640157378535,1.8127246553640959
ra0.1_q0.05,strong,0.008912509381337459,0.013494425358102954,0.02296277911156616,1.7016492738446083,3.0241640157378535,0.5626841880893916
ra0.1_q0.2,moderate,0.008912509381337459,0.03123434884560633,0.06653125953681079,2.1300671214783335,3.0241640157378535,0.7043490731300918
ra0.1_q0.5,moderate,0.008912509381337459,0.03892276418960356,0.15653862141282954,4.0217755514558675,3.0241640157378535,1.3298801025759215
ra0.1_q1,circular,0.008912509381337459,0.03261116705293519,0.24097478620742965,7.389333408898673,3.0241640157378535,2.4434301084347037
ra0.3_q1,circular,0.008912509381337459,0.04073803869664125,0.4011647298413476,9.847423751267208,3.0241640157378535,3.256246585840211
ra10_q0.05,strong,0.008912509381337459,0.20815784095452464,0.45734129139532037,2.1970889460524035,3.0241640157378535,0.7265111728790756
ra10_q0.2,moderate,0.008912509381337459,0.3444507883068174,2.192201211121897,6.3643379128202415,3.0241640157378535,2.104494954539505
ra10_q0.5,moderate,0.008912509381337459,0.5962991680663057,5.7272195310969325,9.604607616122134,3.0241640157378535,3.1759545997305128
ra10_q1,circular,0.008912509381337459,0.6838106125952643,9.94376304031454,14.54169159875277,3.0241640157378535,4.808499645878102
ra1_q0.05,strong,0.008912509381337459,0.052607977970740696,0.08306137505492221,1.5788741224975225,3.0241640157378535,0.5220861415852471
ra1_q0.2,moderate,0.008912509381337459,0.1953719753615264,0.27003816791775975,1.3821745284504965,3.0241640157378535,0.4570435073156128
ra1_q0.5,moderate,0.008912509381337459,0.1362935554404887,0.6449611915718537,4.732147382078311,3.0241640157378535,1.5647786817950524
ra1_q1,circular,0.008912509381337459,0.06983526048538485,0.8305611201334329,11.893148451952191,3.0241640157378535,3.932706159474102
ra3_q1,circular,0.008912509381337459,0.17134811201074907,2.287023088450072,13.347232494202224,3.0241640157378535,4.413527978225641
ra0.05_q1,circular,0.009440608762859235,0.032689159651317176,0.17675911298826882,5.407270020817023,3.0241640157378535,1.7880214144065614
ra0.1_q0.05,strong,0.009440608762859235,0.013615222028052223,0.02337596521472988,1.7168993033361513,3.0241640157378535,0.5677269137524777
ra0.1_q0.2,moderate,0.009440608762859235,0.03198847610232416,0.06723490091293319,2.101847574666058,3.0241640157378535,0.6950177185258376
ra0.1_q0.5,moderate,0.009440608762859235,0.040064037509828995,0.15777448922387108,3.9380576454673077,3.0241640157378535,1.3021971113251531
ra0.1_q1,circular,0.009440608762859235,0.03355940299493077,0.2444355177533672,7.283667048257377,3.0241640157378535,2.4084894239706984
ra0.3_q1,circular,0.009440608762859235,0.04192616813220147,0.4069682391803145,9.706783550957088,3.0241640157378535,3.209741105456798
ra10_q0.05,strong,0.009440608762859235,0.21414937067788,0.45908219446475673,2.143747576803766,3.0241640157378535,0.7088727878672022
ra10_q0.2,moderate,0.009440608762859235,0.35450912887672476,2.2145180359547205,6.246716531592579,3.0241640157378535,2.065601104663785
ra10_q0.5,moderate,0.009440608762859235,0.613719800683618,5.810013332659444,9.466882649358409,3.0241640157378535,3.130413099320151
ra10_q1,circular,0.009440608762859235,0.7037803218725301,10.089164149235522,14.33567241890416,3.0241640157378535,4.7403753051424555
ra1_q0.05,strong,0.009440608762859235,0.05287469694408319,0.08431027517574992,1.5945297098328701,3.0241640157378535,0.5272629730182896
ra1_q0.2,moderate,0.009440608762859235,0.19950362946232714,0.27260492687216425,1.3664158772792705,3.0241640157378535,0.4518325957746985
ra1_q0.5,moderate,0.009440608762859235,0.14025524218661936,0.6509620743480322,4.64126733660252,3.0241640157378535,1.534727386626256
ra1_q1,circular,0.009440608762859235,0.07187394530728052,0.842673906254004,11.724330738369037,3.0241640157378535,3.876883223712476
ra3_q1,circular,0.009440608762859235,0.17635198394308865,2.320386496674011,13.157699986084836,3.0241640157378535,4.35085528351363
ra0.05_q1,circular,0.01,0.03361584215210295,0.17929283203385724,5.333581447182069,3.0241640157378535,1.7636548214402155
ra0.1_q0.05,strong,0.01,0.013737100021220805,0.02379658607807739,1.7322860022360531,3.0241640157378535,0.5728148318745866
ra0.1_q0.2,moderate,0.01,0.032721688596280836,0.06794598407190527,2.0764815933010268,3.0241640157378535,0.686629952110714
ra0.1_q0.5,moderate,0.01,0.04123877466076065,0.15902011417492437,3.856082424442997,3.0241640157378535,1.2750903735299446
ra0.1_q1,circular,0.01,0.0345336538000543,0.2479459501954921,7.179835404358581,3.0241640157378535,2.3741554251007786
ra0.3_q1,circular,0.01,0.04314894949507116,0.4128557058518735,9.568151963908957,3.0241640157378535,3.163899813011452
ra10_q0.05,strong,0.01,0.21891703691830777,0.460829724409033,2.1050427636703244,3.0241640157378535,0.6960742713409753
ra10_q0.2,moderate,0.01,0.36486118401618695,2.2370620482683705,6.131268949039874,3.0241640157378535,2.0274260645694278
ra10_q0.5,moderate,0.01,0.6316493698499644,5.8940040175507615,9.331132585394272,3.0241640157378535,3.085524639812767
ra10_q1,circular,0.01,0.7243332178995674,10.23669136297113,14.132572012444278,3.0241640157378535,4.673216114899155
ra1_q0.05,strong,0.01,0.05314276816500267,0.08557795359769259,1.6103405327321696,3.0241640157378535,0.5324911361790902
ra1_q0.2,moderate,0.01,0.20372265825224128,0.2751960833092685,1.350836895955538,3.0241640157378535,0.4466810956435353
ra1_q0.5,moderate,0.01,0.1443292205299424,0.6570187908620606,4.552222955612486,3.0241640157378535,1.5052830904417092
ra1_q1,circular,0.01,0.07397214498992337,0.8549633435373206,11.557909313752972,3.0241640157378535,3.8218526685739316
ra3_q1,circular,0.01,0.1815019837435526,2.3542366148983596,12.970858865238094,3.0241640157378535,4.289072549549991
ra0.05_q1,circular,0.010592537251772892,0.03456879453765854,0.181862870181151,5.260897078231446,3.0241640157378535,1.7396202887322105
ra0.1_q0.05,strong,0.010592537251772892,0.013860069017179354,0.024224775480694093,1.7478105953634022,3.0241640157378535,0.5779483474665182
ra0.1_q0.2,moderate,0.010592537251772892,0.03347170716001008,0.06866458771878038,2.05142173927766,3.0241640157378535,0.6783434127917635
ra0.1_q0.5,moderate,0.010592537251772892,0.04244795685167213,0.16027557329832273,3.7758136123814183,3.0241640157378535,1.248547893808654
ra0.1_q1,circular,0.010592537251772892,0.03553369435924413,0.25150679730748154,7.077980543333282,3.0241640157378535,2.340475088817679
ra0.3_q1,circular,0.010592537251772892,0.04440739341256937,0.4188283444372862,9.431500303252164,3.0241640157378535,3.1187132226196437
ra10_q0.05,strong,0.010592537251772892,0.22377412621921294,0.4625839064538328,2.067191208695315,3.0241640157378535,0.6835579016010973
ra10_q0.2,moderate,0.010592537251772892,0.3755155305125739,2.2598355608538387,6.017954990487856,3.0241640157378535,1.989956549701078
ra10_q0.5,moderate,0.010592537251772892,0.6501027439353187,5.979208888149511,9.197329105173575,3.0241640157378535,3.041279856949014
ra10_q1,circular,0.010592537251772892,0.7454863318098983,10.386375770154148,13.932349027698486,3.0241640157378535,4.607008401394257
ra1_q0.05,strong,0.010592537251772892,0.053412198489305,0.08686469266886343,1.6263081304593143,3.0241640157378535,0.5377711400558802
ra1_q0.2,moderate,0.010592537251772892,0.20803090949879982,0.2778118691313166,1.3354355360010546,3.0241640157378535,0.4415883295520356
ra1_q0.5,moderate,0.010592537251772892,0.14852153526685116,0.6631318606052198,4.4648869230563735,3.0241640157378535,1.4764036936558165
ra1_q1,circular,0.010592537251772892,0.0761315969370609,0.867432008239001,11.393850163896072,3.0241640157378535,3.767603246583877
ra3_q1,circular,0.010592537251772892,0.18680237877831865,2.3885805433157277,12.786670913598451,3.0241640157378535,4.228167138771632
ra0.05_q1,circular,0.011220184543019636,0.03554876151487681,0.18446901365496565,5.189182570474843,3.0241640157378535,1.7159064599241836
ra0.1_q0.05,strong,0.011220184543019636,0.013984138782146188,0.024660669608850487,1.763474318514003,3.0241640157378535,0.5831278691687428
ra0.1_q0.2,moderate,0.011220184543019636,0.03423891700787135,0.06939079139100435,2.0266643181223216,3.0241640157378535,0.6701568789177739
ra0.1_q0.5,moderate,0.011220184543019636,0.04369259406235188,0.16154094423456752,3.6972156884079523,3.0241640157378535,1.2225579264773718
ra0.1_q1,circular,0.011220184543019636,0.03656269452768398,0.25511878311379105,6.977570619709773,3.0241640157378535,2.3072725498346833
ra0.3_q1,circular,0.011220184543019636,0.045702539987073645,0.42488738708873547,9.296800291819869,3.0241640157378535,3.0741719838735597
ra10_q0.05,strong,0.011220184543019636,0.22873897925020076,0.46434476592086316,2.0300202765745077,3.0241640157378535,0.671266593349505
ra10_q0.2,moderate,0.011220184543019636,0.38648122910544525,2.2828409100465574,5.906731655067576,3.0241640157378535,1.9531783409658805
ra10_q0.5,moderate,0.011220184543019636,0.6690952256829112,6.06564549696088,9.065444295720368,3.0241640157378535,2.997669520748043
ra10_q1,circular,0.011220184543019636,0.7672571921069005,10.538248914006003,13.734962698841315,3.0241640157378535,4.541738684596503
ra1_q0.05,strong,0.011220184543019636,0.053682994807554604,0.08817077898272559,1.6424340575410232,3.0241640157378535,0.5431034986838478
ra1_q0.2,moderate,0.011220184543019636,0.21243027004543677,0.2804525184448234,1.3202097722929849,3.0241640157378535,0.4365536278530423
ra1_q0.5,moderate,0.011220184543019636,0.1528356237013436,0.6693018079022701,4.379226463655844,3.0241640157378535,1.4480783584707042
ra1_q1,circular,0.011220184543019636,0.07835408927207188,0.880082514186412,11.232119757406254,3.0241640157378535,3.7141238699203867
ra3_q1,circular,0.011220184543019636,0.19225756103328542,2.4234254856973134,12.60509845580402,3.0241640157378535,4.168126593070566
ra0.05_q1,circular,0.011885022274370183,0.03655650890183404,0.18708464739547978,5.117683635980178,3.0241640157378535,1.6922639147042213
ra0.1_q0.05,strong,0.011885022274370183,0.014109319169762881,0.025104407099316373,1.7792784185587514,3.0241640157378535,0.5883538092839294
ra0.1_q0.2,moderate,0.011885022274370183,0.03502371218377825,0.07012467546721927,2.002205679947843,3.0241640157378535,0.6620691435809354
ra0.1_q0.5,moderate,0.011885022274370183,0.044973725886697534,0.16281630523712964,3.6202538710560326,3.0241640157378535,1.1971089703521725
ra0.1_q1,circular,0.011885022274370183,0.037621492930327786,0.2587826420368699,6.878585135260745,3.0241640157378535,2.2745410300051025
ra0.3_q1,circular,0.011885022274370183,0.047034930519237676,0.43103408378351693,9.164127150293556,3.0241640157378535,3.0303009699881103
ra10_q0.05,strong,0.011885022274370183,0.23381398695383007,0.46611232822822024,1.9935177287758272,3.0241640157378535,0.6591962996720722
ra10_q0.2,moderate,0.011885022274370183,0.3977671620920075,2.3060804559660855,5.7975636898670535,3.0241640157378535,1.9170797812871037
ra10_q0.5,moderate,0.011885022274370183,0.6886435581514447,6.15333165023249,8.935437756435478,3.0241640157378535,2.954680271947934
ra10_q1,circular,0.011885022274370183,0.7896638391887801,10.692342798983917,13.540372837596484,3.0241640157378535,4.47739367545276
ra1_q0.05,strong,0.011885022274370183,0.05400146897779179,0.08949650344192439,1.6572975723814107,3.0241640157378535,0.5480184155875069
ra1_q0.2,moderate,0.011885022274370183,0.2169226666378514,0.2831182675815261,1.3051576027976233,3.0241640157378535,0.43157632853427863
ra1_q0.5,moderate,0.011885022274370183,0.15727502298040272,0.6755291619564225,4.295209430938039,3.0241640157378535,1.420296455015542
ra1_q1,circular,0.011885022274370183,0.08064146231861274,0.89291751332661,11.072685038853976,3.0241640157378535,3.6614036081480177
ra3_q1,circular,0.011885022274370183,0.19787205075333653,2.458778750903923,12.42610435148817,3.0241640157378535,4.108938631245626
ra0.05_q1,circular,0.012589254117941675,0.037592824226256406,0.18973736888167525,5.047169846556905,3.0241640157378535,1.6689471273023748
ra0.1_q0.05,strong,0.012589254117941675,0.01423562012187681,0.02555612908345451,1.7952241535428959,3.0241640157378535,0.5936265838097695
ra0.1_q0.2,moderate,0.012589254117941675,0.035826495763581954,0.07086632117615987,1.9780422189154292,3.0241640157378535,0.6540790144389093
ra0.1_q0.5,moderate,0.012589254117941675,0.046293282970950395,0.16410173517728877,3.54482820499606,3.0241640157378535,1.1721679732146313
ra0.1_q1,circular,0.012589254117941675,0.03871095247739555,0.26249911904649015,6.781003882551612,3.0241640157378535,2.242273847338648
ra0.3_q1,circular,0.012589254117941675,0.04840501521489226,0.43726970258190934,9.033561928256129,3.0241640157378535,2.9871269816204284
ra10_q0.05,strong,0.012589254117941675,0.2390015933202511,0.4678866188907558,1.9576715468327834,3.0241640157378535,0.6473430464237367
ra10_q0.2,moderate,0.012589254117941675,0.40938266421100106,2.3295565827582316,5.690413362392767,3.0241640157378535,1.8816483936650459
ra10_q0.5,moderate,0.012589254117941675,0.708772118162866,6.2422854116225475,8.807182522645673,3.0241640157378535,2.9122701271534193
ra10_q1,circular,0.012589254117941675,0.8127248402977281,10.848689897525237,13.348539825054445,3.0241640157378535,4.413960273182336
ra1_q0.05,strong,0.012589254117941675,0.05680320313972635,0.09084216132307998,1.5992436394761667,3.0241640157378535,0.5288217276422997
ra1_q0.2,moderate,0.012589254117941675,0.22151006676784682,0.2858093551195356,1.290277048307143,3.0241640157378535,0.42665577713129876
ra1_q0.5,moderate,0.012589254117941675,0.16184337299412452,0.6818144568947291,4.212804295171736,3.0241640157378535,1.3930475573573913
ra1_q1,circular,0.012589254117941675,0.0829956101244885,0.9059396962822724,10.915513422016135,3.0241640157378535,3.609431685983772
ra3_q1,circular,0.012589254117941675,0.2036505001878829,2.494647754419034,12.249651987682496,3.0241640157378535,4.050591146490365
ra0.05_q1,circular,0.01333521432163324,0.0386585173409518,0.1924277039902672,4.977627628424963,3.0241640157378535,1.6459516092782063
ra0.1_q0.05,strong,0.01333521432163324,0.014363051669330808,0.02601597923210759,1.811312792786166,3.0241640157378535,0.5989466124720855
ra0.1_q0.2,moderate,0.01333521432163324,0.0366476800620936,0.0716158106056443,1.9541703727030693,3.0241640157378535,0.6461853135390473
ra0.1_q0.5,moderate,0.01333521432163324,0.04765649493855167,0.16539731354901097,3.4706143152633113,3.0241640157378535,1.1476276740289597
ra0.1_q1,circular,0.01333521432163324,0.03983196106763644,0.2662689698112212,6.684806940815309,3.0241640157378535,2.210464414637349
ra0.3_q1,circular,0.01333521432163324,0.04981500923012157,0.443595529888774,8.90485692453803,3.0241640157378535,2.9445681114505855
ra10_q0.05,strong,0.01333521432163324,0.2443042965641666,0.46966766352044576,1.9224699283873927,3.0241640157378535,0.635702930920014
ra10_q0.2,moderate,0.01333521432163324,0.4213373594618929,2.353271698839643,5.585243382749401,3.0241640157378535,1.8468718474539088
ra10_q0.5,moderate,0.01333521432163324,0.7294890216261898,6.332525105921022,8.680768206496714,3.0241640157378535,2.8704687184033992
ra10_q1,circular,0.01333521432163324,0.8364593049056414,11.00732315689041,13.159424603605927,3.0241640157378535,4.351425562609643
ra1_q0.05,strong,0.01333521432163324,0.059750298427251346,0.09220805234255357,1.5432232937684986,3.0241640157378535,0.510297485763838
ra1_q0.2,moderate,0.01333521432163324,0.22619447953501307,0.28852602190468823,1.275566152179354,3.0241640157378535,0.42179132664143343
ra1_q0.5,moderate,0.01333521432163324,0.16654441936008565,0.6881582318138953,4.131980131534931,3.0241640157378535,1.3663214395885819
ra1_q1,circular,0.01333521432163324,0.08541848203000928,0.919151792915738,10.760572783215943,3.0241640157378535,3.5581974810947927
ra3_q1,circular,0.01333521432163324,0.2095976974457852,2.5310400199042147,12.07570527132769,3.0241640157378535,3.993072203916621
ra0.05_q1,circular,0.014125375446227547,0.03975442105668831,0.19515618605451257,4.909043594830049,3.0241640157378535,1.6232729340350647
ra0.1_q0.05,strong,0.014125375446227547,0.014491623932759781,0.02648410380129305,1.8275456169838258,3.0241640157378535,0.604314318758247
ra0.1_q0.2,moderate,0.014125375446227547,0.03748768684485188,0.07237322671165976,1.930586621980349,3.0241640157378535,0.6383868771447282
ra0.1_q0.5,moderate,0.014125375446227547,0.04905984981132941,0.16670312047386493,3.397954154261763,3.0241640157378535,1.1236011461609532
ra0.1_q1,circular,0.014125375446227547,0.040985432311957656,0.2700929608520797,6.589974671885528,3.0241640157378535,2.179106238150799
ra0.3_q1,circular,0.014125375446227547,0.051266075087063066,0.45001287071894014,8.777985635816703,3.0241640157378535,2.9026155956276725
ra10_q0.05,strong,0.014125375446227547,0.24972465032790667,0.47145548782676017,1.8879012833042503,3.0241640157378535,0.6242721206520371
ra10_q0.2,moderate,0.014125375446227547,0.43364115288189536,2.3772282371448874,5.482017150231909,3.0241640157378535,1.8127380399023674
ra10_q0.5,moderate,0.014125375446227547,0.7508114654008636,6.424069322824618,8.556168384289073,3.0241640157378535,2.8292673081759054
ra10_q1,circular,0.014125375446227547,0.8608876675657435,11.168276006106021,12.972977110574222,3.0241640157378535,4.28977298951459
ra1_q0.05,strong,0.014125375446227547,0.06285029654689987,0.09359448072320285,1.4891653001726284,3.0241640157378535,0.4924221346537294
ra1_q0.2,moderate,0.014125375446227547,0.23033642145512684,0.29126851107210144,1.2645351926197443,3.0241640157378535,0.4181437203931598
ra1_q0.5,moderate,0.014125375446227547,0.1713820164943981,0.69456103082652,4.052706608509434,3.0241640157378535,1.3401080719891545
ra1_q1,circular,0.014125375446227547,0.0879120842821322,0.9325565729012725,10.607831454757251,3.0241640157378535,3.5076905219272936
ra3_q1,circular,0.014125375446227547,0.21571857046285217,2.5679631807772507,11.904228621890793,3.0241640157378535,3.9363700381132696
ra0.05_q1,circular,0.014962356560944336,0.04088139179301368,0.19792335596993801,4.841404543466684,3.0241640157378535,1.6009067359679727
ra0.1_q0.05,strong,0.014962356560944336,0.014621347123394452,0.026960651678719954,1.843923918308619,3.0241640157378535,0.6097301299508808
ra0.1_q0.2,moderate,0.014962356560944336,0.03834694754474447,0.07313865332754449,1.9072874898896168,3.0241640157378535,0.6306825555637945
ra0.1_q0.5,moderate,0.014962356560944336,0.050504529689261,0.16801923670597674,3.326815193404393,3.0241640157378535,1.10007763338613
ra0.1_q1,circular,0.014962356560944336,0.04217230627800821,0.2739652883207995,6.496331656959095,3.0241640157378535,2.1481413121616293
ra0.3_q1,circular,0.014962356560944336,0.0527594091710655,0.4565230489664285,8.652921936373701,3.0241640157378535,2.8612607951630924
ra10_q0.05,strong,0.014962356560944336,0.25526526491119544,0.4732501176170338,1.8539542298544747,3.0241640157378535,0.6130468520247028
ra10_q0.2,moderate,0.014962356560944336,0.44630423875276287,2.401428655376047,5.380698740587932,3.0241640157378535,1.7792350919416378
ra10_q0.5,moderate,0.014962356560944336,0.7727571489982706,6.516936920766318,8.433357011597057,3.0241640157378535,2.7886572843634063
ra10_q1,circular,0.014962356560944336,0.8860313896084968,11.33158236300932,12.789143246963643,3.0241640157378535,4.2289846649879115
ra1_q0.05,strong,0.014962356560944336,0.06611113048820585,0.09500175526214137,1.4370009189162114,3.0241640157378535,0.47517294413861455
ra1_q0.2,moderate,0.014962356560944336,0.23255609674830752,0.29403706806793356,1.2643704989001692,3.0241640157378535,0.4180892611380671
ra1_q0.5,moderate,0.014962356560944336,0.1763601307719678,0.7010234031077635,3.974953976498129,3.0241640157378535,1.3143976172629301
ra1_q1,circular,0.014962356560944336,0.0904784816957239,0.9461568463056802,10.45725821845214,3.0241640157378535,3.4579004855663276
ra3_q1,circular,0.014962356560944336,0.22201819108520118,2.605424981813277,11.735186964087214,3.0241640157378535,3.880473050739609
ra0.05_q1,circular,0.01584893192461114,0.042040310247524214,0.20072976230156764,4.774697453936815,3.0241640157378535,1.5788487096232628
ra0.1_q0.05,strong,0.01584893192461114,0.014752231543872412,0.02744577443114298,1.8604490005136238,3.0241640157378535,0.6151944771618811
ra0.1_q0.2,moderate,0.01584893192461114,0.03922590348359475,0.0739121751732666,1.8842695415334034,3.0241640157378535,0.623071212979058
ra0.1_q0.5,moderate,0.01584893192461114,0.05199175148197072,0.1693457436370239,3.257165585116867,3.0241640157378535,1.0770466046704033
ra0.1_q1,circular,0.01584893192461114,0.04339355025632475,0.27786601920337106,6.403394457517824,3.0241640157378535,2.1174097781054
ra0.3_q1,circular,0.01584893192461114,0.05429624271709341,0.4631274076775698,8.529640072714814,3.0241640157378535,2.820495194151598
ra10_q0.05,strong,0.01584893192461114,0.2609288085282031,0.47505157879683896,1.8206175909682731,3.0241640157378535,0.6020234291175071
ra10_q0.2,moderate,0.01584893192461114,0.45933710904724284,2.4258754362548536,5.281252893515625,3.0241640157378535,1.746351344051382
ra10_q0.5,moderate,0.01584893192461114,0.7953442892738875,6.6111470308002875,8.312308417824887,3.0241640157378535,2.748630158472672
ra10_q1,circular,0.01584893192461114,0.9119094777967789,11.497276641395798,12.60791440524757,3.0241640157378535,4.169057742779674
ra1_q0.05,strong,0.01584893192461114,0.06954114482446576,0.09643018939951606,1.3866638181313098,3.0241640157378535,0.45852798026663355
ra1_q0.2,moderate,0.01584893192461114,0.234797162312189,0.29683194067135044,1.2642058266303886,3.0241640157378535,0.4180348089757758
ra1_q0.5,moderate,0.01584893192461114,0.18148284377854917,0.7075459029424513,3.898693056660607,3.0241640157378535,1.289180426845791
ra1_q1,circular,0.01584893192461114,0.09311979936332025,0.9599554641773832,10.30882229924035,3.0241640157378535,3.4088171956259266
ra3_q1,circular,0.01584893192461114,0.2285019509188147,2.643433280769277,11.568537030602737,3.0241640157378535,3.825366934597354
ra0.05_q1,circular,0.016788040181225608,0.0432320820841066,0.20357596139267026,4.708909485243387,3.0241640157378535,1.557094608869777
ra0.1_q0.05,strong,0.016788040181225608,0.01488428758905632,0.027939626352568397,1.877122179036034,3.0241640157378535,0.620707795366728
ra0.1_q0.2,moderate,0.016788040181225608,0.04012500609882749,0.07469387786480128,1.8615293834680298,3.0241640157378535,0.6155517272808508
ra0.1_q0.5,moderate,0.016788040181225608,0.05352276793377971,0.17068272330126882,3.1889741485799763,3.0241640157378535,1.0544977494555339
ra0.1_q1,circular,0.016788040181225608,0.04465015954866378,0.2818222888788732,6.3117868273621225,3.0241640157378535,2.0871178925863036
ra0.3_q1,circular,0.016788040181225608,0.05587784282486456,0.4698273093280745,8.408114658266843,3.0241640157378535,2.7803103980176753
ra10_q0.05,strong,0.016788040181225608,0.2667180085924868,0.4768598973703595,1.7878803905548963,3.0241640157378535,0.5911982224676655
ra10_q0.2,moderate,0.016788040181225608,0.47275056212217614,2.45057108777739,5.183645000392558,3.0241640157378535,1.7140753522020271
ra10_q0.5,moderate,0.016788040181225608,0.8185916355488811,6.706719060542936,8.192997300840918,3.0241640157378535,2.7091775638504654
ra10_q1,circular,0.016788040181225608,0.9385433805714675,11.665393758271245,12.429253670904728,3.0241640157378535,4.109980016368975
ra1_q0.05,strong,0.016788040181225608,0.07314911706675546,0.09788010128831948,1.3380899895072509,3.0241640157378535,0.4424660774163652
ra1_q0.2,moderate,0.016788040181225608,0.23705982427767772,0.29965337901670125,1.2640411758076104,3.0241640157378535,0.41798036390536253
ra1_q0.5,moderate,0.016788040181225608,0.18675435565726178,0.714129089772616,3.823895229962995,3.0241640157378535,1.2644470372847878
ra1_q1,circular,0.016788040181225608,0.09583822441479836,0.9739553191440906,10.162493358899315,3.0241640157378535,3.360430620169194
ra3_q1,circular,0.016788040181225608,0.23517553547083278,2.6819960500322755,11.404230651214592,3.0241640157378535,3.7710357612439616
ra0.05_q1,circular,0.01778279410038923,0.04445763864069007,0.20646251747504965,4.644027973318489,3.0241640157378535,1.5356402460814982
ra0.1_q0.05,strong,0.01778279410038923,0.015017525746859432,0.02844236451332758,1.893944781101883,3.0241640157378535,0.6262705234391155
ra0.1_q0.2,moderate,0.01778279410038923,0.04104471717533014,0.07548384792360688,1.8390636632033202,3.0241640157378535,0.6081229899015959
ra0.1_q0.5,moderate,0.01778279410038923,0.055098868678940906,0.17203025838063205,3.1222103557705707,3.0241640157378535,1.0324209730432876
ra0.1_q1,circular,0.01778279410038923,0.04593976943847511,0.28583488811129687,6.221948686401258,3.0241640157378535,2.0574111238749033
ra0.3_q1,circular,0.01778279410038923,0.057505513503557856,0.47662413610411103,8.288320668149888,3.0241640157378535,2.7406981317868944
ra10_q0.05,strong,0.01778279410038923,0.2726356530304422,0.478675099440766,1.7557318498887513,3.0241640157378535,0.5805676678751094
ra10_q0.2,moderate,0.01778279410038923,0.4865557116654541,2.475518143471389,5.087841092231398,3.0241640157378535,1.682395883872071
ra10_q0.5,moderate,0.01778279410038923,0.8425184851737045,6.803672698170958,8.075398721688847,3.0241640157378535,2.6702912539347055
ra10_q1,circular,0.01778279410038923,0.9659551728124718,11.835969141209866,12.253124652511874,3.0241640157378535,4.0517394522076815
ra1_q0.05,strong,0.01778279410038923,0.07694428012584853,0.09935181386525166,1.2912176668980957,3.0241640157378535,0.4269668113827671
ra1_q0.2,moderate,0.01778279410038923,0.2393442907620953,0.3025016356159052,1.263876546429041,3.0241640157378535,0.41792592592590344
ra1_q0.5,moderate,0.01778279410038923,0.19217898855231313,0.7207735282454805,3.7505324264378586,3.0241640157378535,1.2401881666867136
ra1_q1,circular,0.01778279410038923,0.09863589453278694,0.9881593460191863,10.018252997043774,3.0241640157378535,3.312734674742653
ra3_q1,circular,0.01778279410038923,0.2420440274649705,2.7211242703136116,11.242269841619715,3.0241640157378535,3.7174801972097264
ra0.05_q1,circular,0.01883649089489801,0.04571793765706215,0.20939000278089792,4.58004042858554,3.0241640157378535,1.5144814913314397
ra0.1_q0.05,strong,0.01883649089489801,0.015151956599078623,0.028954148810033404,1.9109181458316795,3.0241640157378535,0.6318831041858827
ra0.1_q0.2,moderate,0.01883649089489801,0.04194508319334566,0.07628217278620163,1.8186201332484981,3.0241640157378535,0.6013629299814218
ra0.1_q0.5,moderate,0.01883649089489801,0.05672138132794784,0.17338843220980543,3.05684431779473,3.0241640157378535,1.0108063920762258
ra0.1_q1,circular,0.01883649089489801,0.047259000274679636,0.2899046189235687,6.1343790016415864,3.0241640157378535,2.0284544653392036
ra0.3_q1,circular,0.01883649089489801,0.05918059674695202,0.4835192901874504,8.170233434024185,3.0241640157378535,2.7016502383819163
ra10_q0.05,strong,0.01883649089489801,0.2786845916238949,0.48049721121059286,1.7241613840605106,3.0241640157378535,0.5701282652289742
ra10_q0.2,moderate,0.01883649089489801,0.50076399590424,2.500719162656145,4.993807827858199,3.0241640157378535,1.6513019141389988
ra10_q0.5,moderate,0.01883649089489801,0.8671446995465996,6.902027916477173,7.959488099374889,3.0241640157378535,2.6319631005307382
ra10_q1,circular,0.01883649089489801,0.994167574134973,12.009038735820003,12.079491474331265,3.0241640157378535,3.994324187269333
ra1_q0.05,strong,0.01883649089489801,0.08092729215047909,0.1008456549226471,1.246126643347106,3.0241640157378535,0.4120565673231413
ra1_q0.2,moderate,0.01883649089489801,0.2416507718883204,0.3053769653810502,1.2637119384918871,3.0241640157378535,0.41787149503647514
ra1_q0.5,moderate,0.01883649089489801,0.19776119015275032,0.7274797882618895,3.6785771146501784,3.0241640157378535,1.2163947112348195
ra1_q1,circular,0.01883649089489801,0.10151463385547407,1.0025705224169583,9.876118194390706,3.0241640157378535,3.2657349743582187
ra3_q1,circular,0.01883649089489801,0.24911311933094057,2.7610942008705215,11.08369646803899,3.0241640157378535,3.665044756289359
ra0.05_q1,circular,0.0199526231496888,0.04698965830108955,0.21235899765623492,4.51927094884431,3.0241640157378535,1.4943868537969067
ra0.1_q0.05,strong,0.0199526231496888,0.015345487490302078,0.0294751420164356,1.920769348973962,3.0241640157378535,0.6351406005025562
ra0.1_q0.2,moderate,0.0199526231496888,0.042479759325347845,0.07708894081384117,1.8147216942409061,3.0241640157378535,0.600073833560955
ra0.1_q0.5,moderate,0.0199526231496888,0.05839167258583195,0.1747573287814057,2.9928467715070814,3.0241640157378535,0.9896443301131168
ra0.1_q1,circular,0.0199526231496888,0.04861611484474841,0.29403229475785586,6.048041800477557,3.0241640157378535,1.9999053520256638
ra0.3_q1,circular,0.0199526231496888,0.0609044736398825,0.4905141940447343,8.053828639010312,3.0241640157378535,2.6631586769427553
ra10_q0.05,strong,0.0199526231496888,0.2848677373824804,0.48232625898211606,1.6931585984920297,3.0241640157378535,0.5598765773551878
ra10_q0.2,moderate,0.0199526231496888,0.5153880212387068,2.526176730705075,4.901504549200713,3.0241640157378535,1.6207799986022964
ra10_q0.5,moderate,0.0199526231496888,0.8924907206003111,7.001804976984974,7.845241205729723,3.0241640157378535,2.594185092112338
ra10_q1,circular,0.0199526231496888,1.0232039677200386,12.18463901331898,11.908318769003102,3.0241640157378535,3.9377225266327494
ra1_q0.05,strong,0.0199526231496888,0.08174863226716948,0.10236195718148355,1.2521549822013651,3.0241640157378535,0.41404995750399365
ra1_q0.2,moderate,0.0199526231496888,0.24397947980411588,0.30827962564720707,1.2635473519933558,3.0241640157378535,0.4178170712361538
ra1_q0.5,moderate,0.0199526231496888,0.20350553733914692,0.7342484450251894,3.6080022913654015,3.0241640157378535,1.193057741772349
ra1_q1,circular,0.0199526231496888,0.10447739066618866,1.0171918693768,9.735999941143124,3.0241640157378535,3.219402086155594
ra3_q1,circular,0.0199526231496888,0.2563886697504758,2.801651239986255,10.927359788218784,3.0241640157378535,3.6133489226617432
ra0.05_q1,circular,0.021134890398366475,0.04828615402404003,0.21537009067595658,4.4602867018303245,3.0241640157378535,1.4748825389822904
ra0.1_q0.05,strong,0.021134890398366475,0.015570257555633247,0.030005509835191208,1.927104270946074,3.0241640157378535,0.6372353684910464
ra0.1_q0.2,moderate,0.021134890398366475,0.04302125100149414,0.0779042413022989,1.8108316120233987,3.0241640157378535,0.5987875004793949
ra0.1_q0.5,moderate,0.021134890398366475,0.06011114940339123,0.1761370327511689,2.9301890664102315,3.0241640157378535,0.968925313296973
ra0.1_q1,circular,0.021134890398366475,0.050012201038118334,0.29821874063815407,5.962919736543038,3.0241640157378535,1.9717580480132026
ra0.3_q1,circular,0.021134890398366475,0.06267856549692845,0.4976102907209308,7.9390823126817756,3.0241640157378535,2.625215521170981
ra10_q0.05,strong,0.021134890398366475,0.2911880679464732,0.4841622691577333,1.662713285513928,3.0241640157378535,0.5498092288847797
ra10_q0.2,moderate,0.021134890398366475,0.5304391743249071,2.5518934593109535,4.810906853851363,3.0241640157378535,1.5908220681203924
ra10_q0.5,moderate,0.021134890398366475,0.9185775877706986,7.103024434122299,7.732634160344223,3.0241640157378535,2.556949332147109
ra10_q1,circular,0.021134890398366475,1.0530884196952208,12.362806978218762,11.739571670341546,3.0241640157378535,3.8819229410998912
ra1_q0.05,strong,0.021134890398366475,0.08257830825633701,0.10390105836548857,1.2582124841182523,3.0241640157378535,0.4160529910317269
ra1_q0.2,moderate,0.021134890398366475,0.24633062870164174,0.3112098761954608,1.2633827869306562,3.0241640157378535,0.4177626545240168
ra1_q0.5,moderate,0.021134890398366475,0.20939959918280876,0.7410800790905652,3.5390711442746934,3.0241640157378535,1.1702642865457182
ra1_q1,circular,0.021134890398366475,0.10752661705853946,1.0320264519965183,9.597869627337612,3.0241640157378535,3.1737265496811577
ra3_q1,circular,0.021134890398366475,0.26387670851285455,2.8428040115552013,10.773228253363317,3.0241640157378535,3.5623822640898664
ra0.05_q1,circular,0.0223872113856834,0.04961842147252336,0.21842387876051414,4.402072300535967,3.0241640157378535,1.455632788971574
ra0.1_q0.05,strong,0.0223872113856834,0.015798319897101024,0.030642629375073834,1.9396131724549222,3.0241640157378535,0.6413716856496898
ra0.1_q0.2,moderate,0.0223872113856834,0.04356964509987619,0.07872816449174926,1.8069498686821523,3.0241640157378535,0.5975039248131792
ra0.1_q0.5,moderate,0.0223872113856834,0.06188126016231909,0.17752762944318562,2.8688431518284796,3.0241640157378535,0.9486400661137826
ra0.1_q1,circular,0.0223872113856834,0.05144837798463753,0.30246479333519016,5.878995707610181,3.0241640157378535,1.944006898109919
ra0.3_q1,circular,0.0223872113856834,0.06450433503426839,0.5048090441370325,7.825970826128959,3.0241640157378535,2.5878129576975115
ra10_q0.05,strong,0.0223872113856834,0.2976486270207394,0.48600526824034496,1.632815421004718,3.0241640157378535,0.539922905142542
ra10_q0.2,moderate,0.0223872113856834,0.5459298743153596,2.5778719867538458,4.7219837346082345,3.0241640157378535,1.5614178695450607
ra10_q0.5,moderate,0.0223872113856834,0.9454269554613243,7.205707139455886,7.621643425577852,3.0241640157378535,2.5202480374459046
ra10_q1,circular,0.0223872113856834,1.0838456990811944,12.54358017612395,11.57321580623283,3.0241640157378535,3.8269140648474806
ra1_q0.05,strong,0.0223872113856834,0.0834164047196814,0.10546330127636001,1.264299290178792,3.0241640157378535,0.41806571455758845
ra1_q0.2,moderate,0.0223872113856834,0.24870443483715657,0.31416797927615975,1.263218243300995,3.0241640157378535,0.4177082448991404
ra1_q0.5,moderate,0.0223872113856834,0.2154513581264977,0.7479752764148342,3.471666565107825,3.0241640157378535,1.1479756213754124
ra1_q1,circular,0.0223872113856834,0.11066483669174856,1.0470773800748725,9.461699048917,3.0241640157378535,3.1286990387022637
ra3_q1,circular,0.0223872113856834,0.2715834415122347,2.884561266146029,10.621270759675829,3.0241640157378535,3.5121344954844944
ra0.05_q1,circular,0.023713737056616554,0.050987447627310015,0.22152096729424786,4.34461769715251,3.0241640157378535,1.4366342812568929
ra0.1_q0.05,strong,0.023713737056616554,0.016029722737684514,0.03154879708294766,1.968143654086987,3.0241640157378535,0.6508058570384079
ra0.1_q0.2,moderate,0.023713737056616554,0.04412502960602506,0.07956080157675612,1.8030764463417488,3.0241640157378535,0.5962231006514451
ra0.1_q0.5,moderate,0.023713737056616554,0.06370349589523215,0.1789292048551776,2.808781564350057,3.0241640157378535,0.9287795072400377
ra0.1_q1,circular,0.023713737056616554,0.05292579695168169,0.30677130153367277,5.796252852153326,3.0241640157378535,1.9166463267168798
ra0.3_q1,circular,0.023713737056616554,0.06638328757567122,0.5121119393920637,7.714470887093386,3.0241640157378535,2.550943284473664
ra10_q0.05,strong,0.023713737056616554,0.30425252584050566,0.48785528283373647,1.6034551610903585,3.0241640157378535,0.5302143510556712
ra10_q0.2,moderate,0.023713737056616554,0.5618729575342937,2.6041149781717667,4.634704239192408,3.0241640157378535,1.5325571678894558
ra10_q0.5,moderate,0.023713737056616554,0.9730611110185208,7.309874245986796,7.512245801638725,3.0241640157378535,2.4840735365359614
ra10_q1,circular,0.023713737056616554,1.1155012983209758,12.726996701643854,11.409217291634,3.0241640157378535,3.7726846931118954
ra1_q0.05,strong,0.023713737056616554,0.08426300711753454,0.10704903387011781,1.2704155421465093,3.0241640157378535,0.4200881749585086
ra1_q0.2,moderate,0.023713737056616554,0.2511011165509082,0.3171541996323868,1.2630537211015824,3.0241640157378535,0.41765384236060193
ra1_q0.5,moderate,0.023713737056616554,0.22167801609795668,0.7549346284067054,3.4055457627025563,3.0241640157378535,1.1261114625331097
ra1_q1,circular,0.023713737056616554,0.1138946468793308,1.0624628707258041,9.328470651052312,3.0241640157378535,3.084644418261255
ra3_q1,circular,0.023713737056616554,0.27951525589093945,2.9269318828623763,10.471456642081815,3.0241640157378535,3.462595476828636
ra0.05_q1,circular,0.025118864315095808,0.05239424670104229,0.22466197024539886,4.287912975012381,3.0241640157378535,1.4178837366948136
ra0.1_q0.05,strong,0.025118864315095808,0.016264515006699547,0.03248176209678183,1.997093801038777,3.0241640157378535,0.6603787991146751
ra0.1_q0.2,moderate,0.025118864315095808,0.04468749362702798,0.0804022447163662,1.799211327165083,3.0241640157378535,0.5949450220959992
ra0.1_q0.5,moderate,0.025118864315095808,0.06557939154162458,0.18034184566381609,2.749977415532278,3.0241640157378535,0.9093347454771966
ra0.1_q1,circular,0.025118864315095808,0.05444564226703238,0.3111391260019238,5.714674545961285,3.0241640157378535,1.889670836707904
ra0.3_q1,circular,0.025118864315095808,0.06831697229361643,0.5195204830694545,7.604559535171303,3.0241640157378535,2.5145989091851213
ra10_q0.05,strong,0.025118864315095808,0.31100294466964756,0.48971233964296274,1.5746228389031596,3.0241640157378535,0.5206803700820353
ra10_q0.2,moderate,0.025118864315095808,0.5782816351720067,2.630625125834102,4.549037987436065,3.0241640157378535,1.50422991734665
ra10_q0.5,moderate,0.025118864315095808,1.0015029932318573,7.415547212507991,7.4044184217342845,3.0241640157378535,2.4484182680573663
ra10_q1,circular,0.025118864315095808,1.1480838836179597,12.913095206420193,11.24751892320544,3.0241640157378535,3.719215910470783
ra1_q0.05,strong,0.025118864315095808,0.0851182017775747,0.10906534608389011,1.2813398756812615,3.0241640157378535,0.4237005231902518
ra1_q0.2,moderate,0.025118864315095808,0.25352089428721697,0.3201688045236529,1.2628892203296256,3.0241640157378535,0.41759944690747813
ra1_q0.5,moderate,0.025118864315095808,0.22808462777140528,0.7619587319775044,3.340684286453391,3.0241640157378535,1.104663724939638
ra1_q1,circular,0.025118864315095808,0.11721872073873205,1.0780753647556156,9.1971261754215,3.0241640157378535,3.0412127541890386
ra3_q1,circular,0.025118864315095808,0.28767872533295713,2.969924871230868,10.323755668040798,3.0241640157378535,3.4137552111312806
ra0.05_q1,circular,0.0266072505979881,0.05383986088959104,0.22784751028782227,4.231948346877553,3.0241640157378535,1.399377918940358
ra0.1_q0.05,strong,0.0266072505979881,0.01650274635014471,0.03344231686989431,2.026469786321418,3.0241640157378535,0.6700925531074371
ra0.1_q0.2,moderate,0.0266072505979881,0.04525712740582478,0.08125258704430983,1.79535449335329,3.0241640157378535,0.5936696832612925
ra0.1_q0.5,moderate,0.0266072505979881,0.06751052724080692,0.18176563923008204,2.692404379864083,3.0241640157378535,0.8902970757712605
ra0.1_q1,circular,0.0266072505979881,0.056009132268257204,0.3155691397639258,5.63424439879731,3.0241640157378535,1.8630750083251133
ra0.3_q1,circular,0.0266072505979881,0.07030605077987051,0.5270362035478489,7.4963135847013875,3.0241640157378535,2.4788052320212506
ra10_q0.05,strong,0.0266072505979881,0.31790313433222117,0.49157646547473327,1.5463089613989671,3.0241640157378535,0.511317823157713
ra10_q0.2,moderate,0.0266072505979881,0.5951695042322789,2.6574051494178037,4.464955160707778,3.0241640157378535,1.4764262577928968
ra10_q0.5,moderate,0.0266072505979881,1.0307770028327583,7.5227478080249295,7.298133143590788,3.0241640157378535,2.413272926207392
ra10_q1,circular,0.0266072505979881,1.1816241159436975,13.10191490727223,11.088056455930115,3.0241640157378535,3.666486473031055
ra1_q0.05,strong,0.0266072505979881,0.08598207590362941,0.11158988706871246,1.297827319193652,3.0241640157378535,0.42915242441868695
ra1_q0.2,moderate,0.0266072505979881,0.2559639906147512,0.3232120637498167,1.2627247409823354,3.0241640157378535,0.4175450585388466
ra1_q0.5,moderate,0.0266072505979881,0.23467639390381576,0.7690481895923712,3.277058151437134,3.0241640157378535,1.0836244775029433
ra1_q1,circular,0.0266072505979881,0.12063980940370582,1.0939172785388573,9.067631024500395,3.0241640157378535,2.998392606125902
ra3_q1,circular,0.0266072505979881,0.29608061551204096,3.0135493731168688,10.178138031445407,3.0241640157378535,3.3656038424100103
ra0.05_q1,circular,0.02818382931264455,0.05532536114414357,0.2310782189244266,4.176714153250263,3.0241640157378535,1.3811136338884065
ra0.1_q0.05,strong,0.02818382931264455,0.016744467141198767,0.03443127729013271,2.0562778737471197,3.0241640157378535,0.6799491902708249
ra0.1_q0.2,moderate,0.02818382931264455,0.04583402233568669,0.08211192267930902,1.7915059271456544,3.0241640157378535,0.5923970782743911
ra0.1_q0.5,moderate,0.02818382931264455,0.06949932095170679,0.18320067360466893,2.636006670223011,3.0241640157378535,0.8716480510002571
ra0.1_q1,circular,0.02818382931264455,0.05761752027935288,0.3200622282738186,5.554946251106059,3.0241640157378535,1.8368534980900266
ra0.3_q1,circular,0.02818382931264455,0.07234920402383749,0.5346606513164084,7.390000464141242,3.0241640157378535,2.4436506835222644
ra10_q0.05,strong,0.02818382931264455,0.32294270361536903,0.4934476872377994,1.5279728624106186,3.0241640157378535,0.5052546272156521
ra10_q0.2,moderate,0.02818382931264455,0.612550558799492,2.6844577962864054,4.382426491533275,3.0241640157378535,1.4491365113555272
ra10_q0.5,moderate,0.02818382931264455,1.0609356806742336,7.63149811624005,7.193176980710243,3.0241640157378535,2.3785670827629395
ra10_q1,circular,0.02818382931264455,1.2161441958228387,13.293495594461005,10.930854778669296,3.0241640157378535,3.6145046107898753
ra1_q0.05,strong,0.02818382931264455,0.0868547175845676,0.1141728637291448,1.3145269123462224,3.0241640157378535,0.43467447714653673
ra1_q0.2,moderate,0.02818382931264455,0.25843063024699975,0.3262842496752303,1.2625602830569203,3.0241640157378535,0.41749067725378425
ra1_q0.5,moderate,0.02818382931264455,0.24145866555678225,0.7762036093219351,3.214643829543572,3.0241640157378535,1.0629859401852728
ra1_q1,circular,0.02818382931264455,0.12416074430125966,1.1099919833128966,8.939959159874618,3.0241640157378535,2.956175363952075
ra3_q1,circular,0.02818382931264455,0.3047278896989262,3.057814664668371,10.03457434660647,3.0241640157378535,3.318131653702048
ra0.05_q1,circular,0.029853826189179603,0.05685184796459377,0.23435473661236278,4.122200860705783,3.0241640157378535,1.3630877291223982
ra0.1_q0.05,strong,0.029853826189179603,0.01698972849087185,0.035449483372883145,2.086524419264808,3.0241640157378535,0.6899508123258075
ra0.1_q0.2,moderate,0.029853826189179603,0.046418270974879626,0.08298034673549508,1.7876656108195392,3.0241640157378535,0.5911272012749527
ra0.1_q0.5,moderate,0.029853826189179603,0.07155038436053912,0.18468146495488325,2.5811386843749404,3.0241640157378535,0.8535048598365056
ra0.1_q1,circular,0.029853826189179603,0.05927209561543415,0.32461928959288033,5.476764170766912,3.0241640157378535,1.8110010377299786
ra0.3_q1,circular,0.029853826189179603,0.07445173302752967,0.5423953992946767,7.285195081948163,3.0241640157378535,2.4089946987120268
ra10_q0.05,strong,0.029853826189179603,0.326119659099178,0.49532603194334235,1.5188475092594957,3.0241640157378535,0.5022371476399299
ra10_q0.2,moderate,0.029853826189179603,0.630439201634787,2.7117858417718703,4.3014232534080366,3.0241640157378535,1.4223511790442853
ra10_q0.5,moderate,0.029853826189179603,1.0919767470892274,7.741820540102093,7.089730217002043,3.0241640157378535,2.344360352185544
ra10_q1,circular,0.029853826189179603,1.251672748615475,13.487877640074366,10.775881838918234,3.0241640157378535,3.563259724948837
ra1_q0.05,strong,0.029853826189179603,0.08773621580328192,0.11681562867867387,1.331441384941795,3.0241640157378535,0.44026758403741606
ra1_q0.2,moderate,0.029853826189179603,0.2609210400629399,0.32938563725311565,1.2623958465505907,3.0241640157378535,0.41743630305136864
ra1_q0.5,moderate,0.029853826189179603,0.248436948440403,0.7834256048944682,3.1534182407750935,3.0241640157378535,1.0427404811262209
ra1_q1,circular,0.029853826189179603,0.1277844394950547,1.1263028998541706,8.814084909749587,3.0241640157378535,2.9145525387779188
ra3_q1,circular,0.029853826189179603,0.3136277145323096,3.1027301582884435,9.893035642323005,3.0241640157378535,3.271329065103383
ra0.05_q1,circular,0.03,0.05698329300564546,0.2346348788208983,4.117608275072002,3.0241640157378535,1.3615690993093719
ra0.1_q0.05,strong,0.03,0.017010703569652272,0.03553725185644728,2.08911122993449,3.0241640157378535,0.6908061927404345
ra0.1_q0.2,moderate,0.03,0.04646818602525245,0.08305445404101802,1.7873401383880858,3.0241640157378535,0.5910195773399546
ra0.1_q0.5,moderate,0.03,0.07172717867568827,0.18481938721811156,2.576699524928555,3.0241640157378535,0.85203696344488
ra0.1_q1,circular,0.03,0.05941465455803348,0.32500893048551754,5.470181269303921,3.0241640157378535,1.8088242703890758
ra0.3_q1,circular,0.03,0.07463292059963109,0.5430568215434768,7.276371032787388,3.0241640157378535,2.4060768512954005
ra10_q0.05,strong,0.03,0.3263906585074269,0.4954857385452139,1.5180757341863058,3.0241640157378535,0.5019819448568885
ra10_q0.2,moderate,0.03,0.6319808890338987,2.7141173962410656,4.294619415454323,3.0241640157378535,1.4201013546570147
ra10_q0.5,moderate,0.03,1.0946520195486582,7.751254499540815,7.081021512879295,3.0241640157378535,2.3414806459006243
ra10_q1,circular,0.03,1.2547347039644694,13.504501231327176,10.76283391912111,3.0241640157378535,3.558945170668969
ra1_q0.05,strong,0.03,0.08781142158292168,0.1170426635642761,1.332886559110661,3.0241640157378535,0.440745459629264
ra1_q0.2,moderate,0.03,0.26113345313618974,0.3296501434356374,1.2623818950677068,3.0241640157378535,0.41743168971597705
ra1_q0.5,moderate,0.03,0.24903825845671224,0.7840414764975501,3.1482772219668087,3.0241640157378535,1.0410405009725219
ra1_q1,circular,0.03,0.12809673553889458,1.1276978664683706,8.803486378667024,3.0241640157378535,2.9110479236090963
ra3_q1,circular,0.03,0.3143947243212205,3.106571476325177,9.881118339476838,3.0241640157378535,3.2673883718128907
ra0.05_q1,circular,0.03162277660168379,0.05842045221482339,0.23767771288998918,4.068399060246947,3.0241640157378535,1.3452970933702202
ra0.1_q0.05,strong,0.03162277660168379,0.017238582258812776,0.03649779997457293,2.1172158723153918,3.0241640157378535,0.7000995519083382
ra0.1_q0.2,moderate,0.03162277660168379,0.04700996706151452,0.08389733045344291,1.7846711175878878,3.0241640157378535,0.5901370125100351
ra0.1_q0.5,moderate,0.03162277660168379,0.073661978736429,0.18631350706491173,2.529303587289758,3.0241640157378535,0.836364553683985
ra0.1_q1,circular,0.03162277660168379,0.0609741846162739,0.32924123456902865,5.399682449892979,3.0241640157378535,1.7855124331196477
ra0.3_q1,circular,0.03162277660168379,0.07661536330069686,0.5502420431570726,7.18187605529592,3.0241640157378535,2.3748302069336154
ra10_q0.05,strong,0.03162277660168379,0.32932786794785046,0.49721152670536356,1.509776654504373,3.0241640157378535,0.499237689043135
ra10_q0.2,moderate,0.03162277660168379,0.648850256110871,2.7393920894593187,4.221917250798203,3.0241640157378535,1.396060937444927
ra10_q0.5,moderate,0.03162277660168379,1.1239260191775076,7.853737806421207,6.987771145443003,3.0241640157378535,2.31064555661611
ra10_q1,circular,0.03162277660168379,1.2882392359457053,13.68534672789658,10.623296004371479,3.0241640157378535,3.512804182936997
ra1_q0.05,strong,0.03162277660168379,0.08862666044576234,0.11951956583979807,1.3485735019085092,3.0241640157378535,0.4459326593698246
ra1_q0.2,moderate,0.03162277660168379,0.26343544912790645,0.33251650405017213,1.2622314314605572,3.0241640157378535,0.4173819359306775
ra1_q0.5,moderate,0.03162277660168379,0.2556169073827047,0.7907147957485272,3.093358744712001,3.0241640157378535,1.022880613820565
ra1_q1,circular,0.03162277660168379,0.13151360104360535,1.142853499206146,8.690002327798899,3.0241640157378535,2.8735221643323006
ra3_q1,circular,0.03162277660168379,0.32278746595837593,3.148305404636647,9.753493356035786,3.0241640157378535,3.2251866318355327
ra0.05_q1,circular,0.03349654391578278,0.06003233596047715,0.24104780650563615,4.015299465680167,3.0241640157378535,1.3277386559672064
ra0.1_q0.05,strong,0.03349654391578278,0.017491081064274563,0.03757711752727287,2.148358777206969,3.0241640157378535,0.7103975730240939
ra0.1_q0.2,moderate,0.03349654391578278,0.04760920552858684,0.08528660279609183,1.7913889099636766,3.0241640157378535,0.5923583842150185
ra0.1_q0.5,moderate,0.03349654391578278,0.07583589046879628,0.18795997163714862,2.4785094560798666,3.0241640157378535,0.8195684636089902
ra0.1_q1,circular,0.03349654391578278,0.06272515170952288,0.33392898701887747,5.323685601675168,3.0241640157378535,1.7603825632374848
ra0.3_q1,circular,0.03349654391578278,0.07884187049786037,0.5582022016620768,7.0800223046106625,3.0241640157378535,2.341150237806542
ra10_q0.05,strong,0.03349654391578278,0.33256763761700564,0.49910419874107603,1.5007599726701568,3.0241640157378535,0.4962561438004521
ra10_q0.2,moderate,0.03349654391578278,0.6677989784953631,2.76727937147464,4.143880809326298,3.0241640157378535,1.3702566354739358
ra10_q0.5,moderate,0.03349654391578278,1.1568100694006629,7.96727297055072,6.887278371183717,3.0241640157378535,2.277415621422014
ra10_q1,circular,0.03349654391578278,1.3258739801323318,13.887426592878658,10.474167832671844,3.0241640157378535,3.463491985938565
ra1_q0.05,strong,0.03349654391578278,0.08952614231026176,0.12228609116873858,1.3659260637517916,3.0241640157378535,0.4516706291866001
ra1_q0.2,moderate,0.03349654391578278,0.26597408871466016,0.33567713027141804,1.2620670377840304,3.0241640157378535,0.4173275758907884
ra1_q0.5,moderate,0.03349654391578278,0.2630043709282338,0.7980718070860819,3.034443132140387,3.0241640157378535,1.003398994349857
ra1_q1,circular,0.03349654391578278,0.13535003966187473,1.1596473034179735,8.567764784664647,3.0241640157378535,2.833101888679881
ra3_q1,circular,0.03349654391578278,0.3322147353437925,3.1945500946598515,9.61591932806343,3.0241640157378535,3.179695042339587
ra0.05_q1,circular,0.03548133892335755,0.061677723693909156,0.24446568554819637,3.9635977287588844,3.0241640157378535,1.310642448006188
ra0.1_q0.05,strong,0.03548133892335755,0.017747278297240578,0.03868835279502353,2.1799597745102672,3.0241640157378535,0.7208470715099055
ra0.1_q0.2,moderate,0.03548133892335755,0.04821608251920777,0.08669888037182284,1.7981319892026637,3.0241640157378535,0.594588117524421
ra0.1_q0.5,moderate,0.03548133892335755,0.07807395866697116,0.18962098612382988,2.4287353857983405,3.0241640157378535,0.8031096769748989
ra0.1_q1,circular,0.03548133892335755,0.06452640050446144,0.3386834839123857,5.248758357270659,3.0241640157378535,1.735606379136826
ra0.3_q1,circular,0.03548133892335755,0.0811330818755623,0.5662748788205866,6.979580532748769,3.0241640157378535,2.307937167569878
ra10_q0.05,strong,0.03548133892335755,0.3358392785868636,0.5010040753712968,1.4917971402255557,3.0241640157378535,0.4932924049298226
ra10_q0.2,moderate,0.03548133892335755,0.6873010705928558,2.7954505487750487,4.067286766138359,3.0241640157378535,1.344929291193222
ra10_q0.5,moderate,0.03548133892335755,1.1906562476826295,8.082449421136646,6.788230807059126,3.0241640157378535,2.244663573712583
ra10_q1,circular,0.03548133892335755,1.3646081893332747,14.09249039919909,10.32713309897726,3.0241640157378535,3.41487202586715
ra1_q0.05,strong,0.03548133892335755,0.0904347531165547,0.1251166533969256,1.383501907012141,3.0241640157378535,0.45748243144629375
ra1_q0.2,moderate,0.03548133892335755,0.26853719232466045,0.3388677987852682,1.261902665518221,3.0241640157378535,0.41727322293077895
ra1_q0.5,moderate,0.03548133892335755,0.27060533606955045,0.8054972699261402,2.9766496168394583,3.0241640157378535,0.9842884186667361
ra1_q1,circular,0.03548133892335755,0.1392983926460724,1.176687886293996,8.447246690661462,3.0241640157378535,2.7932501830924843
ra3_q1,circular,0.03548133892335755,0.3419177307470463,3.2414740616528794,9.480274844392174,3.0241640157378535,3.1348414950566497
ra0.05_q1,circular,0.03758374042884443,0.06329427675964211,0.24788627638367733,3.916409019491875,3.0241640157378535,1.2950385624294012
ra0.1_q0.05,strong,0.03758374042884443,0.01800722812971362,0.0398324496525275,2.2120256024746094,3.0241640157378535,0.7314502755019742
ra0.1_q0.2,moderate,0.03758374042884443,0.0488306954020297,0.08813454412880067,1.8049004504887158,3.0241640157378535,0.5968262439126819
ra0.1_q0.5,moderate,0.03758374042884443,0.08037807671606383,0.19129667910349532,2.379960891316824,3.0241640157378535,0.7869814199664521
ra0.1_q1,circular,0.03758374042884443,0.06637937491716007,0.3435056755601355,5.174885662735189,3.0241640157378535,1.7111789029314899
ra0.3_q1,circular,0.03758374042884443,0.08349087779196374,0.5744639073687164,6.880558961185224,3.0241640157378535,2.2751937148178993
ra10_q0.05,strong,0.03758374042884443,0.33914310439200007,0.5029111840208416,1.4828878355714685,3.0241640157378535,0.49034636608810545
ra10_q0.2,moderate,0.03758374042884443,0.7073726927561718,2.823908511442584,3.9921084604491126,3.0241640157378535,1.3200700886836967
ra10_q0.5,moderate,0.03758374042884443,1.2254927041568393,8.199290884935829,6.690607669163634,3.0241640157378535,2.2123825408759186
ra10_q1,circular,0.03758374042884443,1.4044739834245652,14.300582208179444,10.182162415931668,3.0241640157378535,3.3669345852087864
ra1_q0.05,strong,0.03758374042884443,0.09135258551528991,0.1280127347896477,1.4013039047288036,3.0241640157378535,0.46336901617649373
ra1_q0.2,moderate,0.03758374042884443,0.2711249957095424,0.3420887951488501,1.2617383146603405,3.0241640157378535,0.4172188770497271
ra1_q0.5,moderate,0.03758374042884443,0.27838686758493614,0.8129918211588716,2.9203669993909713,3.0241640157378535,0.9656774514190636
ra1_q1,circular,0.03758374042884443,0.14336192469727865,1.1939788741542745,8.328423859232263,3.0241640157378535,2.7539590498038
ra3_q1,circular,0.03758374042884443,0.35190589571962166,3.289087283349424,9.346496672422843,3.0241640157378535,3.090605080869739
ra0.05_q1,circular,0.039810717055349734,0.06495319915513983,0.2513229725168824,3.8692932108948304,3.0241640157378535,1.2794587829095563
ra0.1_q0.05,strong,0.039810717055349734,0.018270985527170484,0.04143415121339307,2.2677567749028653,3.0241640157378535,0.7498788964822612
ra0.1_q0.2,moderate,0.039810717055349734,0.049453142786868264,0.08959398132338532,1.8116943893639863,3.0241640157378535,0.5990727949727153
ra0.1_q0.5,moderate,0.039810717055349734,0.08275019387875082,0.19298718029094136,2.3321658988946243,3.0241640157378535,0.7711770548019065
ra0.1_q1,circular,0.039810717055349734,0.06828556032795051,0.34839652580327646,5.102052675998493,3.0241640157378535,1.6870952267956485
ra0.3_q1,circular,0.039810717055349734,0.08591719325002303,0.5827713593028558,6.7829422407569115,3.0241640157378535,2.242914804044439
ra10_q0.05,strong,0.039810717055349734,0.34247943165139344,0.504825552218921,1.4740317390294497,3.0241640157378535,0.48741792156726216
ra10_q0.2,moderate,0.039810717055349734,0.7280304772775928,2.8526561789806073,3.918319724261914,3.0241640157378535,1.2956703749766358
ra10_q0.5,moderate,0.039810717055349734,1.2613484125789067,8.307004374207038,6.585812683763435,3.0241640157378535,2.177729993972099
ra10_q1,circular,0.039810717055349734,1.445504420635362,14.51174673175729,10.039226808714114,3.0241640157378535,3.319670082862448
ra1_q0.05,strong,0.039810717055349734,0.09227973309743787,0.1309758519222618,1.4193349669094169,3.0241640157378535,0.46933134562912227
ra1_q0.2,moderate,0.039810717055349734,0.2737377368928009,0.34558550853508857,1.262469371076974,3.0241640157378535,0.41746061539884743
ra1_q0.5,moderate,0.039810717055349734,0.28634825387663265,0.8205561036002327,2.8655879422744888,3.0241640157378535,0.9475636663097208
ra1_q1,circular,0.039810717055349734,0.14754399575254315,1.2115239466062842,8.211272444039132,3.0241640157378535,2.715220603547753
ra3_q1,circular,0.039810717055349734,0.36218583684344074,3.3373998840436725,9.214606272653075,3.0241640157378535,3.046992896119373
ra0.05_q1,circular,0.042169650342858224,0.06665560136674696,0.2548073150163337,3.8227442224150656,3.0241640157378535,1.264066433738836
ra0.1_q0.05,strong,0.042169650342858224,0.018538606260184175,0.043743530173810496,2.3595910911468874,3.0241640157378535,0.7802457402665643
ra0.1_q0.2,moderate,0.042169650342858224,0.050083524540523464,0.09107758562459073,1.8185139017302636,3.0241640157378535,0.6013278024163553
ra0.1_q0.5,moderate,0.042169650342858224,0.08519231694433335,0.19469262054726277,2.285330737917123,3.0241640157378535,0.7556900770011756
ra0.1_q1,circular,0.042169650342858224,0.07021619193900715,0.35335701220617477,5.032414923798718,3.0241640157378535,1.664068118531223
ra0.3_q1,circular,0.042169650342858224,0.0884140194855194,0.591198947170259,6.68671044038538,3.0241640157378535,2.2110938446418613
ra10_q0.05,strong,0.042169650342858224,0.34584858009876807,0.5067472075995374,1.4652285328302335,3.0241640157378535,0.4845069662905629
ra10_q0.2,moderate,0.042169650342858224,0.7492915421711621,2.881696500613311,3.845894873260213,3.0241640157378535,1.2717216570417622
ra10_q0.5,moderate,0.042169650342858224,1.2982531944243305,8.41042504782885,6.478262548437779,3.0241640157378535,2.1421664019294844
ra10_q1,circular,0.042169650342858224,1.4877335249610912,14.72602934209334,9.898297709247677,3.0241640157378535,3.2730690722251157
ra1_q0.05,strong,0.042169650342858224,0.09321629040383428,0.13400755647436988,1.4375980410056923,3.0241640157378535,0.47537039443772977
ra1_q0.2,moderate,0.042169650342858224,0.27637565619168397,0.35011976022433905,1.2668256135464728,3.0241640157378535,0.4189010936423649
ra1_q0.5,moderate,0.042169650342858224,0.2945373221428257,0.8277793609775452,2.810439624273294,3.0241640157378535,0.9293277777421032
ra1_q1,circular,0.042169650342858224,0.15184806376305365,1.229326837327955,8.095768934177638,3.0241640157378535,2.6770270699760257
ra3_q1,circular,0.042169650342858224,0.37276607753823765,3.3864221367431018,9.084577006328397,3.0241640157378535,3.0039961321713853
ra0.05_q1,circular,0.04466835921509633,0.06840262298629368,0.25833996445140617,3.77675523500278,3.0241640157378535,1.2488592600627533
ra0.1_q0.05,strong,0.04466835921509633,0.018810146916216373,0.046181624964687515,2.4551442989992798,3.0241640157378535,0.8118423095515404
ra0.1_q0.2,moderate,0.04466835921509633,0.05072194180280255,0.09258575722027337,1.825359083850329,3.0241640157378535,0.603591298074806
ra0.1_q0.5,moderate,0.04466835921509633,0.0877065119264626,0.1964131318899823,2.239436132800089,3.0241640157378535,0.74051411270883
ra0.1_q1,circular,0.04466835921509633,0.0722011689874226,0.35838812625180466,4.963744095531689,3.0241640157378535,1.6413607429028962
ra0.3_q1,circular,0.04466835921509633,0.09098340560122652,0.5997484082837116,6.591843911760834,3.0241640157378535,2.1797243395056127
ra10_q0.05,strong,0.04466835921509633,0.3492508726132352,0.5086761779018839,1.4564779011023354,3.0241640157378535,0.4816133958088167
ra10_q0.2,moderate,0.04466835921509633,0.7711764988323685,2.9110324555882823,3.7747940451969826,3.0241640157378535,1.2482107536340041
ra10_q0.5,moderate,0.04466835921509633,1.336237743691251,8.515133289778614,6.372468769110078,3.0241640157378535,2.1071835839417212
ra10_q1,circular,0.04466835921509633,1.531196314377434,14.943476081320366,9.759346950489626,3.0241640157378535,3.2271222393037045
ra1_q0.05,strong,0.04466835921509633,0.09416235293482039,0.13710943604237885,1.4560961123952225,3.0241640157378535,0.4814871497768138
ra1_q0.2,moderate,0.04466835921509633,0.2790389962392969,0.3547135035238385,1.2711968875477355,3.0241640157378535,0.4203465423609246
ra1_q0.5,moderate,0.04466835921509633,0.3029605836969487,0.8347277468665563,2.7552354721547996,3.0241640157378535,0.9110734265127353
ra1_q1,circular,0.04466835921509633,0.15627768755334787,1.2473913348622157,7.981890149458469,3.0241640157378535,2.6393707840978324
ra3_q1,circular,0.04466835921509633,0.383655390211485,3.436164465352889,8.956382610599446,3.0241640157378535,2.9616061046921143
ra0.05_q1,circular,0.04731512589614805,0.07019543347394122,0.26192159054961056,3.731319511643791,3.0241640157378535,1.23383503415353
ra0.1_q0.05,strong,0.04731512589614805,0.019085664911582683,0.04875560970741983,2.5545669974448253,3.0241640157378535,0.8447184028877966
ra0.1_q0.2,moderate,0.04731512589614805,0.05136849700274705,0.09411890292507875,1.8322300323493117,3.0241640157378535,0.6058633138990887
ra0.1_q0.5,moderate,0.04731512589614805,0.0902949058109681,0.19814884750326994,2.194463195056579,3.0241640157378535,0.7256429160708603
ra0.1_q1,circular,0.04731512589614805,0.07424226035610987,0.3634908735399223,4.89601032883973,3.0241640157378535,1.6189632253279664
ra0.3_q1,circular,0.04731512589614805,0.093625485536145,0.6084215050796703,6.4984603454449745,3.0241640157378535,2.1488452053614697
ra10_q0.05,strong,0.04731512589614805,0.3526866352502359,0.510612490970745,1.447779529860718,3.0241640157378535,0.4787371062966239
ra10_q0.2,moderate,0.04731512589614805,0.7937011927951136,2.940667053482141,3.705005208731299,3.0241640157378535,1.225133686351112
ra10_q0.5,moderate,0.04731512589614805,1.375338029473357,8.621145130044736,6.268382714136056,3.0241640157378535,2.072765458988063
ra10_q1,circular,0.04731512589614805,1.5759288298785594,15.164133671436108,9.622346760801788,3.0241640157378535,3.1818204008535136
ra1_q0.05,strong,0.04731512589614805,0.09511801715998092,0.1402831149708684,1.4748322048694875,3.0241640157378535,0.48768261152318787
ra1_q0.2,moderate,0.04731512589614805,0.28172800200691916,0.35936751899274705,1.2755832449481577,3.0241640157378535,0.42179697870551286
ra1_q0.5,moderate,0.04731512589614805,0.3116247360648163,0.841734457556521,2.7011156693974536,3.0241640157378535,0.8931776369736413
ra1_q1,circular,0.04731512589614805,0.1608365297639319,1.265721283423214,7.869613235755452,3.0241640157378535,2.6022441887416536
ra3_q1,circular,0.04731512589614805,0.3948628035318693,3.486637446892408,8.829997193217523,3.0241640157378535,2.9198142518943793
ra0.05_q1,circular,0.05011872336272725,0.07203523294102106,0.2655528723235622,3.686430396372619,3.0241640157378535,1.218991555083755
ra0.1_q0.05,strong,0.05011872336272725,0.019365218503593132,0.05147305838111791,2.6580158840741874,3.0241640157378535,0.878925835451312
ra0.1_q0.2,moderate,0.05011872336272725,0.05202329387506683,0.09567743629017589,1.8391268442160513,3.0241640157378535,0.6081438819604928
ra0.1_q0.5,moderate,0.05011872336272725,0.09286758713676828,0.19989990174825303,2.152526063306197,3.0241640157378535,0.7117755690843411
ra0.1_q1,circular,0.05011872336272725,0.07634105236917395,0.36859181005546177,4.82822542546318,3.0241640157378535,1.5965487983908706
ra0.3_q1,circular,0.05011872336272725,0.09633342771447366,0.6172200254815831,6.4071220149145445,3.0241640157378535,2.118642369121404
ra10_q0.05,strong,0.05011872336272725,0.35615619727278863,0.5125561747568984,1.4391331069955222,3.0241640157378535,0.47587799454865015
ra10_q0.2,moderate,0.05011872336272725,0.8168837930074445,2.970603334509297,3.6365066364858394,3.0241640157378535,1.2024832706034903
ra10_q0.5,moderate,0.05011872336272725,1.4156651583732385,8.728476798186026,6.165636518324748,3.0241640157378535,2.038790385124141
ra10_q1,circular,0.05011872336272725,1.6219681653636873,15.388049524342305,9.487269758399917,3.0241640157378535,3.1371545025427983
ra1_q0.05,strong,0.05011872336272725,0.09608338052798131,0.14353025520320306,1.4938093811281372,3.0241640157378535,0.4939577924194263
ra1_q0.2,moderate,0.05011872336272725,0.2844429208265369,0.3640825974315445,1.279984737794106,3.0241640157378535,0.4232524198862963
ra1_q0.5,moderate,0.05011872336272725,0.32053666830997896,0.8487999826262367,2.648058916633507,3.0241640157378535,0.8756333660651068
ra1_q1,circular,0.05011872336272725,0.16552835987974013,1.2843205837143865,7.758915660418992,3.0241640157378535,2.5656398330385946
ra3_q1,circular,0.05011872336272725,0.40639760991524376,3.537851813744293,8.705395227304928,3.0241640157378535,2.8786121328081915
ra0.05_q1,circular,0.053088444423098846,0.07392325295339214,0.26923449819970924,3.6420813132974392,3.0241640157378535,1.2043266484039632
ra0.1_q0.05,strong,0.053088444423098846,0.01964886680287042,0.05434196710912555,2.7656540020509963,3.0241640157378535,0.9145185207080164
ra0.1_q0.2,moderate,0.053088444423098846,0.05268643747678333,0.09726177771480864,1.846049616804472,3.0241640157378535,0.6104330344510306
ra0.1_q0.5,moderate,0.053088444423098846,0.09528211456746027,0.2016664301734169,2.1165192553596817,3.0241640157378535,0.6998692016521731
ra0.1_q1,circular,0.053088444423098846,0.0784991761953182,0.37375088946141305,4.761207793206167,3.0241640157378535,1.5743880849149312
ra0.3_q1,circular,0.053088444423098846,0.09911969205902853,0.6261457832684608,6.31706747934178,3.0241640157378535,2.0888640452262326
ra10_q0.05,strong,0.053088444423098846,0.3596598911830432,0.5145072573175185,1.430538322260872,3.0241640157378535,0.47303595797592374
ra10_q0.2,moderate,0.053088444423098846,0.8407435157407988,3.0008443698338407,3.5692744739038833,3.0241640157378535,1.1802516184073537
ra10_q0.5,moderate,0.053088444423098846,1.4571747437241567,8.837144725816307,6.064574454008777,3.0241640157378535,2.005372202846315
ra10_q1,circular,0.053088444423098846,1.6693524983967527,15.615271752031852,9.354088945880974,3.0241640157378535,3.093115617143109
ra1_q0.05,strong,0.053088444423098846,0.09705854147650432,0.1468525571518329,1.513030743279638,3.0241640157378535,0.5003137182394123
ra1_q0.2,moderate,0.053088444423098846,0.28718400241359204,0.3688595400164013,1.2844014183115364,3.0241640157378535,0.42471288317282635
ra1_q0.5,moderate,0.053088444423098846,0.3297034665113724,0.8559248157640285,2.5960443328687455,3.0241640157378535,0.8584337090709504
ra1_q1,circular,0.053088444423098846,0.1703570573469387,1.3031931937585444,7.649775207754036,3.0241640157378535,2.529550370927087
ra3_q1,circular,0.053088444423098846,0.41826937322925783,3.5898184559365287,8.58255154619918,3.0241640157378535,2.8379914255758902
ra0.05_q1,circular,0.05623413251903491,0.07586075735585368,0.2729671661488466,3.5982657656367767,3.0241640157378535,1.1898381658241015
ra0.1_q0.05,strong,0.05623413251903491,0.019936669785848685,0.05737077768770318,2.87765099708005,3.0241640157378535,0.9515525553854405
ra0.1_q0.2,moderate,0.05623413251903491,0.05335803420408534,0.09887235455969448,1.8529984478349533,3.0241640157378535,0.6127308036838893
ra0.1_q0.5,moderate,0.05623413251903491,0.09775941893565335,0.20344856952509757,2.0811147584562706,3.0241640157378535,0.6881620003498745
ra0.1_q1,circular,0.05623413251903491,0.08071830911557931,0.3789821790999056,4.6951203915489215,3.0241640157378535,1.5525349706944973
ra0.3_q1,circular,0.05623413251903491,0.10198654389207956,0.6352006184487816,6.228278694500523,3.0241640157378535,2.0595042669935713
ra10_q0.05,strong,0.05623413251903491,0.3631980527541465,0.5164657668165812,1.4219948672637395,3.0241640157378535,0.47021089460215426
ra10_q0.2,moderate,0.05623413251903491,0.8653001385397261,3.0539673356954973,3.5293734505224386,3.0241640157378535,1.1670575511630512
ra10_q0.5,moderate,0.05623413251903491,1.4999014570560907,8.947165549119967,5.96516891628393,3.0241640157378535,1.972501784043784
ra10_q1,circular,0.05623413251903491,1.718127093934854,15.845849176926519,9.22274564720143,3.0241640157378535,3.049684342253246
ra1_q0.05,strong,0.05623413251903491,0.09804359944228772,0.15025176058873954,1.5324994333483604,3.0241640157378535,0.5067514279560171
ra1_q0.2,moderate,0.05623413251903491,0.289951498889951,0.3736991584353134,1.2888333389066158,3.0241640157378535,0.4261783858942447
ra1_q0.5,moderate,0.05623413251903491,0.33913241939762023,0.8631094548022449,2.545051447264559,3.0241640157378535,0.8415718969011019
ra1_q1,circular,0.05623413251903491,0.175326614780651,1.322343129740163,7.542169974561651,3.0241640157378535,2.493968559678622
ra3_q1,circular,0.05623413251903491,0.43048793672305985,3.642802401338684,8.462031315135691,3.0241640157378535,2.7981390133269852
ra0.05_q1,circular,0.05956621435290106,0.07784904311816593,0.27675158381843834,3.554977334767765,3.0241640157378535,1.1755239848988153
ra0.1_q0.05,strong,0.05956621435290106,0.02022868830745533,0.06056840242610839,2.994183384781591,3.0241640157378535,0.9900863078853388
ra0.1_q0.2,moderate,0.05956621435290106,0.05403819180939929,0.10050960126230063,1.8599734353957085,3.0241640157378535,0.6150372220938887
ra0.1_q0.5,moderate,0.05956621435290106,0.10030113242155472,0.2052464577580674,2.046302497318165,3.0241640157378535,0.6766506335863851
ra0.1_q1,circular,0.05956621435290106,0.08300017582690006,0.38428668967794233,4.629950308531713,3.0241640157378535,1.53098518613319
ra0.3_q1,circular,0.05956621435290106,0.10493631405610943,0.6443863976398005,6.140737869783069,3.0241640157378535,2.030557151605025
ra10_q0.05,strong,0.05956621435290106,0.3667710210624205,0.518431731525271,1.4135024354528802,3.0241640157378535,0.46740270306007375
ra10_q0.2,moderate,0.05956621435290106,0.8905740166156776,3.117797600277739,3.500885431315259,3.0241640157378535,1.1576374208199458
ra10_q0.5,moderate,0.05956621435290106,1.5438809865241898,9.058556111398829,5.867392752722975,3.0241640157378535,1.9401701502262647
ra10_q1,circular,0.05956621435290106,1.7683491857777436,16.079831342367186,9.093131306696682,3.0241640157378535,3.006824781782904
ra1_q0.05,strong,0.05956621435290106,0.09903865487126393,0.153729645556493,1.5522186337881863,3.0241640157378535,0.5132719739109344
ra1_q0.2,moderate,0.05956621435290106,0.2927456648070946,0.37860227502602184,1.2932805521663409,3.0241640157378535,0.4276489454394882
ra1_q0.5,moderate,0.05956621435290106,0.34883102414246636,0.8703544017520427,2.495060191081458,3.0241640157378535,0.825041293427565
ra1_q1,circular,0.05956621435290106,0.18044114126625688,1.3417744668600449,7.436078365743309,3.0241640157378535,2.4588872584442183
ra3_q1,circular,0.05956621435290106,0.4430634311886409,3.697224524262665,8.344684449230739,3.0241640157378535,2.7593359374044244
ra0.05_q1,circular,0.06309573444801933,0.07988944120324434,0.28058846866677534,3.5122096792858843,3.0241640157378535,1.1613820087165327
ra0.1_q0.05,strong,0.06309573444801933,0.020563251865888633,0.06492894675955388,3.1575232936411832,3.0241640157378535,1.0440978985297502
ra0.1_q0.2,moderate,0.06309573444801933,0.05472701941867735,0.10217395945402966,1.8669746779441732,3.0241640157378535,0.6173523222379383
ra0.1_q0.5,moderate,0.06309573444801933,0.10290892964153256,0.20706023404621401,2.0120725652037827,3.0241640157378535,0.665331825500498
ra0.1_q1,circular,0.06309573444801933,0.08534654978255338,0.3896654460491171,4.565684811417801,3.0241640157378535,1.509734520898278
ra0.3_q1,circular,0.06309573444801933,0.10797140080886306,0.6537050144523446,6.054427464635467,3.0241640157378535,2.002016898927445
ra10_q0.05,strong,0.06309573444801933,0.3703791385198574,0.5204051798223884,1.4050607221078344,3.0241640157378535,0.4646112825877995
ra10_q0.2,moderate,0.06309573444801933,0.9165860997196278,3.182961966449416,3.472627358655171,3.0241640157378535,1.1482933268776094
ra10_q0.5,moderate,0.06309573444801933,1.589150066717862,9.171333465650708,5.771219255959034,3.0241640157378535,1.908368470071534
ra10_q1,circular,0.06309573444801933,1.8200393055203026,16.3172685232591,8.96533853624354,3.0241640157378535,2.9645675596917394
ra1_q0.05,strong,0.06309573444801933,0.10004380922880213,0.15728803330039715,1.5721915680027374,3.0241640157378535,0.5198764219867039
ra1_q0.2,moderate,0.06309573444801933,0.2955667571695313,0.38356972291574293,1.2977431108591648,3.0241640157378535,0.42912457925749564
ra1_q0.5,moderate,0.06309573444801933,0.3588069923259476,0.877660162838464,2.44605088978082,3.0241640157378535,0.8088353928727038
ra1_q1,circular,0.06309573444801933,0.18570486575699557,1.3614913402025413,7.331479089966997,3.0241640157378535,2.424299426821339
ra3_q1,circular,0.06309573444801933,0.45600780744875485,3.752459693610043,8.228937382901577,3.0241640157378535,2.721061867040909
ra0.05_q1,circular,0.06683439175686148,0.08198331745810927,0.2844785480989926,3.4699565340759917,3.0241640157378535,1.1474101655922821
ra0.1_q0.05,strong,0.06683439175686148,0.02090829074509303,0.06967859473969273,3.3325820646551714,3.0241640157378535,1.1019845641017814
ra0.1_q0.2,moderate,0.06683439175686148,0.05542462754890583,0.103865878079345,1.8740022743083906,3.0241640157378535,0.6196761367954973
ra0.1_q0.5,moderate,0.06683439175686148,0.10558452875144263,0.20889003879331378,1.9784152210885315,3.0241640157378535,0.6542023550286263
ra0.1_q1,circular,0.06683439175686148,0.08775925457046002,0.39511948741162145,4.502311344205738,3.0241640157378535,1.4887788230980712
ra0.3_q1,circular,0.06683439175686148,0.11109427177320827,0.6631583898811741,5.9693301850429235,3.0241640157378535,1.9738777903507627
ra10_q0.05,strong,0.06683439175686148,0.37402275090693443,0.52238614019476,1.396669424327992,3.0241640157378535,0.4618365330252183
ra10_q0.2,moderate,0.06683439175686148,0.9433579495075176,3.249488317959134,3.444597376484226,3.0241640157378535,1.1390246555935533
ra10_q0.5,moderate,0.06683439175686148,1.6357465093439163,9.285514877180107,5.676622156390508,3.0241640157378535,1.8770880570131683
ra10_q1,circular,0.06683439175686148,1.8732403646748794,16.558211736874206,8.839341735916554,3.0241640157378535,2.922904210855071
ra1_q0.05,strong,0.06683439175686148,0.10105916501005513,0.16092878722221143,1.5924215008722804,3.0241640157378535,0.5265658517809432
ra1_q0.2,moderate,0.06683439175686148,0.2984150354584365,0.3886023461627315,1.3022210679356212,3.0241640157378535,0.4306053048574145
ra1_q0.5,moderate,0.06683439175686148,0.36906825606604526,0.8850272485358077,2.398004255281795,3.0241640157378535,0.7929478172488326
ra1_q1,circular,0.06683439175686148,0.19112214057068153,1.3814979456155205,7.228351155394315,3.0241640157378535,2.3901981234409666
ra3_q1,circular,0.06683439175686148,0.46933682715034925,3.8085200559942014,8.114684030056232,3.0241640157378535,2.683281722759459
ra0.05_q1,circular,0.0707945784384138,0.08413207352818697,0.28842255960497193,3.4282117093945277,3.0241640157378535,1.133606408764206
ra0.1_q0.05,strong,0.0707945784384138,0.02125911916716442,0.07477568645734946,3.5173464088222226,3.0241640157378535,1.1630805705371239
ra0.1_q0.2,moderate,0.0707945784384138,0.05613112812583666,0.10558581351686948,1.881056323688411,3.0241640157378535,0.6220086985690357
ra0.1_q0.5,moderate,0.0707945784384138,0.10832969257864096,0.21073601364390018,1.9453208868927443,3.0241640157378535,0.6432590549881645
ra0.1_q1,circular,0.0707945784384138,0.09024016533047,0.40064986750902143,4.439817525176234,3.0241640157378535,1.4681139984707412
ra0.3_q1,circular,0.0707945784384138,0.11430746594339221,0.6727484727009868,5.885428980064591,3.0241640157378535,1.9461341876421439
ra10_q0.05,strong,0.0707945784384138,0.37770220740575144,0.5243746412376498,1.3883282410217253,3.0241640157378535,0.459078354810393
ra10_q0.2,moderate,0.0707945784384138,0.9709117574129096,3.3174051213472744,3.416793643726005,3.0241640157378535,1.1298307981792302
ra10_q0.5,moderate,0.0707945784384138,1.6837092348093805,9.401117826241393,5.583575615005599,3.0241640157378535,1.8463203668678285
ra10_q1,circular,0.0707945784384138,1.9279965290882184,16.802712753813108,8.715115665565742,3.0241640157378535,2.881826389115134
ra1_q0.05,strong,0.0707945784384138,0.10208482575041021,0.167320451589494,1.63903352295061,3.0241640157378535,0.5419790442651334
ra1_q0.2,moderate,0.0707945784384138,0.301290761655519,0.3937009998997014,1.3067144765289542,3.0241640157378535,0.43209113980880903
ra1_q0.5,moderate,0.0707945784384138,0.379622974325692,0.8924561736032971,2.3509013783702866,3.0241640157378535,0.7773723138480965
ra1_q1,circular,0.0707945784384138,0.1966971668927672,1.4017985406032631,7.126683941347652,3.0241640157378535,2.356579836364742
ra3_q1,circular,0.0707945784384138,0.48305545151068713,3.865417939494442,8.002017009446634,3.0241640157378535,2.6460261307931257
ra0.05_q1,circular,0.07498942093324558,0.08633714779557422,0.29242125089915766,3.3869690899627756,3.0241640157378535,1.1199687160937277
ra0.1_q0.05,strong,0.07498942093324558,0.021615834277116417,0.08024563793308916,3.712354420575898,3.0241640157378535,1.2275638494660601
ra0.1_q0.2,moderate,0.07498942093324558,0.05684663450194519,0.107334229702489,1.8881369256576872,3.0241640157378535,0.6243500404844968
ra0.1_q0.5,moderate,0.07498942093324558,0.11114622978342854,0.21259830149422884,1.912780144755989,3.0241640157378535,0.6324988111761847
ra0.1_q1,circular,0.07498942093324558,0.09273902430570524,0.40625765483384524,4.380654830858001,3.0241640157378535,1.4485506765046217
ra0.3_q1,circular,0.07498942093324558,0.11761359574932495,0.6824772398681502,5.80270703841709,3.0241640157378535,1.918780531816265
ra10_q0.05,strong,0.07498942093324558,0.3814178606334943,0.5263707116551711,1.3800368728955839,3.0241640157378535,0.4563366489759896
ra10_q0.2,moderate,0.07498942093324558,0.9992703630416719,3.38674143812679,3.389214334164692,3.0241640157378535,1.120711150760046
ra10_q0.5,moderate,0.07498942093324558,1.7330783047303786,9.518160010714869,5.492054216324429,3.0241640157378535,1.8160569955014312
ra10_q1,circular,0.07498942093324558,1.9843532556065602,17.050824109128765,8.592635439760354,3.0241640157378535,2.841325865609135
ra1_q0.05,strong,0.07498942093324558,0.10312089603604703,0.1748974063360301,1.6960423450441393,3.0241640157378535,0.5608301455271197
ra1_q0.2,moderate,0.07498942093324558,0.30419420026711796,0.3988665504791279,1.3112233899557473,3.0241640157378535,0.4335821017418684
ra1_q0.5,moderate,0.07498942093324558,0.39047953940014735,0.8999474571210485,2.304723721257055,3.0241640157378535,0.7621027527816592
ra1_q1,circular,0.07498942093324558,0.2024304540647787,1.422397445232482,7.026598106514685,3.0241640157378535,2.3234844637883483
ra3_q1,circular,0.07498942093324558,0.4971750685983223,3.9231658563670173,7.8909142958989,3.0241640157378535,2.6092878080799555
ra0.05_q1,circular,0.07943282347242818,0.0886000163418944,0.2964753800623093,3.3462226340710197,3.0241640157378535,1.1064950897693253
ra0.1_q0.05,strong,0.07943282347242818,0.021978534849996928,0.08325923575131768,3.7882068263221518,3.0241640157378535,1.2526459565712023
ra0.1_q0.2,moderate,0.07943282347242818,0.05757126147461656,0.10911159825449489,1.8952441801644855,3.0241640157378535,0.6267001955917634
ra0.1_q0.5,moderate,0.07943282347242818,0.11403599605069309,0.21447704650333885,1.8807837343569667,3.0241640157378535,0.6219185614832078
ra0.1_q1,circular,0.07943282347242818,0.09528100813799908,0.41194393283402114,4.323463205147737,3.0241640157378535,1.429639127589736
ra0.3_q1,circular,0.07943282347242818,0.12101534918056929,0.6923466969282432,5.721147785106001,3.0241640157378535,1.8918113420214482
ra10_q0.05,strong,0.07943282347242818,0.3851700666762278,0.5283743802607024,1.3717950224435573,3.0241640157378535,0.4536113171457265
ra10_q0.2,moderate,0.07943282347242818,1.0284860741986162,3.4575269372185944,3.3617634929210465,3.0241640157378535,1.1116339839460803
ra10_q0.5,moderate,0.07943282347242818,1.7838949553942245,9.63665934881619,5.402032961456846,3.0241640157378535,1.7862896765335745
ra10_q1,circular,0.07943282347242818,2.042357329812486,17.302599113614566,8.471876522803754,3.0241640157378535,2.801394527120823
ra1_q0.05,strong,0.07943282347242818,0.10416748151460198,0.18281747659944228,1.7550340465303014,3.0241640157378535,0.5803369253112741
ra1_q0.2,moderate,0.07943282347242818,0.307125618348532,0.4040998756204565,1.3157478617165574,3.0241640157378535,0.4350782083476162
ra1_q0.5,moderate,0.07943282347242818,0.4016465835899019,0.9075016225263405,2.2594531102819935,3.0241640157378535,0.7471331245672265
ra1_q1,circular,0.07943282347242818,0.20833085387148656,1.4432990430516515,6.927917858686366,3.0241640157378535,2.2908538765203352
ra3_q1,circular,0.07943282347242818,0.5117073993528418,3.981776505796674,7.781354170044132,3.0241640157378535,2.573059572678498
ra0.05_q1,circular,0.08413951416451952,0.09092219393638984,0.3005857156852205,3.3059663726934874,3.0241640157378535,1.0931835560138685
ra0.1_q0.05,strong,0.08413951416451952,0.022347321318239213,0.08590974011425272,3.844296991610165,3.0241640157378535,1.2711932856830221
ra0.1_q0.2,moderate,0.08413951416451952,0.05830512530456404,0.11091839860079798,1.9023781875332915,3.0241640157378535,0.6290591970651228
ra0.1_q0.5,moderate,0.08413951416451952,0.11700089531253326,0.21637239410421202,1.8493225502782455,3.0241640157378535,0.6115152950218002
ra0.1_q1,circular,0.08413951416451952,0.09789266794383288,0.41770980012220316,4.2670182445315445,3.0241640157378535,1.4109744783437124
ra0.3_q1,circular,0.08413951416451952,0.12451549197176177,0.7023588784294911,5.6407348781047695,3.0241640157378535,1.8652212144414757
ra10_q0.05,strong,0.08413951416451952,0.38895918512302047,0.5303856759773017,1.363602393936399,3.0241640157378535,0.4509022615308447
ra10_q0.2,moderate,0.08413951416451952,1.0585607796407488,3.529791907646848,3.3345198268584806,3.0241640157378535,1.1026253237276566
ra10_q0.5,moderate,0.08413951416451952,1.8362016322026722,9.756633981839498,5.313487261274039,3.0241640157378535,1.7570102790795965
ra10_q1,circular,0.08413951416451952,2.1020569048648365,17.558091865258977,8.352814723818321,3.0241640157378535,2.762024374455217
ra1_q0.05,strong,0.08413951416451952,0.10522468890594111,0.19109620005441097,1.816077595869437,3.0241640157378535,0.6005221894111916
ra1_q0.2,moderate,0.08413951416451952,0.31008528552858283,0.40940186455924304,1.320287945496548,3.0241640157378535,0.43657947737811975
ra1_q0.5,moderate,0.08413951416451952,0.41309921592097015,0.9151191976501877,2.2152528070284663,3.0241640157378535,0.7325174148955594
ra1_q1,circular,0.08413951416451952,0.2144032372764125,1.4645077820238501,6.830623458058054,3.0241640157378535,2.2586815472015584
ra3_q1,circular,0.08413951416451952,0.5266645073146218,4.041262776689283,7.673315214072497,3.0241640157378535,2.5373343423638075
ra0.05_q1,circular,0.08912509381337459,0.09321613653789168,0.3047530370144303,3.269316325833247,3.0241640157378535,1.0810644888371175
ra0.1_q0.05,strong,0.08912509381337459,0.022722295799471746,0.08864462158339757,3.901217657128573,3.0241640157378535,1.290015236219498
ra0.1_q0.2,moderate,0.08912509381337459,0.05904834373448224,0.11275511810825012,1.9095390484662305,3.0241640157378535,0.6314270782037361
ra0.1_q0.5,moderate,0.08912509381337459,0.12004288100267062,0.21828449101503097,1.818387639415075,3.0241640157378535,0.601286051269747
ra0.1_q1,circular,0.08912509381337459,0.10057591354703282,0.42355637068802837,4.211310200925578,3.0241640157378535,1.392553505368682
ra0.3_q1,circular,0.08912509381337459,0.12811686985124424,0.7125158483421788,5.561452205080228,3.0241640157378535,1.8390048212128178
ra10_q0.05,strong,0.08912509381337459,0.39278557910040607,0.5324046278381251,1.3554586934110147,3.0241640157378535,0.44820938492659823
ra10_q0.2,moderate,0.08912509381337459,1.089514921304841,3.6035672714995983,3.3074969429366243,3.0241640157378535,1.0936896695166984
ra10_q0.5,moderate,0.08912509381337459,1.8900420251251049,9.878102276934703,5.2263929296920555,3.0241640157378535,1.7282108055296364
ra10_q1,circular,0.08912509381337459,2.163501541473951,17.817357260869436,8.235426191899462,3.0241640157378535,2.7232075208361786
ra1_q0.05,strong,0.08912509381337459,0.10629262601304232,0.19974981798510874,1.8792443603811146,3.0241640157378535,0.6214095368509983
ra1_q0.2,moderate,0.08912509381337459,0.3130734740344148,0.414773418198251,1.324843695166128,3.0241640157378535,0.43808592664670165
ra1_q0.5,moderate,0.08912509381337459,0.42456014119683777,0.922800714754222,2.173545336010208,3.0241640157378535,0.7187260097994035
ra1_q1,circular,0.08912509381337459,0.22065261722088694,1.486028175473308,6.734695442047269,3.0241640157378535,2.226961040141898
ra3_q1,circular,0.08912509381337459,0.5420588086389823,4.101637750506219,7.56677630754629,3.0241640157378535,2.5021051332429476
ra0.05_q1,circular,0.09440608762859236,0.0954609565041734,0.308978134099954,3.2366963983484283,3.0241640157378535,1.0702780608143436
ra0.1_q0.05,strong,0.09440608762859236,0.023103562124794835,0.09146656624980418,3.9589811196967712,3.0241640157378535,1.309115874368618
ra0.1_q0.2,moderate,0.09440608762859236,0.05980103600793796,0.11462225221410624,1.9167268640444848,3.0241640157378535,0.6338038724321076
ra0.1_q0.5,moderate,0.09440608762859236,0.12316395734347593,0.22021348525053638,1.7879701984275453,3.0241640157378535,0.5912279192275575
ra0.1_q1,circular,0.09440608762859236,0.10333270711984394,0.429484774113344,4.156329453512073,3.0241640157378535,1.3743730273498367
ra0.3_q1,circular,0.09440608762859236,0.1318224108547319,0.7228197004841308,5.483283880164178,3.0241640157378535,1.8131569093570918
ra10_q0.05,strong,0.09440608762859236,0.3966496153071826,0.5344312649868456,1.3473636286599167,3.0241640157378535,0.4455325907087678
ra10_q0.2,moderate,0.09440608762859236,1.121374215421762,3.6788845971603,3.2806930519412987,3.0241640157378535,1.0848264296739394
ra10_q0.5,moderate,0.09440608762859236,1.94546110519126,10.001082829919335,5.140726177065421,3.0241640157378535,1.6998833893641037
ra10_q1,circular,0.09440608762859236,2.226742249045411,18.08045100786778,8.119687411337681,3.0241640157378535,2.6849361903265
ra1_q0.05,strong,0.09440608762859236,0.10737140173298793,0.20879530714751682,1.9446081896811842,3.0241640157378535,0.6430233874754729
ra1_q0.2,moderate,0.09440608762859236,0.31609045871653474,0.42021544926053045,1.3294151647815902,3.0241640157378535,0.4395975740281506
ra1_q0.5,moderate,0.09440608762859236,0.4363390356266436,0.9305467105678835,2.132623108614357,3.0241640157378535,0.7051942611300556
ra1_q1,circular,0.09440608762859236,0.2270841527623874,1.5078648030458643,6.6401146214004605,3.0241640157378535,2.1956860100328806
ra3_q1,circular,0.09440608762859236,0.557903082403053,4.162914704141052,7.461716623271109,3.0241640157378535,2.4673650583897166
ra0.05_q1,circular,0.1,0.09775983595916789,0.3132618079450631,3.204401939421273,3.0241640157378535,1.0595992554456224
ra0.1_q0.05,strong,0.1,0.023491225867531548,0.09437834571451006,4.017599858207285,3.0241640157378535,1.3284993265244733
ra0.1_q0.2,moderate,0.1,0.06056332288850185,0.11652030455966395,1.9239417357297235,3.0241640157378535,0.6361896133005567
ra0.1_q0.5,moderate,0.1,0.12636618066645772,0.22215952613348486,1.7580615712353667,3.0241640157378535,0.5813380365900638
ra0.1_q1,circular,0.1,0.10616506461780437,0.4354961557904475,4.102066507077817,3.0241640157378535,1.3564299045060129
ra0.3_q1,circular,0.1,0.13563512770590044,0.7332725589523424,5.406214240770338,3.0241640157378535,1.7876722997285244
ra10_q0.05,strong,0.1,0.4005516640495556,0.5364656166780734,1.3393169092207358,3.0241640157378535,0.4428717828301919
ra10_q0.2,moderate,0.1,1.1541651302092963,3.7557761128158846,3.2541063791580775,3.0241640157378535,1.0760350173547453
ra10_q0.5,moderate,0.1,2.0025051620539904,10.12559446812544,5.056463603689047,3.0241640157378535,1.672020293004955
ra10_q1,circular,0.1,2.2918554304992753,18.350951620369365,8.007028443487664,3.0241640157378535,2.647683261165338
ra1_q0.05,strong,0.1,0.10844535728916525,0.21620444171624698,1.9936717174507192,3.0241640157378535,0.6592472190911548
ra1_q0.2,moderate,0.1,0.3191365170740922,0.42572888244450685,1.3340024085857518,3.0241640157378535,0.44111443745893325
ra1_q0.5,moderate,0.1,0.4484447208701077,0.9383577263259231,2.0924713407379345,3.0241640157378535,0.6919172802297235
ra1_q1,circular,0.1,0.23370315333350125,1.5300223116835396,6.5468620763544125,3.0241640157378535,2.1648502006783747
ra3_q1,circular,0.1,0.5742104812139082,4.225107112839244,7.358115623224375,3.0241640157378535,2.4331073264983276
